request_id,created_at,insight_id,role,kpi,region,total_latency_ms,sql_latency_ms,analytics_latency_ms,retrieval_latency_ms,llm_latency_ms,model,model_calls,input_tokens,output_tokens,estimated_cost_usd,cache_hit,fallback_used,errors,ecs_band
req_test_999,2026-08-29T12:00:00Z,ins_test_123,ceo,revenue,North,45.2,0.0,32.1,5.0,0.0,deterministic_template,0,0,0,0.0,False,True,0,MEDIUM
req_dc0050f2c76b,2026-08-29T15:57:07.436545+00:00,ins_c68ed6ff590a,ceo,revenue,North,2277.16,0.0,2276.36,0.74,0.03,deterministic_template,0,0,0,0.0,False,True,0,MEDIUM
req_ca3abdd9ca6e,2026-08-29T15:57:09.333414+00:00,ins_dea9943bb87f,ceo,revenue,North,1876.13,0.0,1875.11,0.94,0.05,deterministic_template,0,0,0,0.0,False,True,0,MEDIUM
req_621b85812357,2026-08-29T15:57:11.360371+00:00,ins_0e92d811e69c,ceo,revenue,North,2019.35,0.0,2018.51,0.77,0.05,deterministic_template,0,0,0,0.0,False,True,0,MEDIUM
req_d79fc9f8fab0,2026-08-29T15:57:13.186257+00:00,ins_bd000a86161c,ceo,revenue,North,1817.6,0.0,1816.34,1.11,0.12,deterministic_template,0,0,0,0.0,False,True,0,MEDIUM
req_f2c18f905126,2026-08-29T15:57:15.056562+00:00,ins_e974a6bf1d6a,ceo,revenue,North,1859.73,0.0,1858.54,1.1,0.06,deterministic_template,0,0,0,0.0,False,True,0,MEDIUM
req_2f153ac47992,2026-08-29T15:57:23.886063+00:00,ins_ff6ff38c1e93,ceo,revenue,North,1623.01,0.0,1618.58,0.54,0.03,deterministic_template,0,0,0,0.0,False,True,0,MEDIUM
req_2ec29ac968b7,2026-08-29T15:57:25.696845+00:00,ins_241b981eb3f2,ceo,revenue,North,1801.4,0.0,1800.63,0.72,0.03,deterministic_template,0,0,0,0.0,False,True,0,MEDIUM
req_0a4cfca1e276,2026-08-29T16:44:05.759222+00:00,ins_74fcfdb0f508,ceo,revenue,North,3806.32,0.0,3801.19,0.62,0.03,deterministic_template,0,0,0,0.0,False,True,0,MEDIUM
req_589a19bcdbff,2026-08-29T16:44:10.994842+00:00,ins_2be7d42a8ff2,regional_manager,revenue,North,2255.08,0.0,2254.24,0.78,0.03,deterministic_template,0,0,0,0.0,False,True,0,MEDIUM
req_67ba575e430a,2026-08-29T16:44:16.150807+00:00,ins_530b9ea269d3,regional_manager,revenue,North,2610.25,0.0,2608.26,1.87,0.07,deterministic_template,0,0,0,0.0,False,True,0,MEDIUM
req_d0b3aaba218b,2026-08-29T16:44:23.875515+00:00,ins_f8133f7a1b81,regional_manager,orders,North,5570.5,0.0,5567.99,2.42,0.05,deterministic_template,0,0,0,0.0,False,True,0,HIGH
req_1092fb871f4e,2026-08-29T16:44:24.036122+00:00,ins_de8f650e9bdf,regional_manager,orders,North,4358.27,0.0,4357.45,0.77,0.02,deterministic_template,0,0,0,0.0,False,True,0,HIGH
req_36e7e9f90067,2026-08-29T16:45:09.240615+00:00,ins_fb2e8fb1cb8f,ceo,revenue,North,2554.66,0.0,2553.45,1.15,0.03,deterministic_template,0,0,0,0.0,False,True,0,MEDIUM
req_18498eebde52,2026-08-29T16:45:12.394022+00:00,ins_bb78666f3b55,regional_manager,revenue,North,1593.58,0.0,1589.4,0.46,0.02,deterministic_template,0,0,0,0.0,False,True,0,MEDIUM
req_ec0f76cb4d5f,2026-08-29T16:45:39.573527+00:00,ins_44e37257aca3,analyst,revenue,East,2431.52,0.0,2429.63,1.76,0.08,deterministic_template,0,0,0,0.0,False,True,0,HIGH
req_2b5bb4433381,2026-08-29T16:45:43.477809+00:00,ins_2dd99b155bcf,analyst,revenue,East,2706.99,0.0,2705.23,1.65,0.07,deterministic_template,0,0,0,0.0,False,True,0,HIGH
req_0d0e24377ce7,2026-08-29T16:49:38.627639+00:00,ins_57ed0ab5b61c,analyst,revenue,East,2737.02,0.0,2734.88,1.99,0.1,deterministic_template,0,0,0,0.0,False,True,0,HIGH
req_b8ae87d7abb9,2026-08-29T16:50:42.875507+00:00,ins_2f856fdaf7a5,ceo,revenue,North,1575.6,0.0,1571.07,0.58,0.04,deterministic_template,0,0,0,0.0,False,True,0,MEDIUM
req_3733594296b1,2026-08-29T16:50:45.387354+00:00,ins_a5def24a35e4,ceo,orders,North,2502.3,0.0,2500.43,1.71,0.09,deterministic_template,0,0,0,0.0,False,True,0,HIGH
req_bda2c3a8ac7e,2026-08-29T16:50:47.788928+00:00,ins_34f786207f73,ceo,conversion_rate,North,2388.3,0.0,2387.03,1.2,0.04,deterministic_template,0,0,0,0.0,False,True,0,HIGH
req_3aa7da887073,2026-08-29T16:50:50.181328+00:00,ins_9e94633e14bf,ceo,aov,North,2384.19,0.0,2382.23,1.84,0.07,deterministic_template,0,0,0,0.0,False,True,0,MEDIUM
req_e6e6e9c1ebbe,2026-08-29T16:50:52.246169+00:00,ins_574c2a06b54a,ceo,gross_margin,North,2055.1,0.0,2053.36,1.65,0.05,deterministic_template,0,0,0,0.0,False,True,0,MEDIUM
req_test_999,2026-08-29T12:00:00Z,ins_test_123,ceo,revenue,North,45.2,0.0,32.1,5.0,0.0,deterministic_template,0,0,0,0.0,False,True,0,MEDIUM
req_d874a1fd8966,2026-08-29T16:51:49.630416+00:00,ins_40c55433b011,ceo,revenue,North,1946.54,0.0,1945.27,1.19,0.05,deterministic_template,0,0,0,0.0,False,True,0,MEDIUM
req_e414ee7f46e1,2026-08-29T16:51:51.753581+00:00,ins_27ec7aff9cb2,ceo,revenue,North,2100.28,0.0,2099.09,1.09,0.06,deterministic_template,0,0,0,0.0,False,True,0,MEDIUM
req_5e12105be4f1,2026-08-29T16:51:54.059023+00:00,ins_2fae59541fde,ceo,revenue,North,2296.93,0.0,2296.11,0.75,0.05,deterministic_template,0,0,0,0.0,False,True,0,MEDIUM
req_558cd235aed4,2026-08-29T16:51:56.499860+00:00,ins_d31d7fc0abbb,ceo,revenue,North,2431.55,0.0,2429.79,1.69,0.03,deterministic_template,0,0,0,0.0,False,True,0,MEDIUM
req_be4cc9768a52,2026-08-29T16:51:58.889544+00:00,ins_9337919379c3,ceo,revenue,North,2380.15,0.0,2378.39,1.64,0.08,deterministic_template,0,0,0,0.0,False,True,0,MEDIUM
req_de07de85fb81,2026-08-29T16:52:57.334538+00:00,ins_9dad6b05eef3,ceo,revenue,North,3279.47,0.0,3274.78,0.66,0.05,deterministic_template,0,0,0,0.0,False,True,0,MEDIUM
req_ee0146e756f1,2026-08-29T16:53:01.800162+00:00,ins_bbd505820b40,ceo,revenue,North,2423.13,0.0,2421.13,1.85,0.1,deterministic_template,0,0,0,0.0,False,True,0,MEDIUM
req_a5bbb604b857,2026-08-29T16:53:06.137306+00:00,ins_20f5e02a6bd1,ceo,orders,North,2298.52,0.0,2296.72,1.68,0.07,deterministic_template,0,0,0,0.0,False,True,0,HIGH
req_ddd282cb39d8,2026-08-29T16:53:12.787418+00:00,ins_d8968c2f125a,ceo,revenue,North,4882.2,0.0,4784.99,97.13,0.05,deterministic_template,0,0,0,0.0,False,True,0,MEDIUM
req_d74a91ce91f8,2026-08-29T16:53:14.975364+00:00,ins_70fb65a320b0,ceo,conversion_rate,North,6602.77,0.0,6569.35,33.31,0.06,deterministic_template,0,0,0,0.0,False,True,0,HIGH
req_4453b3903e0f,2026-08-29T16:53:15.825245+00:00,ins_2a9322a9839b,ceo,revenue,North,5075.34,0.0,5066.6,8.65,0.05,deterministic_template,0,0,0,0.0,False,True,0,MEDIUM
req_a7400d436e3c,2026-08-29T16:53:22.429144+00:00,ins_2c6e84e0409f,ceo,orders,North,8279.15,0.0,8237.1,41.99,0.03,deterministic_template,0,0,0,0.0,False,True,0,HIGH
req_5eba9d1dcac8,2026-08-29T16:53:24.585339+00:00,ins_2600e2cb23fa,ceo,revenue,North,9462.12,0.0,9274.38,187.6,0.1,deterministic_template,0,0,0,0.0,False,True,0,MEDIUM
req_b508beebd370,2026-08-29T16:53:27.925503+00:00,ins_27358cb966bc,ceo,orders,North,10433.35,0.0,10420.93,12.37,0.03,deterministic_template,0,0,0,0.0,False,True,0,HIGH
req_af4e7bf78ccd,2026-08-29T16:53:27.931335+00:00,ins_262577137ace,ceo,aov,North,10436.7,0.0,10430.99,5.67,0.02,deterministic_template,0,0,0,0.0,False,True,0,MEDIUM
req_0c2f0002c9f9,2026-08-29T16:53:29.302783+00:00,ins_1ea0b1fa84ec,ceo,revenue,North,11179.4,0.0,11118.36,60.98,0.03,deterministic_template,0,0,0,0.0,False,True,0,MEDIUM
req_8f52493cb21d,2026-08-29T16:53:35.439166+00:00,ins_5253c2e3e708,ceo,revenue,North,10636.95,0.0,10631.71,5.19,0.03,deterministic_template,0,0,0,0.0,False,True,0,MEDIUM
req_430f01f1a0ad,2026-08-29T16:53:36.223814+00:00,ins_6a78a68845fc,ceo,orders,North,9547.5,0.0,9440.5,106.95,0.04,deterministic_template,0,0,0,0.0,False,True,0,HIGH
req_11d2c941ba8c,2026-08-29T16:53:37.444241+00:00,ins_4b09abce18a1,ceo,gross_margin,North,8139.16,0.0,8134.8,4.32,0.02,deterministic_template,0,0,0,0.0,False,True,0,MEDIUM
req_bee2772a87d4,2026-08-29T16:53:37.542969+00:00,ins_e5f586476d13,ceo,orders,North,7390.77,0.0,7377.95,12.78,0.02,deterministic_template,0,0,0,0.0,False,True,0,HIGH
req_959e19db73b8,2026-08-29T16:53:37.702234+00:00,ins_5b1fd87194da,ceo,revenue,North,7549.67,0.0,7478.21,71.4,0.04,deterministic_template,0,0,0,0.0,False,True,0,MEDIUM
req_b55c632d11f3,2026-08-29T16:53:38.308195+00:00,ins_8cdf4e4763b1,ceo,orders,North,1493.95,0.0,1493.07,0.85,0.02,deterministic_template,0,0,0,0.0,False,True,0,HIGH
req_740b12430b09,2026-08-29T16:53:39.478167+00:00,ins_9dc47b02b218,ceo,conversion_rate,North,1155.88,0.0,1155.3,0.55,0.02,deterministic_template,0,0,0,0.0,False,True,0,HIGH
req_12232b516366,2026-08-29T16:53:42.831490+00:00,ins_143967b87769,ceo,conversion_rate,North,3158.86,0.0,3156.55,2.27,0.02,deterministic_template,0,0,0,0.0,False,True,0,HIGH
req_ecd014e74aef,2026-08-29T16:53:44.886206+00:00,ins_5e9e65c14289,ceo,orders,North,5109.96,0.0,4978.19,131.71,0.03,deterministic_template,0,0,0,0.0,False,True,0,HIGH
req_3c0b6e9d48c4,2026-08-29T16:53:44.901907+00:00,ins_5eb1292aef23,ceo,conversion_rate,North,4565.49,0.0,4553.57,11.87,0.03,deterministic_template,0,0,0,0.0,False,True,0,HIGH
req_a92bcb55f857,2026-08-29T16:53:46.170147+00:00,ins_70bc954e3e3d,ceo,aov,North,4540.13,0.0,4391.3,148.78,0.03,deterministic_template,0,0,0,0.0,False,True,0,MEDIUM
req_293be7a50dd8,2026-08-29T16:53:48.782432+00:00,ins_c4217d133baf,ceo,aov,North,3745.63,0.0,3737.28,8.29,0.03,deterministic_template,0,0,0,0.0,False,True,0,MEDIUM
req_7ae91a11ce1a,2026-08-29T16:53:51.917600+00:00,ins_def5a21a3612,ceo,aov,North,4762.25,0.0,4744.19,17.96,0.05,deterministic_template,0,0,0,0.0,False,True,0,MEDIUM
req_d9777009ecf0,2026-08-29T16:53:52.056110+00:00,ins_bb1bc43f724b,ceo,conversion_rate,North,5051.17,0.0,4935.64,115.45,0.05,deterministic_template,0,0,0,0.0,False,True,0,HIGH
req_381cc9d6d36f,2026-08-29T16:53:53.367262+00:00,ins_c62c8bf81111,ceo,gross_margin,North,4801.49,0.0,4726.78,74.62,0.04,deterministic_template,0,0,0,0.0,False,True,0,MEDIUM
req_3a08bf77f095,2026-08-29T16:53:53.823045+00:00,ins_66d0df277411,ceo,gross_margin,North,2803.66,0.0,2802.86,0.75,0.03,deterministic_template,0,0,0,0.0,False,True,0,MEDIUM
req_d582e1cbc5f4,2026-08-29T16:53:57.622267+00:00,ins_326cfe7fb4a7,ceo,gross_margin,North,3595.0,0.0,3594.36,0.6,0.02,deterministic_template,0,0,0,0.0,False,True,0,MEDIUM
req_23a1240b7561,2026-08-29T16:53:57.684190+00:00,ins_7a9021107c00,ceo,aov,North,3388.71,0.0,3388.06,0.61,0.02,deterministic_template,0,0,0,0.0,False,True,0,MEDIUM
req_a8c35eb4eb3b,2026-08-29T16:54:00.917433+00:00,ins_c50ccc385bdd,ceo,gross_margin,North,1169.6,0.0,1168.98,0.59,0.02,deterministic_template,0,0,0,0.0,False,True,0,MEDIUM
req_9a38348edf06,2026-08-29T16:55:26.418607+00:00,ins_2299e2048ff0,ceo,orders,North,2341.06,0.0,2339.24,1.73,0.05,deterministic_template,0,0,0,0.0,False,True,0,HIGH
req_58a17bfa4f2a,2026-08-29T16:55:30.043952+00:00,ins_c047cd11efd6,ceo,revenue,North,1567.82,0.0,1562.33,0.94,0.03,deterministic_template,0,0,0,0.0,False,True,0,MEDIUM
req_6ebe1732e583,2026-08-29T16:55:33.225181+00:00,ins_9fd2eebd22f9,ceo,orders,North,1146.51,0.0,1145.76,0.7,0.03,deterministic_template,0,0,0,0.0,False,True,0,HIGH
req_e1e0f22f6bfb,2026-08-29T16:55:36.350854+00:00,ins_9b42962009d7,ceo,conversion_rate,North,1072.0,0.0,1071.33,0.63,0.02,deterministic_template,0,0,0,0.0,False,True,0,HIGH
req_b934d8427325,2026-08-29T16:55:40.587494+00:00,ins_cb9da0edf62b,ceo,aov,North,2181.76,0.0,2179.96,1.69,0.07,deterministic_template,0,0,0,0.0,False,True,0,MEDIUM
req_15824fc909a2,2026-08-29T16:55:45.127682+00:00,ins_201b89e2962f,ceo,gross_margin,North,2501.05,0.0,2499.3,1.63,0.07,deterministic_template,0,0,0,0.0,False,True,0,MEDIUM
req_0ebdc8ca80a0,2026-08-29T16:55:59.278686+00:00,ins_09c2d23baba1,ceo,orders,North,2319.8,0.0,2318.88,0.86,0.03,deterministic_template,0,0,0,0.0,False,True,0,HIGH
req_414778e3f134,2026-08-29T16:56:03.903235+00:00,ins_0335294f703f,ceo,revenue,North,2561.71,0.0,2559.19,2.37,0.1,deterministic_template,0,0,0,0.0,False,True,0,MEDIUM
req_c7dc84237c7f,2026-08-29T16:56:07.937318+00:00,ins_b1e4d0616364,ceo,orders,North,1985.58,0.0,1984.52,0.96,0.07,deterministic_template,0,0,0,0.0,False,True,0,HIGH
req_af280271d29b,2026-08-29T16:56:12.388419+00:00,ins_cd20b61b0482,ceo,conversion_rate,North,2412.72,0.0,2411.67,0.99,0.03,deterministic_template,0,0,0,0.0,False,True,0,HIGH
req_5f92b33904b9,2026-08-29T16:56:16.067655+00:00,ins_8c34e9f1476d,ceo,aov,North,1637.55,0.0,1636.94,0.57,0.02,deterministic_template,0,0,0,0.0,False,True,0,MEDIUM
req_1b0f929aa218,2026-08-29T16:56:19.231475+00:00,ins_c07270dba1a8,ceo,gross_margin,North,1107.84,0.0,1107.22,0.59,0.02,deterministic_template,0,0,0,0.0,False,True,0,MEDIUM
req_eb080847b69f,2026-08-29T16:58:13.777637+00:00,ins_6a3cbfc48a06,ceo,orders,North,2652.82,0.0,2650.94,1.76,0.06,deterministic_template,0,0,0,0.0,False,True,0,HIGH
req_45c9592b5e55,2026-08-29T16:58:18.353019+00:00,ins_57f12d95c379,ceo,revenue,North,2520.97,0.0,2519.94,0.96,0.04,deterministic_template,0,0,0,0.0,False,True,0,MEDIUM
req_57a3c863fe51,2026-08-29T16:58:22.915199+00:00,ins_7080471ff92f,ceo,orders,North,2509.31,0.0,2507.26,1.94,0.06,deterministic_template,0,0,0,0.0,False,True,0,HIGH
req_c667ebf59fd7,2026-08-29T16:58:27.661038+00:00,ins_3606854dc400,ceo,conversion_rate,North,2687.99,0.0,2686.27,1.63,0.05,deterministic_template,0,0,0,0.0,False,True,0,HIGH
req_702bc856dc83,2026-08-29T16:58:32.144054+00:00,ins_8d13b99e587d,ceo,aov,North,2417.7,0.0,2415.83,1.75,0.06,deterministic_template,0,0,0,0.0,False,True,0,MEDIUM
req_b653e3dd7b07,2026-08-29T16:58:36.644298+00:00,ins_b10f5e9c1062,ceo,gross_margin,North,2447.07,0.0,2446.2,0.83,0.02,deterministic_template,0,0,0,0.0,False,True,0,MEDIUM
req_3e63a25a852b,2026-08-29T16:58:45.532579+00:00,ins_95f937166cf3,ceo,orders,North,2476.4,0.0,2474.63,1.65,0.06,deterministic_template,0,0,0,0.0,False,True,0,HIGH
req_3a6a03400977,2026-08-29T16:58:50.151657+00:00,ins_6752753df7ce,ceo,orders,North,2763.79,0.0,2761.81,1.87,0.07,deterministic_template,0,0,0,0.0,False,True,0,HIGH
req_736b59664051,2026-08-29T16:58:53.303347+00:00,ins_430f21e2f51d,ceo,revenue,North,1108.55,0.0,1107.84,0.67,0.03,deterministic_template,0,0,0,0.0,False,True,0,MEDIUM
req_447bbb3d8dab,2026-08-29T16:58:56.811403+00:00,ins_91a93e317fe6,ceo,orders,North,1467.79,0.0,1466.15,1.56,0.03,deterministic_template,0,0,0,0.0,False,True,0,HIGH
req_1beead4e6710,2026-08-29T16:59:01.207588+00:00,ins_9b4845b08f34,ceo,conversion_rate,North,2350.8,0.0,2349.7,0.99,0.08,deterministic_template,0,0,0,0.0,False,True,0,HIGH
req_2d5c93cdcf42,2026-08-29T16:59:04.481631+00:00,ins_7c202d9b3b8b,ceo,aov,North,1220.23,0.0,1219.51,0.68,0.02,deterministic_template,0,0,0,0.0,False,True,0,MEDIUM
req_8b1b50ac261b,2026-08-29T16:59:07.831613+00:00,ins_c2676704afbf,ceo,gross_margin,North,1292.18,0.0,1291.29,0.82,0.03,deterministic_template,0,0,0,0.0,False,True,0,MEDIUM
req_2ac0df0919d9,2026-08-29T16:59:15.235223+00:00,ins_4db61e952c4e,ceo,orders,North,1132.08,0.0,1131.41,0.63,0.02,deterministic_template,0,0,0,0.0,False,True,0,HIGH
req_21da77fe8368,2026-08-29T17:01:00.338413+00:00,ins_472100c12ac3,ceo,orders,North,2563.33,0.0,2562.5,0.79,0.03,deterministic_template,0,0,0,0.0,False,True,0,HIGH
req_ca0a6037fb1c,2026-08-29T17:01:03.487254+00:00,ins_4cc260616be1,ceo,revenue,North,1104.36,0.0,1103.63,0.68,0.03,deterministic_template,0,0,0,0.0,False,True,0,MEDIUM
req_69e5b4860880,2026-08-29T17:01:06.633265+00:00,ins_c2edc965f86e,ceo,orders,North,1088.45,0.0,1087.8,0.6,0.03,deterministic_template,0,0,0,0.0,False,True,0,HIGH
req_fb3f84add92b,2026-08-29T17:01:09.803087+00:00,ins_96ac213ed3fb,ceo,conversion_rate,North,1099.86,0.0,1099.25,0.58,0.02,deterministic_template,0,0,0,0.0,False,True,0,HIGH
req_8d8885125b18,2026-08-29T17:01:12.946069+00:00,ins_0222f5c63904,ceo,aov,North,1106.14,0.0,1105.49,0.62,0.02,deterministic_template,0,0,0,0.0,False,True,0,MEDIUM
req_96e5c17e1042,2026-08-29T17:01:16.137986+00:00,ins_dcb53d1cc96c,ceo,gross_margin,North,1109.18,0.0,1108.58,0.56,0.02,deterministic_template,0,0,0,0.0,False,True,0,MEDIUM
req_e955b878616a,2026-08-29T17:01:23.534740+00:00,ins_04f77a5e54c9,ceo,orders,North,1089.52,0.0,1088.89,0.6,0.02,deterministic_template,0,0,0,0.0,False,True,0,HIGH
req_3fb6c06375f8,2026-08-29T17:09:14.772658+00:00,ins_9f118b2f13ae,ceo,orders,North,5676.63,0.0,5674.42,2.11,0.04,deterministic_template,0,0,0,0.0,False,True,0,HIGH
req_9ef8be0606b6,2026-08-29T17:09:14.846574+00:00,ins_b853c31bbcad,ceo,orders,North,5482.36,0.0,5480.48,1.78,0.05,deterministic_template,0,0,0,0.0,False,True,0,HIGH
req_73c63bef7026,2026-08-29T17:09:20.931487+00:00,ins_219efe6bbe99,ceo,revenue,North,4101.9,0.0,4100.57,1.25,0.05,deterministic_template,0,0,0,0.0,False,True,0,MEDIUM
req_1bd64af98b01,2026-08-29T17:09:20.975040+00:00,ins_6b2a2211e919,ceo,revenue,North,3902.48,0.0,3901.59,0.83,0.04,deterministic_template,0,0,0,0.0,False,True,0,MEDIUM
req_24c618af3b92,2026-08-29T17:09:25.688330+00:00,ins_4a5264a4bc16,ceo,orders,North,2705.93,0.0,2705.04,0.85,0.02,deterministic_template,0,0,0,0.0,False,True,0,HIGH
req_ccdf35a29933,2026-08-29T17:09:25.724655+00:00,ins_a9ecc9dedec9,ceo,orders,North,2693.77,0.0,2693.1,0.63,0.02,deterministic_template,0,0,0,0.0,False,True,0,HIGH
req_6e1de317fd97,2026-08-29T17:09:30.428796+00:00,ins_e9cb77561b38,ceo,conversion_rate,North,2704.79,0.0,2704.09,0.65,0.03,deterministic_template,0,0,0,0.0,False,True,0,HIGH
req_3586be4c1366,2026-08-29T17:09:30.485242+00:00,ins_bc144b2c6542,ceo,conversion_rate,North,2617.15,0.0,2616.55,0.57,0.02,deterministic_template,0,0,0,0.0,False,True,0,HIGH
req_62d5985effed,2026-08-29T17:09:35.287463+00:00,ins_1bad1045dd63,ceo,aov,North,2793.48,0.0,2792.36,1.08,0.02,deterministic_template,0,0,0,0.0,False,True,0,MEDIUM
req_d512fea8a74c,2026-08-29T17:09:35.331672+00:00,ins_0b16c4301af7,ceo,aov,North,2723.15,0.0,2722.19,0.91,0.03,deterministic_template,0,0,0,0.0,False,True,0,MEDIUM
req_41f82a941da0,2026-08-29T17:09:40.148745+00:00,ins_410d9c65da50,ceo,gross_margin,North,2803.99,0.0,2803.01,0.94,0.02,deterministic_template,0,0,0,0.0,False,True,0,MEDIUM
req_0b1375520c27,2026-08-29T17:09:40.190686+00:00,ins_f4565e1fa58b,ceo,gross_margin,North,2739.28,0.0,2738.59,0.65,0.02,deterministic_template,0,0,0,0.0,False,True,0,MEDIUM
req_7ccec58ac127,2026-08-29T17:10:59.981914+00:00,ins_dfe26d4d2931,ceo,orders,North,2785.13,0.0,2784.18,0.9,0.03,deterministic_template,0,0,0,0.0,False,True,0,HIGH
req_c9da908e5071,2026-08-29T17:11:04.725323+00:00,ins_c25e73b5813a,ceo,revenue,North,2616.38,0.0,2609.36,0.87,0.05,deterministic_template,0,0,0,0.0,False,True,0,MEDIUM
req_48e82c01067c,2026-08-29T17:11:08.388352+00:00,ins_b60314799302,ceo,orders,North,1607.94,0.0,1607.11,0.78,0.03,deterministic_template,0,0,0,0.0,False,True,0,HIGH
req_4f7da8731350,2026-08-29T17:11:13.483912+00:00,ins_f5df55c5b1eb,ceo,conversion_rate,North,3043.35,0.0,3041.44,1.79,0.08,deterministic_template,0,0,0,0.0,False,True,0,HIGH
req_dd8cea08697f,2026-08-29T17:11:17.918335+00:00,ins_98b31743567f,ceo,aov,North,2360.07,0.0,2358.46,1.51,0.06,deterministic_template,0,0,0,0.0,False,True,0,MEDIUM
req_a67fa82ca622,2026-08-29T17:11:22.112696+00:00,ins_8bf07a0c9bf8,ceo,gross_margin,North,2123.05,0.0,2122.03,0.94,0.05,deterministic_template,0,0,0,0.0,False,True,0,MEDIUM
req_test_999,2026-08-29T12:00:00Z,ins_test_123,ceo,revenue,North,45.2,0.0,32.1,5.0,0.0,deterministic_template,0,0,0,0.0,False,True,0,MEDIUM
req_6e3747cea120,2026-08-29T17:11:27.118603+00:00,ins_ba8859b62a47,ceo,revenue,North,1185.14,0.0,1184.4,0.69,0.03,deterministic_template,0,0,0,0.0,False,True,0,MEDIUM
req_44a9250a822c,2026-08-29T17:11:28.317438+00:00,ins_681afec71374,ceo,revenue,North,1186.52,0.0,1185.88,0.59,0.03,deterministic_template,0,0,0,0.0,False,True,0,MEDIUM
req_94cc6bd17f45,2026-08-29T17:11:29.733977+00:00,ins_936666b1983b,ceo,revenue,North,1410.04,0.0,1408.61,1.33,0.06,deterministic_template,0,0,0,0.0,False,True,0,MEDIUM
req_e5c079fd2f0f,2026-08-29T17:11:31.786303+00:00,ins_9f8069b5a3e2,ceo,revenue,North,2044.84,0.0,2042.3,2.36,0.11,deterministic_template,0,0,0,0.0,False,True,0,MEDIUM
req_53d9ce69a1d9,2026-08-29T17:11:34.136051+00:00,ins_485a5a7b1e00,ceo,revenue,North,2341.54,0.0,2340.27,1.18,0.05,deterministic_template,0,0,0,0.0,False,True,0,MEDIUM
req_be33f0b3ec5b,2026-08-29T17:11:59.030294+00:00,ins_89a6cdd4bc4d,ceo,revenue,North,2274.76,0.0,2273.97,0.72,0.04,deterministic_template,0,0,0,0.0,False,True,0,MEDIUM
req_0ae030d90667,2026-08-29T17:12:05.287503+00:00,ins_119202e54419,ceo,revenue,North,5074.83,0.0,5057.05,17.68,0.05,deterministic_template,0,0,0,0.0,False,True,0,MEDIUM
req_199395d22bd5,2026-08-29T17:12:06.484674+00:00,ins_42ef6ed38e03,ceo,revenue,North,5273.28,0.0,5253.6,19.61,0.04,deterministic_template,0,0,0,0.0,False,True,0,MEDIUM
req_28dedea2815b,2026-08-29T17:12:08.359815+00:00,ins_04b494d3659c,ceo,revenue,North,3113.95,0.0,3107.68,6.22,0.03,deterministic_template,0,0,0,0.0,False,True,0,MEDIUM
req_3407e9fb5c33,2026-08-29T17:12:14.017430+00:00,ins_431846ce4eb0,ceo,revenue,North,6559.52,0.0,6542.21,17.27,0.02,deterministic_template,0,0,0,0.0,False,True,0,MEDIUM
req_7ffd0f27f705,2026-08-29T17:12:14.017430+00:00,ins_e65d91fff65e,ceo,revenue,North,6492.19,0.0,6480.16,11.98,0.03,deterministic_template,0,0,0,0.0,False,True,0,MEDIUM
req_3386eda3b3cc,2026-08-29T17:12:15.553882+00:00,ins_98e19dc4827f,ceo,orders,North,6684.57,0.0,6682.76,1.71,0.06,deterministic_template,0,0,0,0.0,False,True,0,HIGH
req_df9c4dd37dc2,2026-08-29T17:12:15.616896+00:00,ins_c368ca734ba2,ceo,revenue,North,5052.72,0.0,5051.88,0.79,0.03,deterministic_template,0,0,0,0.0,False,True,0,MEDIUM
req_8ff415d01f2a,2026-08-29T17:12:23.544989+00:00,ins_c2527ee0e7d2,ceo,revenue,North,7368.41,0.0,7288.75,79.56,0.05,deterministic_template,0,0,0,0.0,False,True,0,MEDIUM
req_53aae706143d,2026-08-29T17:12:24.262154+00:00,ins_90a1fde27abe,ceo,orders,North,8048.85,0.0,7918.59,130.2,0.04,deterministic_template,0,0,0,0.0,False,True,0,HIGH
req_0a5f63aec0fe,2026-08-29T17:12:26.532571+00:00,ins_b045934d3a31,ceo,orders,North,8776.73,0.0,8758.23,18.44,0.03,deterministic_template,0,0,0,0.0,False,True,0,HIGH
req_8d78233f7b99,2026-08-29T17:12:26.537099+00:00,ins_9a52843b3f59,ceo,conversion_rate,North,8908.24,0.0,8902.56,5.62,0.03,deterministic_template,0,0,0,0.0,False,True,0,HIGH
req_accb0c734e3c,2026-08-29T17:12:29.187379+00:00,ins_5977c38f214e,ceo,orders,North,6976.51,0.0,6965.33,11.13,0.03,deterministic_template,0,0,0,0.0,False,True,0,HIGH
req_5f3ecd07943e,2026-08-29T17:12:31.026807+00:00,ins_07b1e48a04a4,ceo,orders,North,5343.58,0.0,5200.0,143.53,0.03,deterministic_template,0,0,0,0.0,False,True,0,HIGH
req_6e6d2fbaa72b,2026-08-29T17:12:32.390742+00:00,ins_e5015ec4d2d9,ceo,conversion_rate,North,5855.36,0.0,5823.95,31.37,0.02,deterministic_template,0,0,0,0.0,False,True,0,HIGH
req_dbc2cc460d20,2026-08-29T17:12:33.917328+00:00,ins_ee24ede3247a,ceo,aov,North,5116.69,0.0,5112.21,4.42,0.03,deterministic_template,0,0,0,0.0,False,True,0,MEDIUM
req_0c431ffa49df,2026-08-29T17:12:34.389857+00:00,ins_1d7c4d6cf7c5,ceo,conversion_rate,North,5587.2,0.0,5579.12,7.99,0.05,deterministic_template,0,0,0,0.0,False,True,0,HIGH
req_847639389ef9,2026-08-29T17:12:36.604643+00:00,ins_30b91962d59f,ceo,revenue,North,5244.52,0.0,5237.67,6.8,0.03,deterministic_template,0,0,0,0.0,False,True,0,MEDIUM
req_7d40d63a463a,2026-08-29T17:12:38.102835+00:00,ins_bec329022e31,ceo,conversion_rate,North,5009.75,0.0,5004.58,5.13,0.02,deterministic_template,0,0,0,0.0,False,True,0,HIGH
req_f75d3fc67420,2026-08-29T17:12:39.076929+00:00,ins_10f075aac986,ceo,aov,North,4534.66,0.0,4488.83,45.77,0.03,deterministic_template,0,0,0,0.0,False,True,0,MEDIUM
req_b91e5c954bbe,2026-08-29T17:12:39.860675+00:00,ins_bd9e738c6542,ceo,gross_margin,North,3862.03,0.0,3791.05,70.94,0.02,deterministic_template,0,0,0,0.0,False,True,0,MEDIUM
req_3b5c5f03c47e,2026-08-29T17:12:40.449747+00:00,ins_a50a07da8cdf,ceo,aov,North,3893.41,0.0,3874.75,18.62,0.02,deterministic_template,0,0,0,0.0,False,True,0,MEDIUM
req_99d639d93614,2026-08-29T17:12:41.281439+00:00,ins_0f1a18a6b576,ceo,orders,North,2506.66,0.0,2431.84,74.78,0.03,deterministic_template,0,0,0,0.0,False,True,0,HIGH
req_336c965d3eee,2026-08-29T17:12:42.601446+00:00,ins_f2177ffa78e5,ceo,aov,North,2381.84,0.0,2370.32,11.45,0.05,deterministic_template,0,0,0,0.0,False,True,0,MEDIUM
req_abbfd74657f9,2026-08-29T17:12:44.079173+00:00,ins_3ef154d69a93,ceo,gross_margin,North,2871.43,0.0,2849.05,22.26,0.09,deterministic_template,0,0,0,0.0,False,True,0,MEDIUM
req_7fe26844721c,2026-08-29T17:12:47.661747+00:00,ins_1c1c741b8779,ceo,gross_margin,North,5081.52,0.0,5078.02,3.44,0.03,deterministic_template,0,0,0,0.0,False,True,0,MEDIUM
req_79fb748a2fe1,2026-08-29T17:12:48.976975+00:00,ins_40da157b8d42,ceo,conversion_rate,North,5549.25,0.0,5547.59,1.58,0.05,deterministic_template,0,0,0,0.0,False,True,0,HIGH
req_1d1eba87dbed,2026-08-29T17:12:49.033965+00:00,ins_93b958f97203,ceo,gross_margin,North,4275.57,0.0,4274.71,0.8,0.03,deterministic_template,0,0,0,0.0,False,True,0,MEDIUM
req_7b0f7f286c40,2026-08-29T17:12:53.607094+00:00,ins_0c824324dcad,ceo,aov,North,2581.87,0.0,2580.53,1.26,0.05,deterministic_template,0,0,0,0.0,False,True,0,MEDIUM
req_4846d29a42d3,2026-08-29T17:12:57.909297+00:00,ins_eaf905fef935,ceo,gross_margin,North,2251.3,0.0,2249.66,1.54,0.05,deterministic_template,0,0,0,0.0,False,True,0,MEDIUM
req_d04d9f8e308c,2026-08-30T09:16:06.233253+00:00,ins_44bb8151de0b,ceo,revenue,North,45913.82,0.0,45748.47,53.71,0.09,deterministic_template,0,0,0,0.0,False,True,0,MEDIUM
req_473285ef670d,2026-08-30T09:16:06.800344+00:00,ins_c5bc47a58411,regional_manager,revenue,North,85922.86,0.0,85919.66,3.03,0.1,deterministic_template,0,0,0,0.0,False,True,0,MEDIUM
req_50677b77db86,2026-08-30T09:16:22.453471+00:00,ins_932fb78adc70,regional_manager,revenue,North,5747.32,0.0,5742.51,4.63,0.1,deterministic_template,0,0,0,0.0,False,True,0,MEDIUM
req_c30738440f63,2026-08-30T09:16:34.587059+00:00,ins_7c44772f40cc,regional_manager,revenue,North,10065.25,0.0,10058.44,6.54,0.17,deterministic_template,0,0,0,0.0,False,True,0,MEDIUM
req_cbb80fc47722,2026-08-30T09:16:42.983074+00:00,ins_59960de3358b,regional_manager,orders,North,6397.42,0.0,6394.84,2.41,0.1,deterministic_template,0,0,0,0.0,False,True,0,HIGH
req_d7b812bec855,2026-08-30T09:16:50.111890+00:00,ins_b8ecdf6b945c,regional_manager,conversion_rate,North,5091.46,0.0,5089.95,1.43,0.04,deterministic_template,0,0,0,0.0,False,True,0,HIGH
req_188e42a6f0ab,2026-08-30T09:16:59.543723+00:00,ins_5e864f12c07b,regional_manager,aov,North,7387.49,0.0,7384.23,3.09,0.09,deterministic_template,0,0,0,0.0,False,True,0,MEDIUM
req_37590a943bc4,2026-08-30T09:17:11.077779+00:00,ins_7698917f4c00,regional_manager,gross_margin,North,9460.58,0.0,9459.2,1.3,0.04,deterministic_template,0,0,0,0.0,False,True,0,MEDIUM
req_cbaea2a74fa2,2026-08-30T09:17:11.136019+00:00,ins_88ce18d27e35,analyst,revenue,North,9636.17,0.0,9635.06,1.04,0.04,deterministic_template,0,0,0,0.0,False,True,0,MEDIUM
req_56a9a73e5fa2,2026-08-30T09:17:14.791484+00:00,ins_89fe83d761ca,analyst,revenue,North,1594.16,0.0,1593.39,0.73,0.02,deterministic_template,0,0,0,0.0,False,True,0,MEDIUM
req_1dfa8fe122d3,2026-08-30T09:17:21.285496+00:00,ins_1437562d9a2c,analyst,orders,North,4430.77,0.0,4427.93,2.76,0.03,deterministic_template,0,0,0,0.0,False,True,0,HIGH
req_348cd805e091,2026-08-30T09:17:31.974433+00:00,ins_55617c328960,analyst,revenue,North,10406.07,0.0,10310.06,95.89,0.06,deterministic_template,0,0,0,0.0,False,True,0,MEDIUM
req_0d66d1daabc2,2026-08-30T09:17:35.344283+00:00,ins_efce69a0fc82,analyst,conversion_rate,North,11865.57,0.0,11855.35,10.13,0.05,deterministic_template,0,0,0,0.0,False,True,0,HIGH
req_29d8d7b5fb54,2026-08-30T09:17:35.378851+00:00,ins_e17e3e879b1b,analyst,orders,North,11712.7,0.0,11697.19,15.41,0.05,deterministic_template,0,0,0,0.0,False,True,0,HIGH
req_038524c53d0a,2026-08-30T09:17:46.856380+00:00,ins_aca6afeb7f46,analyst,revenue,North,12699.34,0.0,12647.52,51.65,0.12,deterministic_template,0,0,0,0.0,False,True,0,MEDIUM
req_b03b57311ccd,2026-08-30T09:17:49.440110+00:00,ins_b1dc296a1497,analyst,aov,North,14048.8,0.0,13908.21,140.46,0.06,deterministic_template,0,0,0,0.0,False,True,0,MEDIUM
req_83e8c0d71527,2026-08-30T09:17:57.954039+00:00,ins_5b18734379a1,analyst,revenue,North,20430.76,0.0,20400.23,30.38,0.09,deterministic_template,0,0,0,0.0,False,True,0,MEDIUM
req_3702546e8f67,2026-08-30T09:18:11.451827+00:00,ins_8e60e3106bbb,analyst,orders,North,27044.04,0.0,26987.26,56.73,0.02,deterministic_template,0,0,0,0.0,False,True,0,HIGH
req_62ac9389511d,2026-08-30T09:18:12.240029+00:00,ins_44c29ad18439,analyst,orders,North,25836.54,0.0,25789.24,47.24,0.04,deterministic_template,0,0,0,0.0,False,True,0,HIGH
req_a5179e13e608,2026-08-30T09:18:14.553571+00:00,ins_fa7c94ea7e53,analyst,gross_margin,North,26879.38,0.0,26770.92,108.4,0.02,deterministic_template,0,0,0,0.0,False,True,0,MEDIUM
req_e24985ef636e,2026-08-30T09:18:14.741669+00:00,ins_0c06bd77e68a,analyst,orders,North,26113.06,0.0,26028.63,84.36,0.04,deterministic_template,0,0,0,0.0,False,True,0,HIGH
req_d958bb62de9e,2026-08-30T09:18:15.500001+00:00,ins_23d5f16bcc71,analyst,orders,North,25082.19,0.0,24969.23,112.88,0.05,deterministic_template,0,0,0,0.0,False,True,0,HIGH
req_26079b10f286,2026-08-30T09:18:15.536037+00:00,ins_715acdd924fb,analyst,orders,North,25580.58,0.0,25557.24,23.27,0.03,deterministic_template,0,0,0,0.0,False,True,0,HIGH
req_2e4b378fecef,2026-08-30T09:18:16.584149+00:00,ins_f1077b8e6e37,ceo,revenue,North,21533.46,0.0,21506.7,26.68,0.05,deterministic_template,0,0,0,0.0,False,True,0,MEDIUM
req_2d5cf5426d8a,2026-08-30T09:18:17.103570+00:00,ins_1c43e4187197,analyst,conversion_rate,North,18733.92,0.0,18724.69,9.18,0.03,deterministic_template,0,0,0,0.0,False,True,0,HIGH
req_17ca7e57a239,2026-08-30T09:18:17.585784+00:00,ins_6f332f57d533,analyst,conversion_rate,North,15878.7,0.0,15861.77,16.88,0.02,deterministic_template,0,0,0,0.0,False,True,0,HIGH
req_4e54f4f12788,2026-08-30T09:18:18.328756+00:00,ins_dc845210124d,analyst,aov,North,8040.59,0.0,8039.36,1.19,0.02,deterministic_template,0,0,0,0.0,False,True,0,MEDIUM
req_b0dd4724ca34,2026-08-30T09:18:18.368855+00:00,ins_32011d4b2f9b,analyst,aov,North,4771.61,0.0,4770.88,0.7,0.02,deterministic_template,0,0,0,0.0,False,True,0,MEDIUM
req_8ef20808327a,2026-08-30T09:18:23.370995+00:00,ins_41d4a08e04eb,analyst,gross_margin,North,2961.04,0.0,2956.64,4.36,0.03,deterministic_template,0,0,0,0.0,False,True,0,MEDIUM
req_cc081af9d602,2026-08-30T09:18:23.378886+00:00,ins_b0c96bfd7e72,analyst,gross_margin,North,2983.22,0.0,2980.98,2.15,0.07,deterministic_template,0,0,0,0.0,False,True,0,MEDIUM
req_f38939a5e7b9,2026-08-30T11:46:19.680522+00:00,ins_31de38e6a087,ceo,revenue,North,46645.09,0.0,46569.63,29.28,0.13,deterministic_template,0,0,0,0.0,False,True,0,MEDIUM
req_173c92d9adff,2026-08-30T11:46:53.001648+00:00,ins_5d07ef607a05,ceo,revenue,North,5878.97,0.0,5866.42,1.89,0.12,deterministic_template,0,0,0,0.0,False,True,0,MEDIUM
req_357e87e3a661,2026-08-30T11:46:59.246986+00:00,ins_4cc2b4f4e5c8,ceo,revenue,North,4181.2,0.0,4179.09,1.97,0.08,deterministic_template,0,0,0,0.0,False,True,0,MEDIUM
req_cdc5983f8a1c,2026-08-30T11:47:12.804248+00:00,ins_c3e7c188d168,ceo,orders,North,11493.48,0.0,11484.0,9.33,0.09,deterministic_template,0,0,0,0.0,False,True,0,HIGH
req_9e16006941bf,2026-08-30T11:47:13.898739+00:00,ins_54e41911e184,ceo,revenue,North,12219.79,0.0,12113.5,106.14,0.1,deterministic_template,0,0,0,0.0,False,True,0,MEDIUM
req_943acd150fe5,2026-08-30T11:47:14.306804+00:00,ins_1cbc71a8f856,ceo,revenue,North,9820.32,0.0,9818.14,2.01,0.1,deterministic_template,0,0,0,0.0,False,True,0,MEDIUM
req_9bcaa0ad78a8,2026-08-30T11:47:22.121343+00:00,ins_2d599a17296a,ceo,conversion_rate,North,7254.41,0.0,7090.5,163.84,0.03,deterministic_template,0,0,0,0.0,False,True,0,HIGH
req_8ca4d412d1ed,2026-08-30T11:47:22.888687+00:00,ins_9bc48d907fb0,ceo,revenue,North,6510.9,0.0,6508.63,2.14,0.08,deterministic_template,0,0,0,0.0,False,True,0,MEDIUM
req_6085d2a39d23,2026-08-30T11:47:31.959458+00:00,ins_17ffde1be19f,ceo,aov,North,7714.5,0.0,7695.3,19.03,0.11,deterministic_template,0,0,0,0.0,False,True,0,MEDIUM
req_bba7031f8f01,2026-08-30T11:47:32.170578+00:00,ins_4c36afd66a42,ceo,orders,North,7065.39,0.0,7063.51,1.79,0.05,deterministic_template,0,0,0,0.0,False,True,0,HIGH
req_85dcd70b5c52,2026-08-30T11:47:41.696837+00:00,ins_57c6536ad1cf,ceo,gross_margin,North,7633.88,0.0,7631.99,1.77,0.05,deterministic_template,0,0,0,0.0,False,True,0,MEDIUM
req_d4cb31fda6f2,2026-08-30T11:47:41.909837+00:00,ins_26ee197ac051,ceo,conversion_rate,North,7567.8,0.0,7565.12,2.56,0.08,deterministic_template,0,0,0,0.0,False,True,0,HIGH
req_9675dcbfed8e,2026-08-30T11:47:48.154406+00:00,ins_253bb0ede861,ceo,aov,North,4192.79,0.0,4190.67,1.97,0.09,deterministic_template,0,0,0,0.0,False,True,0,MEDIUM
req_371869a672bd,2026-08-30T11:47:54.669710+00:00,ins_cd673d830020,ceo,gross_margin,North,4460.66,0.0,4458.74,1.83,0.06,deterministic_template,0,0,0,0.0,False,True,0,MEDIUM
req_7721c1812163,2026-08-30T11:48:25.402439+00:00,ins_d4ee9a2f5815,ceo,revenue,North,4072.68,0.0,4070.73,1.83,0.08,deterministic_template,0,0,0,0.0,False,True,0,MEDIUM
req_ba85e128ff0f,2026-08-30T11:48:31.530757+00:00,ins_8934d045711b,ceo,revenue,North,4062.03,0.0,4060.07,1.82,0.1,deterministic_template,0,0,0,0.0,False,True,0,MEDIUM
req_6ee4cca1daf9,2026-08-30T11:48:37.493992+00:00,ins_9d49773994a6,ceo,orders,North,3916.15,0.0,3914.29,1.74,0.07,deterministic_template,0,0,0,0.0,False,True,0,HIGH
req_30fa26211bc8,2026-08-30T11:48:43.720259+00:00,ins_d88f749e30af,ceo,conversion_rate,North,4152.62,0.0,4150.67,1.84,0.06,deterministic_template,0,0,0,0.0,False,True,0,HIGH
req_305c3b2705aa,2026-08-30T11:48:49.901895+00:00,ins_8a9bf0194132,ceo,aov,North,4122.45,0.0,4120.51,1.84,0.06,deterministic_template,0,0,0,0.0,False,True,0,MEDIUM
req_51ef4addc3cb,2026-08-30T11:48:55.977177+00:00,ins_78803b8e794a,ceo,gross_margin,North,3998.37,0.0,3995.72,2.54,0.06,deterministic_template,0,0,0,0.0,False,True,0,MEDIUM
req_b353d2e8cd31,2026-08-30T11:49:02.077517+00:00,ins_ee98ac7219b0,ceo,revenue,North,4029.95,0.0,4028.16,1.54,0.04,deterministic_template,0,0,0,0.0,False,True,0,MEDIUM
req_26606db8901a,2026-08-30T12:06:25.537497+00:00,ins_cb91fb51bf15,ceo,revenue,North,7004.52,0.0,7000.22,4.05,0.14,deterministic_template,0,0,0,0.0,False,True,0,MEDIUM
req_d47be7ba7183,2026-08-30T12:06:45.974290+00:00,ins_b8b314d2d459,ceo,revenue,North,9902.14,0.0,9875.92,3.22,0.33,deterministic_template,0,0,0,0.0,False,True,0,MEDIUM
req_4cc1b5c18bf8,2026-08-30T12:06:55.479297+00:00,ins_df16c3bfbd69,ceo,orders,North,7424.49,0.0,7419.39,4.91,0.08,deterministic_template,0,0,0,0.0,False,True,0,HIGH
req_b95915b709df,2026-08-30T12:07:03.971129+00:00,ins_7d994045ae2a,ceo,conversion_rate,North,6452.52,0.0,6442.59,9.77,0.08,deterministic_template,0,0,0,0.0,False,True,0,HIGH
req_1ee3fdd4af5e,2026-08-30T12:07:13.296507+00:00,ins_de8c7eb194b2,ceo,aov,North,7246.22,0.0,7242.81,3.18,0.15,deterministic_template,0,0,0,0.0,False,True,0,MEDIUM
req_5c7ab21f9740,2026-08-30T12:07:21.916055+00:00,ins_ebbb53c50932,ceo,gross_margin,North,6566.04,0.0,6560.98,4.87,0.11,deterministic_template,0,0,0,0.0,False,True,0,MEDIUM
req_b7a7fcc935ab,2026-08-30T12:10:58.554285+00:00,ins_e98bd681c09c,ceo,revenue,North,3241.91,0.0,3236.55,0.77,0.05,deterministic_template,0,0,0,0.0,False,True,0,MEDIUM
req_78367fbf652d,2026-08-30T12:11:03.342810+00:00,ins_0ec6ddea986d,ceo,revenue,North,2734.83,0.0,2733.11,1.57,0.09,deterministic_template,0,0,0,0.0,False,True,0,MEDIUM
req_179ed82725f0,2026-08-30T12:11:07.979383+00:00,ins_c59e14ed2406,ceo,orders,North,2588.71,0.0,2586.96,1.66,0.05,deterministic_template,0,0,0,0.0,False,True,0,HIGH
req_ee915b418f3c,2026-08-30T12:11:12.444516+00:00,ins_656f1a36fa2d,ceo,conversion_rate,North,2422.0,0.0,2420.21,1.67,0.06,deterministic_template,0,0,0,0.0,False,True,0,HIGH
req_5e57c7247c05,2026-08-30T12:11:16.661117+00:00,ins_12ac2532552a,ceo,aov,North,2153.2,0.0,2151.34,1.76,0.05,deterministic_template,0,0,0,0.0,False,True,0,MEDIUM
req_368c294dd082,2026-08-30T12:11:21.319692+00:00,ins_f7564688bfa6,ceo,gross_margin,North,2626.55,0.0,2624.64,1.78,0.08,deterministic_template,0,0,0,0.0,False,True,0,MEDIUM
req_d0ed482db055,2026-08-30T12:13:03.387706+00:00,ins_f975db9bd00f,ceo,revenue,North,2482.03,0.0,2480.21,1.69,0.08,deterministic_template,0,0,0,0.0,False,True,0,MEDIUM
req_19b1076c8397,2026-08-30T12:13:09.265021+00:00,ins_4b9fc71dc1f9,ceo,revenue,North,3193.87,0.0,3179.63,2.94,0.1,deterministic_template,0,0,0,0.0,False,True,0,MEDIUM
req_71dd1869df21,2026-08-30T12:13:13.576156+00:00,ins_21d04c3f0d2f,ceo,orders,North,2257.61,0.0,2256.62,0.92,0.04,deterministic_template,0,0,0,0.0,False,True,0,HIGH
req_c76a5ae7ee67,2026-08-30T12:13:19.796975+00:00,ins_a64dfdf40b46,ceo,revenue,North,4444.83,0.0,4442.56,2.08,0.13,deterministic_template,0,0,0,0.0,False,True,0,MEDIUM
req_5ae104f99df8,2026-08-30T12:13:19.900114+00:00,ins_b3f7ca251839,ceo,conversion_rate,North,4209.96,0.0,4209.14,0.75,0.04,deterministic_template,0,0,0,0.0,False,True,0,HIGH
req_067d63fad9d8,2026-08-30T12:13:28.325373+00:00,ins_effb7f53b755,ceo,revenue,North,6498.74,0.0,6496.32,2.31,0.07,deterministic_template,0,0,0,0.0,False,True,0,MEDIUM
req_f19f96880645,2026-08-30T12:13:28.522158+00:00,ins_104b94f9144a,ceo,aov,North,6442.12,0.0,6440.35,1.66,0.07,deterministic_template,0,0,0,0.0,False,True,0,MEDIUM
req_6183fdbd5e01,2026-08-30T12:13:36.580620+00:00,ins_fc7c23c33635,ceo,orders,North,6192.36,0.0,6191.17,1.12,0.03,deterministic_template,0,0,0,0.0,False,True,0,HIGH
req_89d0f2875ebd,2026-08-30T12:13:36.681815+00:00,ins_8f42e218af53,ceo,gross_margin,North,6026.25,0.0,6023.51,2.55,0.1,deterministic_template,0,0,0,0.0,False,True,0,MEDIUM
req_37a6614725e7,2026-08-30T12:13:42.375689+00:00,ins_0e3cc9517b41,ceo,conversion_rate,North,3721.87,0.0,3720.73,1.08,0.03,deterministic_template,0,0,0,0.0,False,True,0,HIGH
req_9eb3b313990f,2026-08-30T12:13:47.882077+00:00,ins_eecd700e6045,ceo,aov,North,3456.86,0.0,3453.91,2.86,0.05,deterministic_template,0,0,0,0.0,False,True,0,MEDIUM
req_ff37b2e0a7d2,2026-08-30T12:13:53.957198+00:00,ins_2e22023aadcf,ceo,gross_margin,North,4045.14,0.0,4042.51,2.49,0.08,deterministic_template,0,0,0,0.0,False,True,0,MEDIUM
req_504592861f1e,2026-08-30T12:14:11.205738+00:00,ins_9397684f1e18,ceo,revenue,North,3091.88,0.0,3089.97,1.78,0.08,deterministic_template,0,0,0,0.0,False,True,0,MEDIUM
req_858567fb6b90,2026-08-30T12:14:15.973567+00:00,ins_e48ef835e191,ceo,revenue,North,2700.04,0.0,2698.73,1.22,0.06,deterministic_template,0,0,0,0.0,False,True,0,MEDIUM
req_8b5a9f8da728,2026-08-30T12:14:21.417973+00:00,ins_f4acfd5478cc,ceo,orders,North,3398.07,0.0,3396.78,1.22,0.04,deterministic_template,0,0,0,0.0,False,True,0,HIGH
req_01a548de9c9a,2026-08-30T12:14:26.008775+00:00,ins_9775dffe82f3,ceo,conversion_rate,North,2541.87,0.0,2540.23,1.57,0.03,deterministic_template,0,0,0,0.0,False,True,0,HIGH
req_c5ba52bc0bfb,2026-08-30T12:14:30.340557+00:00,ins_81b5195a116b,ceo,aov,North,2283.72,0.0,2282.58,1.08,0.04,deterministic_template,0,0,0,0.0,False,True,0,MEDIUM
req_5f764e62c48c,2026-08-30T12:14:35.029741+00:00,ins_b3d24b79276a,ceo,gross_margin,North,2640.22,0.0,2637.97,2.1,0.09,deterministic_template,0,0,0,0.0,False,True,0,MEDIUM
req_852f3606f356,2026-08-30T12:14:39.875565+00:00,ins_883ca76b0678,ceo,revenue,North,2702.27,0.0,2701.5,0.71,0.03,deterministic_template,0,0,0,0.0,False,True,0,MEDIUM
req_d042779b20fb,2026-08-30T12:14:45.049942+00:00,ins_5fd1eb827118,ceo,revenue,North,3125.71,0.0,3123.81,1.76,0.09,deterministic_template,0,0,0,0.0,False,True,0,MEDIUM
req_7474b19d356a,2026-08-30T12:14:49.353430+00:00,ins_75d91d404922,ceo,orders,North,2266.02,0.0,2264.68,1.26,0.06,deterministic_template,0,0,0,0.0,False,True,0,HIGH
req_3092b004e233,2026-08-30T12:14:54.217005+00:00,ins_99dd1760c743,ceo,conversion_rate,North,2826.95,0.0,2825.6,1.28,0.04,deterministic_template,0,0,0,0.0,False,True,0,HIGH
req_af580a8230af,2026-08-30T12:14:58.731470+00:00,ins_a93e8c6ecb6c,ceo,aov,North,2475.23,0.0,2474.03,1.12,0.05,deterministic_template,0,0,0,0.0,False,True,0,MEDIUM
req_0a51ade603d8,2026-08-30T12:15:03.138724+00:00,ins_2ee45df2cdbc,ceo,gross_margin,North,2381.92,0.0,2380.48,1.37,0.04,deterministic_template,0,0,0,0.0,False,True,0,MEDIUM
req_cb3cc7c3d23b,2026-08-30T12:15:56.028028+00:00,ins_72a8cb4223be,ceo,conversion_rate,North,2570.25,0.0,2567.75,2.39,0.06,deterministic_template,0,0,0,0.0,False,True,0,HIGH
req_cee8d52fa175,2026-08-30T12:16:03.909018+00:00,ins_ce3ab0911df4,ceo,revenue,North,5846.88,0.0,5845.24,1.56,0.05,deterministic_template,0,0,0,0.0,False,True,0,MEDIUM
req_22a998907805,2026-08-30T12:16:04.052721+00:00,ins_65f6f1343a56,ceo,conversion_rate,North,5317.74,0.0,5315.87,1.78,0.04,deterministic_template,0,0,0,0.0,False,True,0,HIGH
req_81780e0999de,2026-08-30T12:16:12.706723+00:00,ins_18b61fc1d88a,ceo,orders,North,6745.68,0.0,6720.04,25.53,0.07,deterministic_template,0,0,0,0.0,False,True,0,HIGH
req_9824103cd336,2026-08-30T12:16:13.183890+00:00,ins_ea5b09603e9d,ceo,revenue,North,6959.52,0.0,6957.44,1.96,0.07,deterministic_template,0,0,0,0.0,False,True,0,MEDIUM
req_b7064223120d,2026-08-30T12:16:20.286065+00:00,ins_a47e224d545f,ceo,conversion_rate,North,5477.0,0.0,5474.74,2.13,0.07,deterministic_template,0,0,0,0.0,False,True,0,HIGH
req_f5004a8fc5f4,2026-08-30T12:16:20.512110+00:00,ins_59e0d9ef98b5,ceo,orders,North,5270.69,0.0,5269.29,1.29,0.05,deterministic_template,0,0,0,0.0,False,True,0,HIGH
req_6850dc1023a3,2026-08-30T12:16:27.191357+00:00,ins_3a6c4136ec5e,ceo,aov,North,4881.72,0.0,4730.96,150.65,0.06,deterministic_template,0,0,0,0.0,False,True,0,MEDIUM
req_30927b92dd40,2026-08-30T12:16:27.449701+00:00,ins_60129a9c9a57,ceo,conversion_rate,North,4788.73,0.0,4786.7,1.87,0.1,deterministic_template,0,0,0,0.0,False,True,0,HIGH
req_d7503271954e,2026-08-30T12:16:33.904974+00:00,ins_134db4b6659a,ceo,gross_margin,North,4616.1,0.0,4615.05,0.98,0.04,deterministic_template,0,0,0,0.0,False,True,0,MEDIUM
req_74b22865be9e,2026-08-30T12:16:34.059739+00:00,ins_c8c7e1cf8a02,ceo,aov,North,4421.27,0.0,4420.07,1.12,0.04,deterministic_template,0,0,0,0.0,False,True,0,MEDIUM
req_279a3363a0aa,2026-08-30T12:16:38.400002+00:00,ins_9e44e428a3c1,ceo,gross_margin,North,2290.62,0.0,2288.83,1.7,0.05,deterministic_template,0,0,0,0.0,False,True,0,MEDIUM
req_1e198eca25e4,2026-08-30T12:16:44.189718+00:00,ins_f07fb9978649,ceo,conversion_rate,North,5521.87,0.0,5391.42,130.29,0.12,deterministic_template,0,0,0,0.0,False,True,0,HIGH
req_e1163af64671,2026-08-30T12:16:45.927283+00:00,ins_8e69bf5924f2,ceo,conversion_rate,North,5288.67,0.0,5287.13,1.47,0.04,deterministic_template,0,0,0,0.0,False,True,0,HIGH
req_22ee06b7f0e3,2026-08-30T12:16:53.918050+00:00,ins_5683c35e1132,ceo,revenue,North,7548.36,0.0,7545.0,3.19,0.11,deterministic_template,0,0,0,0.0,False,True,0,MEDIUM
req_8a47cafd46a0,2026-08-30T12:16:54.130942+00:00,ins_65509493650c,ceo,conversion_rate,North,7082.15,0.0,7077.71,4.23,0.13,deterministic_template,0,0,0,0.0,False,True,0,HIGH
req_f6548a96e5f2,2026-08-30T12:17:02.140633+00:00,ins_4d1ea0fb3b13,ceo,orders,North,6180.08,0.0,6140.17,39.81,0.05,deterministic_template,0,0,0,0.0,False,True,0,HIGH
req_b27f5f68bad2,2026-08-30T12:17:04.137302+00:00,ins_52cceb4a11fd,ceo,revenue,North,7864.75,0.0,7774.69,89.91,0.06,deterministic_template,0,0,0,0.0,False,True,0,MEDIUM
req_339db3d3c5b2,2026-08-30T12:17:08.999944+00:00,ins_5188a55e7cf8,ceo,revenue,North,7129.8,0.0,7090.64,39.03,0.09,deterministic_template,0,0,0,0.0,False,True,0,MEDIUM
req_7033dd1f964f,2026-08-30T12:17:12.512013+00:00,ins_894e08844c97,ceo,conversion_rate,North,8104.45,0.0,8094.2,10.18,0.05,deterministic_template,0,0,0,0.0,False,True,0,HIGH
req_77270b456274,2026-08-30T12:17:13.950501+00:00,ins_479f3557a959,ceo,orders,North,7568.3,0.0,7399.96,168.17,0.06,deterministic_template,0,0,0,0.0,False,True,0,HIGH
req_6f34cc0a3f59,2026-08-30T12:17:16.462356+00:00,ins_0b892f8cdbdf,ceo,revenue,North,5175.77,0.0,5021.47,154.1,0.16,deterministic_template,0,0,0,0.0,False,True,0,MEDIUM
req_29129cceb8a1,2026-08-30T12:17:21.092599+00:00,ins_3bd25f7754ac,ceo,aov,North,6415.74,0.0,6285.95,129.71,0.05,deterministic_template,0,0,0,0.0,False,True,0,MEDIUM
req_5d10e9b1b68e,2026-08-30T12:17:25.324239+00:00,ins_07f85bc0ff81,ceo,conversion_rate,North,9256.57,0.0,9224.59,31.88,0.06,deterministic_template,0,0,0,0.0,False,True,0,HIGH
req_d0601c9278b3,2026-08-30T12:17:27.227971+00:00,ins_c59b0f90db8c,ceo,orders,North,8610.73,0.0,8473.95,136.69,0.06,deterministic_template,0,0,0,0.0,False,True,0,HIGH
req_03539cc6c90f,2026-08-30T12:17:29.508929+00:00,ins_d8096feea2f0,ceo,gross_margin,North,5966.85,0.0,5796.9,169.88,0.04,deterministic_template,0,0,0,0.0,False,True,0,MEDIUM
req_c6e2d1be97dc,2026-08-30T12:17:33.756770+00:00,ins_5a9d2e79fd9d,ceo,aov,North,6265.26,0.0,6264.05,1.16,0.02,deterministic_template,0,0,0,0.0,False,True,0,MEDIUM
req_35a00631cdd6,2026-08-30T12:17:33.913048+00:00,ins_6bc037853838,ceo,conversion_rate,North,4588.72,0.0,4587.53,1.13,0.04,deterministic_template,0,0,0,0.0,False,True,0,HIGH
req_1974001f26a9,2026-08-30T12:17:41.371234+00:00,ins_f3fb2f957314,ceo,gross_margin,North,5561.46,0.0,5560.01,1.38,0.03,deterministic_template,0,0,0,0.0,False,True,0,MEDIUM
req_2def87d612c7,2026-08-30T12:17:41.441157+00:00,ins_3675b4918b2b,ceo,aov,North,5270.67,0.0,5269.53,1.08,0.04,deterministic_template,0,0,0,0.0,False,True,0,MEDIUM
req_9f9b0e6c4949,2026-08-30T12:17:46.106205+00:00,ins_01b0b96563d2,ceo,gross_margin,North,2628.63,0.0,2626.69,1.86,0.05,deterministic_template,0,0,0,0.0,False,True,0,MEDIUM
req_2aa3554f8db5,2026-08-30T12:18:22.714267+00:00,ins_612097ca9033,ceo,revenue,North,3121.06,0.0,3119.2,1.67,0.12,deterministic_template,0,0,0,0.0,False,True,0,MEDIUM
req_20cde47ed617,2026-08-30T12:18:27.607121+00:00,ins_8ddf061452e4,ceo,revenue,North,2835.32,0.0,2834.44,0.82,0.04,deterministic_template,0,0,0,0.0,False,True,0,MEDIUM
req_901a12b9c53c,2026-08-30T12:18:32.672731+00:00,ins_f9af615fc261,ceo,orders,North,3013.0,0.0,3012.13,0.81,0.03,deterministic_template,0,0,0,0.0,False,True,0,HIGH
req_46a6646fdbcd,2026-08-30T12:18:38.320836+00:00,ins_7dce18472459,ceo,conversion_rate,North,3593.94,0.0,3591.78,2.05,0.06,deterministic_template,0,0,0,0.0,False,True,0,HIGH
req_4419bd764e5a,2026-08-30T12:18:42.976275+00:00,ins_617ab02e91aa,ceo,aov,North,2616.28,0.0,2614.45,1.71,0.04,deterministic_template,0,0,0,0.0,False,True,0,MEDIUM
req_a993d1227de9,2026-08-30T12:18:47.511719+00:00,ins_046316a5a5dd,ceo,gross_margin,North,2504.25,0.0,2502.75,1.43,0.05,deterministic_template,0,0,0,0.0,False,True,0,MEDIUM
req_d20adab4ca5e,2026-08-30T12:19:21.620890+00:00,ins_5856a7817a36,ceo,revenue,North,2494.43,0.0,2493.05,1.28,0.07,deterministic_template,0,0,0,0.0,False,True,0,MEDIUM
req_34c42f138ebe,2026-08-30T12:19:26.302888+00:00,ins_669bc15e4e16,ceo,revenue,North,2644.73,0.0,2643.21,1.45,0.04,deterministic_template,0,0,0,0.0,False,True,0,MEDIUM
req_29853a2e04f5,2026-08-30T12:19:32.030738+00:00,ins_8413dd8c8321,ceo,orders,North,3680.35,0.0,3677.19,3.07,0.05,deterministic_template,0,0,0,0.0,False,True,0,HIGH
req_5783f85095f4,2026-08-30T12:19:36.979184+00:00,ins_c511d923b7f6,ceo,conversion_rate,North,2904.19,0.0,2902.22,1.9,0.04,deterministic_template,0,0,0,0.0,False,True,0,HIGH
req_dbe65cbbfc99,2026-08-30T12:19:41.894384+00:00,ins_8e00f3a8517a,ceo,aov,North,2850.73,0.0,2849.55,1.1,0.04,deterministic_template,0,0,0,0.0,False,True,0,MEDIUM
req_414898fc4786,2026-08-30T12:19:46.524864+00:00,ins_6acfba35cd84,ceo,gross_margin,North,2584.02,0.0,2582.33,1.6,0.05,deterministic_template,0,0,0,0.0,False,True,0,MEDIUM
req_5b5b56ac1ea5,2026-08-30T12:19:51.541437+00:00,ins_6e6e172650e5,ceo,revenue,North,2905.29,0.0,2903.91,1.28,0.05,deterministic_template,0,0,0,0.0,False,True,0,MEDIUM
req_06a190cb0088,2026-08-30T12:19:56.477557+00:00,ins_031975e19a34,ceo,revenue,North,2901.42,0.0,2899.72,1.56,0.07,deterministic_template,0,0,0,0.0,False,True,0,MEDIUM
req_da93281b887e,2026-08-30T12:20:02.471825+00:00,ins_5c5fdcad1133,ceo,orders,North,3958.12,0.0,3955.88,2.16,0.04,deterministic_template,0,0,0,0.0,False,True,0,HIGH
req_ce242c4dd0ec,2026-08-30T12:20:08.153956+00:00,ins_bcd98488724b,ceo,conversion_rate,North,3626.74,0.0,3624.0,2.6,0.07,deterministic_template,0,0,0,0.0,False,True,0,HIGH
req_1a66d6d642de,2026-08-30T12:20:14.096848+00:00,ins_d765fc145f59,ceo,aov,North,3877.01,0.0,3875.27,1.62,0.07,deterministic_template,0,0,0,0.0,False,True,0,MEDIUM
req_5f3b7e9a2447,2026-08-30T12:20:19.912856+00:00,ins_5aa69e0c3381,ceo,gross_margin,North,3751.38,0.0,3750.22,1.1,0.04,deterministic_template,0,0,0,0.0,False,True,0,MEDIUM
req_f70aed151bf1,2026-08-30T12:21:54.259863+00:00,ins_499bc11cb79c,ceo,revenue,North,2149.73,0.0,2147.79,1.85,0.07,deterministic_template,0,0,0,0.0,False,True,0,MEDIUM
req_a573f5ed748b,2026-08-30T12:21:58.808680+00:00,ins_c7a81bc68a16,ceo,revenue,North,2512.45,0.0,2511.66,0.74,0.03,deterministic_template,0,0,0,0.0,False,True,0,MEDIUM
req_812d700dd8aa,2026-08-30T12:22:03.275749+00:00,ins_d9ac66774b2c,ceo,orders,North,2399.67,0.0,2397.61,1.95,0.06,deterministic_template,0,0,0,0.0,False,True,0,HIGH
req_397eda1b09e0,2026-08-30T12:22:07.596003+00:00,ins_d3cbc6c77176,ceo,conversion_rate,North,2256.24,0.0,2254.99,1.19,0.03,deterministic_template,0,0,0,0.0,False,True,0,HIGH
req_791d29f226f6,2026-08-30T12:22:11.815443+00:00,ins_5b4ecbd4a9bd,ceo,aov,North,2202.78,0.0,2201.81,0.9,0.04,deterministic_template,0,0,0,0.0,False,True,0,MEDIUM
req_400cadc02cb3,2026-08-30T12:22:16.077527+00:00,ins_ab7218de18b0,ceo,gross_margin,North,2217.34,0.0,2216.56,0.72,0.03,deterministic_template,0,0,0,0.0,False,True,0,MEDIUM
req_87722906ced1,2026-08-30T12:22:20.663140+00:00,ins_9b2b4dfd0e0d,ceo,revenue,North,2491.67,0.0,2490.66,0.93,0.05,deterministic_template,0,0,0,0.0,False,True,0,MEDIUM
req_081f9e83edfd,2026-08-30T12:22:25.169740+00:00,ins_865f967f6861,ceo,revenue,North,2475.44,0.0,2473.74,1.57,0.08,deterministic_template,0,0,0,0.0,False,True,0,MEDIUM
req_ff34286a1a83,2026-08-30T12:22:29.495773+00:00,ins_c40c21491b60,ceo,orders,North,2252.92,0.0,2251.93,0.93,0.04,deterministic_template,0,0,0,0.0,False,True,0,HIGH
req_4eb62629342a,2026-08-30T12:22:33.885948+00:00,ins_31b9eb049ddd,ceo,conversion_rate,North,2346.14,0.0,2344.56,1.49,0.05,deterministic_template,0,0,0,0.0,False,True,0,HIGH
req_a52396eae096,2026-08-30T12:22:38.384990+00:00,ins_87757e37f9ad,ceo,aov,North,2441.81,0.0,2440.94,0.83,0.03,deterministic_template,0,0,0,0.0,False,True,0,MEDIUM
req_87bd70e65c77,2026-08-30T12:22:42.844570+00:00,ins_01a348d62a53,ceo,gross_margin,North,2416.42,0.0,2415.36,1.0,0.03,deterministic_template,0,0,0,0.0,False,True,0,MEDIUM
req_17b0eae7a37d,2026-08-30T12:24:12.315083+00:00,ins_b9a92db2acc1,ceo,revenue,North,4037.92,0.0,4035.73,2.07,0.07,deterministic_template,0,0,0,0.0,False,True,0,MEDIUM
req_1e9607558eda,2026-08-30T12:24:12.364356+00:00,ins_22de80405891,ceo,revenue,North,3693.09,0.0,3692.26,0.76,0.05,deterministic_template,0,0,0,0.0,False,True,0,MEDIUM
req_307e10095abe,2026-08-30T12:24:16.497119+00:00,ins_41837f859131,ceo,revenue,North,2085.18,0.0,2083.66,1.42,0.07,deterministic_template,0,0,0,0.0,False,True,0,MEDIUM
req_56c69fc2f474,2026-08-30T12:24:20.825089+00:00,ins_3aa472be5a1c,ceo,orders,North,2282.98,0.0,2282.0,0.9,0.05,deterministic_template,0,0,0,0.0,False,True,0,HIGH
req_fe59f7174dd4,2026-08-30T12:24:24.974982+00:00,ins_85a9a65edbda,ceo,conversion_rate,North,2096.96,0.0,2095.95,0.95,0.04,deterministic_template,0,0,0,0.0,False,True,0,HIGH
req_e46593e8c585,2026-08-30T12:24:30.199456+00:00,ins_989746cdb5fc,ceo,aov,North,3157.54,0.0,3155.36,2.09,0.06,deterministic_template,0,0,0,0.0,False,True,0,MEDIUM
req_6ba6c7b64c28,2026-08-30T12:24:35.593404+00:00,ins_9f0d20e3fb7a,ceo,gross_margin,North,3334.52,0.0,3333.63,0.67,0.19,deterministic_template,0,0,0,0.0,False,True,0,MEDIUM
req_b290b7b88ba4,2026-08-30T12:24:40.789233+00:00,ins_81234deec4fb,ceo,revenue,North,3100.24,0.0,3098.72,1.42,0.08,deterministic_template,0,0,0,0.0,False,True,0,MEDIUM
req_83844ffdf55f,2026-08-30T12:24:46.123259+00:00,ins_391282935ad1,ceo,revenue,North,3262.45,0.0,3260.64,1.69,0.08,deterministic_template,0,0,0,0.0,False,True,0,MEDIUM
req_10a62beed888,2026-08-30T12:24:50.994289+00:00,ins_37331ccf2ff9,ceo,orders,North,2823.22,0.0,2821.94,1.22,0.03,deterministic_template,0,0,0,0.0,False,True,0,HIGH
req_256e31d95de5,2026-08-30T12:24:55.864033+00:00,ins_e3308cf21c1f,ceo,conversion_rate,North,2839.19,0.0,2838.18,0.93,0.06,deterministic_template,0,0,0,0.0,False,True,0,HIGH
req_4270f1e3a25e,2026-08-30T12:25:00.714305+00:00,ins_412e717596df,ceo,aov,North,2793.24,0.0,2791.82,1.33,0.05,deterministic_template,0,0,0,0.0,False,True,0,MEDIUM
req_ade1ad58843d,2026-08-30T12:25:05.527609+00:00,ins_07993287d2c2,ceo,gross_margin,North,2752.09,0.0,2751.0,1.03,0.03,deterministic_template,0,0,0,0.0,False,True,0,MEDIUM
req_69b4ebbd9d04,2026-08-30T12:47:35.227997+00:00,ins_a19ce05d81d1,ceo,revenue,North,4544.43,0.0,4542.3,1.98,0.09,deterministic_template,0,0,0,0.0,False,True,0,MEDIUM
req_95f2132cfc2f,2026-08-30T12:48:47.317319+00:00,ins_f867ef20131d,ceo,revenue,North,34617.71,0.0,34379.84,120.3,0.06,deterministic_template,0,0,0,0.0,False,True,0,MEDIUM
req_cd2c395d440f,2026-08-30T12:48:47.957429+00:00,ins_dd210e12c2e7,ceo,orders,North,35257.19,0.0,35056.33,200.7,0.08,deterministic_template,0,0,0,0.0,False,True,0,HIGH
req_126bf615097e,2026-08-30T12:48:49.121013+00:00,ins_73ac999af160,ceo,conversion_rate,North,7654.36,0.0,7652.06,2.18,0.07,deterministic_template,0,0,0,0.0,False,True,0,HIGH
req_b1736a10cf74,2026-08-30T12:48:55.089095+00:00,ins_ef652deea9ed,ceo,aov,North,3940.17,0.0,3937.4,2.65,0.07,deterministic_template,0,0,0,0.0,False,True,0,MEDIUM
req_b0e5c15e711b,2026-08-30T12:49:01.339408+00:00,ins_12132835d8f8,ceo,gross_margin,North,4204.68,0.0,4203.38,1.19,0.07,deterministic_template,0,0,0,0.0,False,True,0,MEDIUM
req_1630b00411c1,2026-08-30T12:52:35.415055+00:00,ins_2b04d43dfd83,ceo,orders,North,6528.3,0.0,6523.64,4.51,0.09,deterministic_template,0,0,0,0.0,False,True,0,HIGH
req_5cde0a5d50b8,2026-08-30T12:52:43.777694+00:00,ins_946f3a16c9a5,ceo,revenue,North,6277.21,0.0,6273.45,3.62,0.08,deterministic_template,0,0,0,0.0,False,True,0,MEDIUM
req_c08d07fa8012,2026-08-30T12:52:51.139961+00:00,ins_aa9d3c9e1aab,ceo,orders,North,5305.99,0.0,5294.41,11.48,0.06,deterministic_template,0,0,0,0.0,False,True,0,HIGH
req_ba53de53506b,2026-08-30T12:53:04.494994+00:00,ins_d49d9d754495,ceo,conversion_rate,North,11292.35,0.0,11234.43,57.83,0.05,deterministic_template,0,0,0,0.0,False,True,0,HIGH
req_3029b93038ac,2026-08-30T12:53:04.844910+00:00,ins_6bcae1d8b6d3,ceo,orders,North,11026.7,0.0,11024.86,1.69,0.07,deterministic_template,0,0,0,0.0,False,True,0,HIGH
req_d1c9270c2497,2026-08-30T12:53:18.070323+00:00,ins_ff1d2a994f81,ceo,aov,North,11451.29,0.0,11336.66,114.48,0.09,deterministic_template,0,0,0,0.0,False,True,0,MEDIUM
req_6cba8f717754,2026-08-30T12:53:18.799255+00:00,ins_7ccdc0b09a47,ceo,revenue,North,11853.67,0.0,11759.65,93.8,0.16,deterministic_template,0,0,0,0.0,False,True,0,MEDIUM
req_2ff2338208c1,2026-08-30T12:53:29.759777+00:00,ins_4da3f853cdb6,ceo,orders,North,12514.13,0.0,12485.36,28.58,0.11,deterministic_template,0,0,0,0.0,False,True,0,HIGH
req_3cf57ffd359c,2026-08-30T12:53:34.305552+00:00,ins_dcfe84eb10f2,ceo,gross_margin,North,14145.18,0.0,14136.45,8.62,0.05,deterministic_template,0,0,0,0.0,False,True,0,MEDIUM
req_6bc089eb2d6e,2026-08-30T12:53:34.877846+00:00,ins_43bbcbbc5663,ceo,orders,North,13664.68,0.0,13598.36,66.23,0.04,deterministic_template,0,0,0,0.0,False,True,0,HIGH
req_98ad296316bc,2026-08-30T12:53:41.471130+00:00,ins_a908188a619d,ceo,orders,North,9937.72,0.0,9910.85,26.77,0.06,deterministic_template,0,0,0,0.0,False,True,0,HIGH
req_aad2dbc68266,2026-08-30T12:53:44.653437+00:00,ins_7415a380dcae,ceo,conversion_rate,North,7563.23,0.0,7451.85,111.25,0.07,deterministic_template,0,0,0,0.0,False,True,0,HIGH
req_1ce1b6db22cb,2026-08-30T12:53:48.584955+00:00,ins_42bdbe28ba53,ceo,revenue,North,4966.68,0.0,4952.29,14.26,0.08,deterministic_template,0,0,0,0.0,False,True,0,MEDIUM
req_aae2e9e6f11b,2026-08-30T12:53:52.098955+00:00,ins_5167f521c3e8,ceo,aov,North,5359.83,0.0,5215.08,144.65,0.06,deterministic_template,0,0,0,0.0,False,True,0,MEDIUM
req_17c7ecbefc81,2026-08-30T12:53:56.571674+00:00,ins_73c186679925,ceo,orders,North,5603.73,0.0,5579.4,24.16,0.11,deterministic_template,0,0,0,0.0,False,True,0,HIGH
req_77f77e13db5e,2026-08-30T12:53:59.878628+00:00,ins_85c70275fd31,ceo,gross_margin,North,5576.75,0.0,5539.77,36.75,0.14,deterministic_template,0,0,0,0.0,False,True,0,MEDIUM
req_2fc0813768e2,2026-08-30T12:54:02.871815+00:00,ins_773cf7066ef0,ceo,conversion_rate,North,4046.52,0.0,4040.35,5.93,0.13,deterministic_template,0,0,0,0.0,False,True,0,HIGH
req_ac037b0bfeab,2026-08-30T12:54:09.124089+00:00,ins_2f26dd0b28af,ceo,aov,North,4205.39,0.0,4200.92,4.29,0.13,deterministic_template,0,0,0,0.0,False,True,0,MEDIUM
req_5f7a7b808607,2026-08-30T12:54:16.101109+00:00,ins_30d3f41cb0b7,ceo,gross_margin,North,4938.5,0.0,4869.59,68.79,0.07,deterministic_template,0,0,0,0.0,False,True,0,MEDIUM
req_b743144c0fa6,2026-08-30T12:54:22.326039+00:00,ins_90cdd718c19e,ceo,revenue,North,6556.21,0.0,6552.64,3.45,0.07,deterministic_template,0,0,0,0.0,False,True,0,MEDIUM
req_216d029da123,2026-08-30T12:54:30.331884+00:00,ins_a0a8436a98d6,ceo,revenue,North,5923.03,0.0,5921.35,1.58,0.07,deterministic_template,0,0,0,0.0,False,True,0,MEDIUM
req_998be5b44906,2026-08-30T12:54:39.520591+00:00,ins_476c4177d1ee,ceo,orders,North,7122.12,0.0,7117.54,4.47,0.06,deterministic_template,0,0,0,0.0,False,True,0,HIGH
req_a66fba978059,2026-08-30T12:54:48.123191+00:00,ins_f1e21b01d3fd,ceo,conversion_rate,North,6519.97,0.0,6513.08,6.67,0.15,deterministic_template,0,0,0,0.0,False,True,0,HIGH
req_7e0ab5b133e3,2026-08-30T12:54:57.222077+00:00,ins_42ceeca44d38,ceo,aov,North,7040.69,0.0,7033.33,5.42,0.12,deterministic_template,0,0,0,0.0,False,True,0,MEDIUM
req_350b5bdf0fa2,2026-08-30T12:55:05.853271+00:00,ins_9df60b77c1cc,ceo,gross_margin,North,6557.88,0.0,6553.19,4.47,0.15,deterministic_template,0,0,0,0.0,False,True,0,MEDIUM
req_294c4efaf021,2026-08-30T12:56:15.357499+00:00,ins_985224d364ec,ceo,revenue,North,5271.03,0.0,5268.08,2.83,0.07,deterministic_template,0,0,0,0.0,False,True,0,MEDIUM
req_56830f2e0dc4,2026-08-30T12:56:21.935438+00:00,ins_b0aafa043e75,ceo,revenue,North,4508.86,0.0,4507.75,1.03,0.05,deterministic_template,0,0,0,0.0,False,True,0,MEDIUM
req_f38332ca610e,2026-08-30T12:56:26.676184+00:00,ins_661832b9c3d2,ceo,orders,North,2677.25,0.0,2675.86,1.34,0.02,deterministic_template,0,0,0,0.0,False,True,0,HIGH
req_ae386dae5237,2026-08-30T12:56:31.452615+00:00,ins_f70f80a8650c,ceo,conversion_rate,North,2730.55,0.0,2728.69,1.74,0.06,deterministic_template,0,0,0,0.0,False,True,0,HIGH
req_244281fef600,2026-08-30T12:56:35.948179+00:00,ins_52b441493aa9,ceo,aov,North,2463.25,0.0,2462.19,1.0,0.03,deterministic_template,0,0,0,0.0,False,True,0,MEDIUM
req_58d8dc693649,2026-08-30T12:56:40.358367+00:00,ins_292d10baa1da,ceo,gross_margin,North,2359.45,0.0,2358.53,0.86,0.03,deterministic_template,0,0,0,0.0,False,True,0,MEDIUM
req_54f7f6811277,2026-08-30T13:16:02.995671+00:00,ins_bc01873a8f86,ceo,revenue,North,3784.87,0.0,3774.06,1.42,0.05,deterministic_template,0,0,0,0.0,False,True,0,MEDIUM
req_2369b2e066ce,2026-08-30T13:16:07.307599+00:00,ins_923ad26535f6,ceo,revenue,North,2255.36,0.0,2254.34,0.95,0.04,deterministic_template,0,0,0,0.0,False,True,0,MEDIUM
req_a99f4e21f95d,2026-08-30T13:16:11.704059+00:00,ins_12ba248714ac,ceo,orders,North,2367.21,0.0,2365.58,1.53,0.06,deterministic_template,0,0,0,0.0,False,True,0,HIGH
req_1476aea6bb13,2026-08-30T13:16:15.877035+00:00,ins_8e6a3dd384d9,ceo,conversion_rate,North,2104.52,0.0,2098.44,0.62,0.03,deterministic_template,0,0,0,0.0,False,True,0,HIGH
req_8f48c2ac0184,2026-08-30T13:16:19.501348+00:00,ins_574e11836ec6,ceo,aov,North,1578.56,0.0,1577.68,0.81,0.03,deterministic_template,0,0,0,0.0,False,True,0,MEDIUM
req_5c7f668ccc73,2026-08-30T13:16:23.340085+00:00,ins_3bf68ff53a1f,ceo,gross_margin,North,1801.77,0.0,1800.9,0.8,0.03,deterministic_template,0,0,0,0.0,False,True,0,MEDIUM
req_a8461e55c045,2026-08-30T13:17:36.098676+00:00,ins_4d300d5ec668,ceo,revenue,North,2342.76,0.0,2341.26,1.39,0.07,deterministic_template,0,0,0,0.0,False,True,0,MEDIUM
req_7df68af5cfb5,2026-08-30T13:17:40.687057+00:00,ins_d0cc01962214,ceo,revenue,North,2514.65,0.0,2512.88,1.68,0.05,deterministic_template,0,0,0,0.0,False,True,0,MEDIUM
req_b6370c6542e8,2026-08-30T13:17:45.136400+00:00,ins_cdf16be7d54d,ceo,orders,North,2378.73,0.0,2377.04,1.62,0.02,deterministic_template,0,0,0,0.0,False,True,0,HIGH
req_1f4efc6588c7,2026-08-30T13:17:49.581548+00:00,ins_6a3b86589ed1,ceo,conversion_rate,North,2384.34,0.0,2382.5,1.71,0.08,deterministic_template,0,0,0,0.0,False,True,0,HIGH
req_861d0257c94b,2026-08-30T13:17:54.280513+00:00,ins_1e9d6d61f57a,ceo,aov,North,2629.54,0.0,2628.72,0.77,0.03,deterministic_template,0,0,0,0.0,False,True,0,MEDIUM
req_8e5497db6ebe,2026-08-30T13:17:59.117029+00:00,ins_24da23fd0d64,ceo,gross_margin,North,2795.55,0.0,2793.7,1.75,0.06,deterministic_template,0,0,0,0.0,False,True,0,MEDIUM
req_8775e34a7a03,2026-08-30T13:18:03.865747+00:00,ins_f93e6e20af20,ceo,revenue,North,2641.09,0.0,2639.27,1.71,0.07,deterministic_template,0,0,0,0.0,False,True,0,MEDIUM
req_3f5750e8d9d6,2026-08-30T13:18:08.122295+00:00,ins_f6546cc29d5d,ceo,revenue,North,2200.9,0.0,2199.21,1.61,0.04,deterministic_template,0,0,0,0.0,False,True,0,MEDIUM
req_812a8653a253,2026-08-30T13:18:12.517827+00:00,ins_0b458bb9c569,ceo,orders,North,2360.7,0.0,2358.57,1.99,0.09,deterministic_template,0,0,0,0.0,False,True,0,HIGH
req_a8ff0374040a,2026-08-30T13:18:16.927160+00:00,ins_070d531fcc34,ceo,conversion_rate,North,2352.96,0.0,2351.84,1.06,0.03,deterministic_template,0,0,0,0.0,False,True,0,HIGH
req_e962537f5c83,2026-08-30T13:18:21.552872+00:00,ins_f403654bd4a4,ceo,aov,North,2611.37,0.0,2610.55,0.77,0.02,deterministic_template,0,0,0,0.0,False,True,0,MEDIUM
req_094fcda6beda,2026-08-30T13:18:26.309151+00:00,ins_c1d3bed4526f,ceo,gross_margin,North,2701.89,0.0,2699.76,2.01,0.08,deterministic_template,0,0,0,0.0,False,True,0,MEDIUM
req_2911f862ea85,2026-08-30T13:19:06.657963+00:00,ins_4f7d594b7dca,ceo,revenue,North,2117.15,0.0,2116.21,0.85,0.04,deterministic_template,0,0,0,0.0,False,True,0,MEDIUM
req_f88c0f0b455f,2026-08-30T13:19:11.189187+00:00,ins_7686aa7315f7,ceo,revenue,North,2455.56,0.0,2454.19,1.27,0.06,deterministic_template,0,0,0,0.0,False,True,0,MEDIUM
req_432814a65e13,2026-08-30T13:19:15.673733+00:00,ins_43422ffea568,ceo,orders,North,2434.08,0.0,2431.64,2.34,0.07,deterministic_template,0,0,0,0.0,False,True,0,HIGH
req_46932c61689b,2026-08-30T13:19:20.243508+00:00,ins_99b17d3a43c0,ceo,conversion_rate,North,2518.16,0.0,2517.3,0.81,0.03,deterministic_template,0,0,0,0.0,False,True,0,HIGH
req_7f82a374e07d,2026-08-30T13:19:25.080837+00:00,ins_7eb26c67df5c,ceo,aov,North,2795.47,0.0,2793.07,2.28,0.07,deterministic_template,0,0,0,0.0,False,True,0,MEDIUM
req_a025d907de91,2026-08-30T13:19:31.885269+00:00,ins_69b4a4e6beb8,ceo,gross_margin,North,4759.86,0.0,4565.61,194.17,0.05,deterministic_template,0,0,0,0.0,False,True,0,MEDIUM
req_e39acdd63283,2026-08-30T13:19:32.399385+00:00,ins_7cab2d557b23,ceo,revenue,North,3812.2,0.0,3811.08,1.03,0.06,deterministic_template,0,0,0,0.0,False,True,0,MEDIUM
req_bc65be624524,2026-08-30T13:19:36.693773+00:00,ins_c816b176feb3,ceo,revenue,North,2240.61,0.0,2239.13,1.41,0.03,deterministic_template,0,0,0,0.0,False,True,0,MEDIUM
req_b3071c342bb1,2026-08-30T13:19:41.357352+00:00,ins_53f70ce37b51,ceo,orders,North,2595.25,0.0,2594.45,0.73,0.03,deterministic_template,0,0,0,0.0,False,True,0,HIGH
req_995c7007f0b7,2026-08-30T13:19:45.676832+00:00,ins_ebfbfaee2f5e,ceo,conversion_rate,North,2277.95,0.0,2276.7,1.18,0.04,deterministic_template,0,0,0,0.0,False,True,0,HIGH
req_f8eaef8cb5c0,2026-08-30T13:19:49.967481+00:00,ins_b55c0305f2f5,ceo,aov,North,2246.56,0.0,2245.71,0.8,0.03,deterministic_template,0,0,0,0.0,False,True,0,MEDIUM
req_73671e6695ba,2026-08-30T13:19:54.359877+00:00,ins_317291101fc9,ceo,gross_margin,North,2335.59,0.0,2334.93,0.62,0.02,deterministic_template,0,0,0,0.0,False,True,0,MEDIUM
req_06c85b7d7a2b,2026-08-30T13:19:58.709319+00:00,ins_23f6c0c83774,ceo,revenue,North,2233.74,0.0,2232.91,0.75,0.06,deterministic_template,0,0,0,0.0,False,True,0,MEDIUM
req_dadc9b068687,2026-08-30T13:20:03.104289+00:00,ins_1c29e87a8427,ceo,revenue,North,2346.13,0.0,2344.35,1.67,0.08,deterministic_template,0,0,0,0.0,False,True,0,MEDIUM
req_99161aff1041,2026-08-30T13:20:07.424719+00:00,ins_3fd38a06ce15,ceo,orders,North,2247.53,0.0,2244.96,2.44,0.07,deterministic_template,0,0,0,0.0,False,True,0,HIGH
req_dfc13906b991,2026-08-30T13:20:12.022236+00:00,ins_a4dffe0d7cb5,ceo,conversion_rate,North,2542.62,0.0,2540.89,1.63,0.06,deterministic_template,0,0,0,0.0,False,True,0,HIGH
req_36357aa9e05c,2026-08-30T13:20:16.545773+00:00,ins_d5682d31a9e8,ceo,aov,North,2489.12,0.0,2487.33,1.69,0.06,deterministic_template,0,0,0,0.0,False,True,0,MEDIUM
req_581ec644822a,2026-08-30T13:20:21.571782+00:00,ins_8447b56ebcf0,ceo,gross_margin,North,2964.99,0.0,2963.41,1.42,0.11,deterministic_template,0,0,0,0.0,False,True,0,MEDIUM
req_ea559b4103b5,2026-08-30T13:20:56.325930+00:00,ins_586ae4530fec,ceo,revenue,North,2383.44,0.0,2382.61,0.78,0.03,deterministic_template,0,0,0,0.0,False,True,0,MEDIUM
req_8e7b49932ce7,2026-08-30T13:21:00.622782+00:00,ins_f97f73361e65,ceo,revenue,North,2253.91,0.0,2252.74,1.09,0.06,deterministic_template,0,0,0,0.0,False,True,0,MEDIUM
req_d41684d3c3c6,2026-08-30T13:21:04.463605+00:00,ins_0e968f225fcd,ceo,revenue,North,3289.44,0.0,3199.7,89.64,0.07,deterministic_template,0,0,0,0.0,False,True,0,MEDIUM
req_c514bb8a8440,2026-08-30T13:21:05.499310+00:00,ins_46da00efcb44,ceo,orders,North,2737.49,0.0,2736.63,0.79,0.03,deterministic_template,0,0,0,0.0,False,True,0,HIGH
req_17da73bb4adb,2026-08-30T13:21:10.955061+00:00,ins_67c981a5a4fb,ceo,revenue,North,4429.18,0.0,4230.49,198.63,0.04,deterministic_template,0,0,0,0.0,False,True,0,MEDIUM
req_79652425263f,2026-08-30T13:21:11.113241+00:00,ins_a35d209d137a,ceo,conversion_rate,North,3442.16,0.0,3440.7,1.37,0.05,deterministic_template,0,0,0,0.0,False,True,0,HIGH
req_77bef778a21b,2026-08-30T13:21:17.352234+00:00,ins_076dc93ba049,ceo,orders,North,4335.61,0.0,4333.3,2.24,0.03,deterministic_template,0,0,0,0.0,False,True,0,HIGH
req_2b08d62a0b72,2026-08-30T13:21:17.410672+00:00,ins_fa69d057e9a7,ceo,aov,North,4129.77,0.0,4128.75,0.94,0.05,deterministic_template,0,0,0,0.0,False,True,0,MEDIUM
req_0210387fc5c4,2026-08-30T13:21:23.527867+00:00,ins_f2cf507b15e6,ceo,conversion_rate,North,4107.57,0.0,4104.74,2.73,0.07,deterministic_template,0,0,0,0.0,False,True,0,HIGH
req_fc242bce3fc3,2026-08-30T13:21:23.589428+00:00,ins_9c6e322d5fc7,ceo,gross_margin,North,4135.52,0.0,4134.21,1.26,0.03,deterministic_template,0,0,0,0.0,False,True,0,MEDIUM
req_fb60f476e74c,2026-08-30T13:21:27.866543+00:00,ins_4ddaff45aac7,ceo,aov,North,2239.87,0.0,2238.67,1.13,0.04,deterministic_template,0,0,0,0.0,False,True,0,MEDIUM
req_677f4084f1c8,2026-08-30T13:21:31.773841+00:00,ins_90b55d24f5d4,ceo,gross_margin,North,1843.96,0.0,1843.05,0.85,0.04,deterministic_template,0,0,0,0.0,False,True,0,MEDIUM
req_3e8243a82a75,2026-08-30T13:21:38.033459+00:00,ins_6b1504acced6,ceo,revenue,North,1935.21,0.0,1933.42,1.71,0.05,deterministic_template,0,0,0,0.0,False,True,0,MEDIUM
req_32b11db123bf,2026-08-30T13:21:42.437787+00:00,ins_efd788ec4e70,ceo,revenue,North,2363.7,0.0,2362.24,1.39,0.05,deterministic_template,0,0,0,0.0,False,True,0,MEDIUM
req_b22910eaaa2f,2026-08-30T13:21:46.363696+00:00,ins_c1a4a71ef969,ceo,orders,North,1889.95,0.0,1889.17,0.75,0.02,deterministic_template,0,0,0,0.0,False,True,0,HIGH
req_9bbf8a5042a7,2026-08-30T13:21:50.719550+00:00,ins_47ef2ba0729a,ceo,conversion_rate,North,2302.22,0.0,2300.58,1.57,0.04,deterministic_template,0,0,0,0.0,False,True,0,HIGH
req_5ee2d996955d,2026-08-30T13:21:54.795384+00:00,ins_0494f1505d4c,ceo,aov,North,2020.54,0.0,2019.78,0.72,0.02,deterministic_template,0,0,0,0.0,False,True,0,MEDIUM
req_ee4fbf1e0ef5,2026-08-30T13:21:58.957149+00:00,ins_5d5462c5208a,ceo,gross_margin,North,2122.3,0.0,2120.31,1.93,0.03,deterministic_template,0,0,0,0.0,False,True,0,MEDIUM
req_7c2f199ca9d4,2026-08-30T13:22:03.001866+00:00,ins_d636219ebbb9,ceo,revenue,North,1987.12,0.0,1986.34,0.72,0.03,deterministic_template,0,0,0,0.0,False,True,0,MEDIUM
req_b6a8b8b36389,2026-08-30T13:22:07.438587+00:00,ins_02ebb27c3735,ceo,revenue,North,2396.56,0.0,2395.53,0.98,0.03,deterministic_template,0,0,0,0.0,False,True,0,MEDIUM
req_0e511f18bd65,2026-08-30T13:22:11.630267+00:00,ins_05b8d7e56313,ceo,orders,North,2149.28,0.0,2148.04,1.16,0.05,deterministic_template,0,0,0,0.0,False,True,0,HIGH
req_5ac6246ac213,2026-08-30T13:22:16.056757+00:00,ins_03d3c2c62ebb,ceo,conversion_rate,North,2372.8,0.0,2370.97,1.75,0.05,deterministic_template,0,0,0,0.0,False,True,0,HIGH
req_9be9ab8e2dae,2026-08-30T13:22:20.586111+00:00,ins_8b7ba6c9b77b,ceo,aov,North,2464.95,0.0,2463.27,1.59,0.05,deterministic_template,0,0,0,0.0,False,True,0,MEDIUM
req_3d815c5089be,2026-08-30T13:22:25.354594+00:00,ins_ae4d5017411d,ceo,gross_margin,North,2700.46,0.0,2698.63,1.71,0.07,deterministic_template,0,0,0,0.0,False,True,0,MEDIUM
req_dc74dee5be39,2026-08-30T13:22:46.062960+00:00,ins_0d8649c148d1,ceo,revenue,North,2207.53,0.0,2205.73,1.65,0.08,deterministic_template,0,0,0,0.0,False,True,0,MEDIUM
req_a8e7ffbdcc93,2026-08-30T13:22:50.578208+00:00,ins_0c9e97691759,ceo,revenue,North,2455.33,0.0,2453.98,1.25,0.07,deterministic_template,0,0,0,0.0,False,True,0,MEDIUM
req_fe5ce06f4aeb,2026-08-30T13:22:54.882018+00:00,ins_fab447570acc,ceo,orders,North,2246.66,0.0,2244.83,1.69,0.07,deterministic_template,0,0,0,0.0,False,True,0,HIGH
req_4de10b83cde3,2026-08-30T13:22:59.225518+00:00,ins_3869318f176d,ceo,conversion_rate,North,2284.28,0.0,2282.76,1.38,0.1,deterministic_template,0,0,0,0.0,False,True,0,HIGH
req_d23b90c21a72,2026-08-30T13:23:03.514087+00:00,ins_1482539c5046,ceo,aov,North,2236.26,0.0,2234.61,1.55,0.06,deterministic_template,0,0,0,0.0,False,True,0,MEDIUM
req_5dd204644479,2026-08-30T13:23:07.911735+00:00,ins_47e1c98bb9c9,ceo,gross_margin,North,2345.33,0.0,2343.62,1.62,0.06,deterministic_template,0,0,0,0.0,False,True,0,MEDIUM
req_baa404669eed,2026-08-30T13:23:14.946880+00:00,ins_6af06fc6de54,ceo,revenue,North,2682.62,0.0,2681.04,1.52,0.04,deterministic_template,0,0,0,0.0,False,True,0,MEDIUM
req_8814b37c1e1d,2026-08-30T13:23:19.887171+00:00,ins_ea6bdf814b8b,ceo,revenue,North,2882.98,0.0,2881.21,1.67,0.06,deterministic_template,0,0,0,0.0,False,True,0,MEDIUM
req_9579dc217851,2026-08-30T13:23:24.581092+00:00,ins_6188052fc574,ceo,orders,North,2653.88,0.0,2652.15,1.64,0.06,deterministic_template,0,0,0,0.0,False,True,0,HIGH
req_bcbd0b5916cf,2026-08-30T13:23:29.558526+00:00,ins_5fd334e74571,ceo,conversion_rate,North,2931.31,0.0,2930.6,0.66,0.02,deterministic_template,0,0,0,0.0,False,True,0,HIGH
req_7435d73f2514,2026-08-30T13:23:34.450068+00:00,ins_9b1dbc2daca3,ceo,aov,North,2839.92,0.0,2837.96,1.86,0.06,deterministic_template,0,0,0,0.0,False,True,0,MEDIUM
req_b75e147f1517,2026-08-30T13:23:39.591201+00:00,ins_c5ce6d166928,ceo,gross_margin,North,3086.22,0.0,3084.82,1.33,0.03,deterministic_template,0,0,0,0.0,False,True,0,MEDIUM
req_b439528f65dc,2026-08-30T13:23:44.310887+00:00,ins_5572172e0732,ceo,revenue,North,2670.83,0.0,2669.93,0.84,0.04,deterministic_template,0,0,0,0.0,False,True,0,MEDIUM
req_a7f003b62841,2026-08-30T13:23:49.242829+00:00,ins_d59704761e74,ceo,revenue,North,2906.49,0.0,2905.47,0.91,0.07,deterministic_template,0,0,0,0.0,False,True,0,MEDIUM
req_f72123c46fc8,2026-08-30T13:23:54.190587+00:00,ins_4645f1f8c6de,ceo,orders,North,2887.47,0.0,2885.52,1.86,0.05,deterministic_template,0,0,0,0.0,False,True,0,HIGH
req_4b8539818b4b,2026-08-30T13:23:58.979334+00:00,ins_bfec25fe8aa0,ceo,conversion_rate,North,2725.34,0.0,2724.5,0.8,0.02,deterministic_template,0,0,0,0.0,False,True,0,HIGH
req_e4855daa43c3,2026-08-30T13:24:04.070834+00:00,ins_3cbd6a2d84e1,ceo,aov,North,3028.82,0.0,3027.14,1.58,0.06,deterministic_template,0,0,0,0.0,False,True,0,MEDIUM
req_1126759bcd43,2026-08-30T13:24:08.868282+00:00,ins_cce950b72158,ceo,gross_margin,North,2772.45,0.0,2771.1,1.29,0.03,deterministic_template,0,0,0,0.0,False,True,0,MEDIUM
req_beb67cca16ee,2026-08-30T13:24:15.406481+00:00,ins_32969c09b2d4,ceo,revenue,North,2322.66,0.0,2320.97,1.62,0.04,deterministic_template,0,0,0,0.0,False,True,0,MEDIUM
req_594a43f91f55,2026-08-30T13:24:19.928982+00:00,ins_27ef8a739e1b,ceo,revenue,North,2468.48,0.0,2466.95,1.46,0.03,deterministic_template,0,0,0,0.0,False,True,0,MEDIUM
req_9e55da963df6,2026-08-30T13:24:24.584192+00:00,ins_abbfa71f8126,ceo,orders,North,2606.33,0.0,2604.9,1.37,0.03,deterministic_template,0,0,0,0.0,False,True,0,HIGH
req_b2421276270d,2026-08-30T13:24:29.398362+00:00,ins_cd7c2718100a,ceo,conversion_rate,North,2763.78,0.0,2762.05,1.66,0.04,deterministic_template,0,0,0,0.0,False,True,0,HIGH
req_42229300cee0,2026-08-30T13:24:34.046161+00:00,ins_a17ab5adb6e3,ceo,aov,North,2597.29,0.0,2596.06,1.15,0.04,deterministic_template,0,0,0,0.0,False,True,0,MEDIUM
req_bd278818e741,2026-08-30T13:24:38.777591+00:00,ins_3421d59a1ad3,ceo,gross_margin,North,2665.8,0.0,2664.0,1.69,0.06,deterministic_template,0,0,0,0.0,False,True,0,MEDIUM
req_0c28e3d1f795,2026-08-30T13:24:43.485994+00:00,ins_457e8c1279d9,ceo,revenue,North,2631.81,0.0,2630.51,1.19,0.07,deterministic_template,0,0,0,0.0,False,True,0,MEDIUM
req_4d09e237e003,2026-08-30T13:24:47.933317+00:00,ins_41ffa2ada907,ceo,revenue,North,2390.33,0.0,2389.06,1.18,0.06,deterministic_template,0,0,0,0.0,False,True,0,MEDIUM
req_eb246f3f4c94,2026-08-30T13:24:52.577560+00:00,ins_6d24e5576244,ceo,revenue,North,2593.13,0.0,2592.02,1.06,0.02,deterministic_template,0,0,0,0.0,False,True,0,MEDIUM
req_ee1579624358,2026-08-30T13:24:57.237088+00:00,ins_2acd9778782c,ceo,orders,North,2599.43,0.0,2597.64,1.68,0.06,deterministic_template,0,0,0,0.0,False,True,0,HIGH
req_538b25dc49bd,2026-08-30T13:25:01.530900+00:00,ins_c787eb2ef0e3,ceo,conversion_rate,North,2235.3,0.0,2234.02,1.21,0.05,deterministic_template,0,0,0,0.0,False,True,0,HIGH
req_f2aecab92feb,2026-08-30T13:25:06.434042+00:00,ins_8f4c93527ddf,ceo,aov,North,2829.71,0.0,2827.84,1.75,0.05,deterministic_template,0,0,0,0.0,False,True,0,MEDIUM
req_cc317025ebb6,2026-08-30T13:25:11.517197+00:00,ins_1655043cd4ae,ceo,gross_margin,North,3025.01,0.0,3023.74,1.19,0.04,deterministic_template,0,0,0,0.0,False,True,0,MEDIUM
req_f320f3d12aed,2026-08-30T13:25:55.011694+00:00,ins_acbda0608c90,ceo,revenue,North,2350.01,0.0,2348.19,1.69,0.08,deterministic_template,0,0,0,0.0,False,True,0,MEDIUM
req_54f0d8bff09e,2026-08-30T13:25:59.046201+00:00,ins_c5aa0fe94636,ceo,revenue,North,1999.12,0.0,1997.79,1.22,0.08,deterministic_template,0,0,0,0.0,False,True,0,MEDIUM
req_471bbf469cc7,2026-08-30T13:26:04.113264+00:00,ins_cf4c0a2a24b3,ceo,orders,North,3017.12,0.0,3014.83,2.18,0.06,deterministic_template,0,0,0,0.0,False,True,0,HIGH
req_3d0132a5f5ab,2026-08-30T13:26:09.190735+00:00,ins_ed7770ba0f16,ceo,conversion_rate,North,3013.6,0.0,3011.84,1.67,0.04,deterministic_template,0,0,0,0.0,False,True,0,HIGH
req_b98272ef1e5d,2026-08-30T13:26:14.361659+00:00,ins_1da57f7f2e69,ceo,aov,North,3102.19,0.0,3100.46,1.64,0.05,deterministic_template,0,0,0,0.0,False,True,0,MEDIUM
req_ce9d67ce2c1c,2026-08-30T13:26:19.311115+00:00,ins_d0fcde6b1dc8,ceo,gross_margin,North,2901.17,0.0,2899.44,1.63,0.07,deterministic_template,0,0,0,0.0,False,True,0,MEDIUM
req_028f0996918b,2026-08-30T13:26:25.957869+00:00,ins_7ee53ac8d86f,ceo,revenue,North,2215.46,0.0,2212.56,2.75,0.09,deterministic_template,0,0,0,0.0,False,True,0,MEDIUM
req_3c9358040b37,2026-08-30T13:26:30.337615+00:00,ins_7e8a053bd953,ceo,revenue,North,2337.22,0.0,2336.49,0.67,0.04,deterministic_template,0,0,0,0.0,False,True,0,MEDIUM
req_cdcb099e919f,2026-08-30T13:26:34.714440+00:00,ins_6ff65346ccee,ceo,orders,North,2335.9,0.0,2334.77,1.05,0.04,deterministic_template,0,0,0,0.0,False,True,0,HIGH
req_52cd927b5f8f,2026-08-30T13:26:39.339760+00:00,ins_28e9372b08d3,ceo,conversion_rate,North,2595.94,0.0,2594.18,1.66,0.07,deterministic_template,0,0,0,0.0,False,True,0,HIGH
req_f71807596372,2026-08-30T13:26:43.746333+00:00,ins_93e6a64f35d5,ceo,aov,North,2355.42,0.0,2353.65,1.66,0.07,deterministic_template,0,0,0,0.0,False,True,0,MEDIUM
req_44629cdc2d22,2026-08-30T13:26:48.393502+00:00,ins_96dfe4901b7d,ceo,gross_margin,North,2588.63,0.0,2587.31,1.22,0.06,deterministic_template,0,0,0,0.0,False,True,0,MEDIUM
req_53b43570c4e4,2026-08-30T13:26:52.821772+00:00,ins_e9ffd7b9d481,ceo,revenue,North,2393.48,0.0,2391.63,1.73,0.08,deterministic_template,0,0,0,0.0,False,True,0,MEDIUM
req_82041b82685b,2026-08-30T13:26:57.362669+00:00,ins_8721abccfac4,ceo,revenue,North,2472.61,0.0,2470.84,1.64,0.08,deterministic_template,0,0,0,0.0,False,True,0,MEDIUM
req_0d6d64a80c4b,2026-08-30T13:27:02.121604+00:00,ins_58e8b405595a,ceo,orders,North,2709.9,0.0,2708.86,0.97,0.04,deterministic_template,0,0,0,0.0,False,True,0,HIGH
req_28152625a87c,2026-08-30T13:27:06.598095+00:00,ins_7e944fb88d34,ceo,conversion_rate,North,2409.58,0.0,2407.96,1.51,0.07,deterministic_template,0,0,0,0.0,False,True,0,HIGH
req_a2a005b68a59,2026-08-30T13:27:11.325947+00:00,ins_2edc2d2995d5,ceo,aov,North,2675.91,0.0,2674.42,1.42,0.04,deterministic_template,0,0,0,0.0,False,True,0,MEDIUM
req_5d28503e3731,2026-08-30T13:27:16.027255+00:00,ins_2abf8ada660a,ceo,gross_margin,North,2640.39,0.0,2639.44,0.87,0.05,deterministic_template,0,0,0,0.0,False,True,0,MEDIUM
req_9d5e659de3a2,2026-08-30T13:27:22.727675+00:00,ins_6f7e6f8fac83,ceo,revenue,North,2468.38,0.0,2466.58,1.68,0.08,deterministic_template,0,0,0,0.0,False,True,0,MEDIUM
req_0a91396d117b,2026-08-30T13:27:27.562884+00:00,ins_b98254ccdb93,ceo,revenue,North,2789.76,0.0,2787.99,1.67,0.06,deterministic_template,0,0,0,0.0,False,True,0,MEDIUM
req_cd0b42928b5d,2026-08-30T13:27:31.842368+00:00,ins_976a824e48c8,ceo,orders,North,2223.98,0.0,2222.83,1.09,0.04,deterministic_template,0,0,0,0.0,False,True,0,HIGH
req_5d254d5b563f,2026-08-30T13:27:36.377272+00:00,ins_90e8e64e1862,ceo,conversion_rate,North,2482.23,0.0,2480.78,1.35,0.07,deterministic_template,0,0,0,0.0,False,True,0,HIGH
req_b3da942a89da,2026-08-30T13:27:41.057827+00:00,ins_a4cf51979ae7,ceo,aov,North,2646.53,0.0,2644.92,1.54,0.03,deterministic_template,0,0,0,0.0,False,True,0,MEDIUM
req_e5933ca4686a,2026-08-30T13:27:45.728937+00:00,ins_5e8c69d18a64,ceo,gross_margin,North,2614.22,0.0,2613.09,1.04,0.06,deterministic_template,0,0,0,0.0,False,True,0,MEDIUM
req_06538d4ecc2d,2026-08-30T13:27:49.962738+00:00,ins_ed4aeaefa9fb,ceo,revenue,North,2180.87,0.0,2179.34,1.43,0.07,deterministic_template,0,0,0,0.0,False,True,0,MEDIUM
req_ce9c78f7bfb7,2026-08-30T13:27:54.933999+00:00,ins_dffd11736f7e,ceo,revenue,North,2908.63,0.0,2906.78,1.73,0.08,deterministic_template,0,0,0,0.0,False,True,0,MEDIUM
req_4ba36c038d43,2026-08-30T13:28:00.083642+00:00,ins_03f4ff34b7f1,ceo,revenue,North,3056.9,0.0,3055.03,1.75,0.07,deterministic_template,0,0,0,0.0,False,True,0,MEDIUM
req_de6d1f9dec34,2026-08-30T13:28:05.212832+00:00,ins_ad98761ec4e0,ceo,orders,North,3084.01,0.0,3082.19,1.73,0.05,deterministic_template,0,0,0,0.0,False,True,0,HIGH
req_aa7d44de9ba6,2026-08-30T13:28:10.161139+00:00,ins_7922eb09472c,ceo,conversion_rate,North,2917.11,0.0,2915.39,1.63,0.05,deterministic_template,0,0,0,0.0,False,True,0,HIGH
req_808170930ae5,2026-08-30T13:28:15.362904+00:00,ins_9e4e79eec85a,ceo,aov,North,3154.09,0.0,3152.16,1.83,0.06,deterministic_template,0,0,0,0.0,False,True,0,MEDIUM
req_0d1e01fb3803,2026-08-30T13:28:20.242638+00:00,ins_d00720186fe7,ceo,gross_margin,North,2832.68,0.0,2831.91,0.71,0.03,deterministic_template,0,0,0,0.0,False,True,0,MEDIUM
req_653047c9d33b,2026-08-30T13:28:27.474829+00:00,ins_e7157467da16,ceo,revenue,North,2818.76,0.0,2816.6,2.0,0.09,deterministic_template,0,0,0,0.0,False,True,0,MEDIUM
req_236ba0585285,2026-08-30T13:28:32.087408+00:00,ins_a5c91f27456a,ceo,revenue,North,2575.07,0.0,2573.88,1.1,0.05,deterministic_template,0,0,0,0.0,False,True,0,MEDIUM
req_824f1a0f9889,2026-08-30T13:28:36.260147+00:00,ins_5a79c16cfd61,ceo,orders,North,2105.67,0.0,2104.74,0.88,0.03,deterministic_template,0,0,0,0.0,False,True,0,HIGH
req_954c60e0fdd4,2026-08-30T13:28:40.566690+00:00,ins_51a1e63e813c,ceo,conversion_rate,North,2262.75,0.0,2261.04,1.63,0.05,deterministic_template,0,0,0,0.0,False,True,0,HIGH
req_22e61a24b03f,2026-08-30T13:28:45.180541+00:00,ins_79dbf8e6c167,ceo,aov,North,2544.97,0.0,2544.0,0.92,0.02,deterministic_template,0,0,0,0.0,False,True,0,MEDIUM
req_20138076f4a3,2026-08-30T13:28:49.704143+00:00,ins_f926ea398034,ceo,gross_margin,North,2468.62,0.0,2467.72,0.84,0.03,deterministic_template,0,0,0,0.0,False,True,0,MEDIUM
req_fb51b9cd9d98,2026-08-30T13:28:54.347884+00:00,ins_7f7e76e5a5d1,ceo,revenue,North,2590.44,0.0,2588.65,1.67,0.08,deterministic_template,0,0,0,0.0,False,True,0,MEDIUM
req_df2703b4c822,2026-08-30T13:28:58.964340+00:00,ins_fa538a091d8b,ceo,revenue,North,2580.43,0.0,2579.06,1.27,0.06,deterministic_template,0,0,0,0.0,False,True,0,MEDIUM
req_cd11524c95c7,2026-08-30T13:29:03.424749+00:00,ins_b7c2f10a6480,ceo,orders,North,2388.26,0.0,2386.04,2.15,0.03,deterministic_template,0,0,0,0.0,False,True,0,HIGH
req_d9d689245f83,2026-08-30T13:29:08.095948+00:00,ins_129963da9356,ceo,conversion_rate,North,2622.13,0.0,2620.39,1.64,0.06,deterministic_template,0,0,0,0.0,False,True,0,HIGH
req_0f20a4446582,2026-08-30T13:29:12.614073+00:00,ins_a35ffcc22f0c,ceo,aov,North,2477.88,0.0,2475.51,2.24,0.07,deterministic_template,0,0,0,0.0,False,True,0,MEDIUM
req_93a33a4f0c9f,2026-08-30T13:29:17.193655+00:00,ins_b0004b431123,ceo,gross_margin,North,2548.45,0.0,2547.57,0.81,0.04,deterministic_template,0,0,0,0.0,False,True,0,MEDIUM
req_af9b9899275b,2026-08-30T13:29:45.381296+00:00,ins_cd254fb6acc6,ceo,revenue,North,2320.51,0.0,2318.57,1.81,0.08,deterministic_template,0,0,0,0.0,False,True,0,MEDIUM
req_c0b00bead2c7,2026-08-30T13:29:49.530206+00:00,ins_b5524849f766,ceo,revenue,North,2090.07,0.0,2087.7,2.23,0.08,deterministic_template,0,0,0,0.0,False,True,0,MEDIUM
req_db9709b853fb,2026-08-30T13:29:53.923071+00:00,ins_0099cbaa9cdf,ceo,orders,North,2340.29,0.0,2339.11,1.11,0.04,deterministic_template,0,0,0,0.0,False,True,0,HIGH
req_c176c8259908,2026-08-30T13:29:58.530701+00:00,ins_00a19ec96a71,ceo,conversion_rate,North,2549.63,0.0,2548.74,0.84,0.03,deterministic_template,0,0,0,0.0,False,True,0,HIGH
req_56eb65689c71,2026-08-30T13:30:02.968722+00:00,ins_5ee152cfd03b,ceo,aov,North,2392.27,0.0,2390.56,1.61,0.06,deterministic_template,0,0,0,0.0,False,True,0,MEDIUM
req_d3f14d791eb1,2026-08-30T13:30:07.647232+00:00,ins_696752a9478e,ceo,gross_margin,North,2616.53,0.0,2614.56,1.86,0.07,deterministic_template,0,0,0,0.0,False,True,0,MEDIUM
req_2157de7ef9df,2026-08-30T13:30:14.164684+00:00,ins_b4b65a99fccc,ceo,revenue,North,2246.88,0.0,2245.06,1.74,0.06,deterministic_template,0,0,0,0.0,False,True,0,MEDIUM
req_a66cbe454386,2026-08-30T13:30:18.627095+00:00,ins_b8a62b81b6de,ceo,revenue,North,2421.11,0.0,2420.19,0.81,0.07,deterministic_template,0,0,0,0.0,False,True,0,MEDIUM
req_791417ab6c1e,2026-08-30T13:30:23.275925+00:00,ins_fc14db2c0742,ceo,orders,North,2589.99,0.0,2589.31,0.64,0.02,deterministic_template,0,0,0,0.0,False,True,0,HIGH
req_7af964624642,2026-08-30T13:30:27.898290+00:00,ins_57e8a580caf1,ceo,conversion_rate,North,2564.82,0.0,2563.34,1.41,0.05,deterministic_template,0,0,0,0.0,False,True,0,HIGH
req_68143e5e6090,2026-08-30T13:30:32.562427+00:00,ins_5a8382e72b7b,ceo,aov,North,2611.22,0.0,2610.18,0.99,0.02,deterministic_template,0,0,0,0.0,False,True,0,MEDIUM
req_dc4a80a6df54,2026-08-30T13:30:37.045958+00:00,ins_4663cb7f695c,ceo,gross_margin,North,2452.76,0.0,2451.06,1.6,0.06,deterministic_template,0,0,0,0.0,False,True,0,MEDIUM
req_b258f86581ce,2026-08-30T13:30:41.578143+00:00,ins_85596b00ca67,ceo,revenue,North,2478.78,0.0,2477.42,1.31,0.02,deterministic_template,0,0,0,0.0,False,True,0,MEDIUM
req_06e450587ed2,2026-08-30T13:30:46.047673+00:00,ins_3b841de9f899,ceo,revenue,North,2413.95,0.0,2412.38,1.45,0.07,deterministic_template,0,0,0,0.0,False,True,0,MEDIUM
req_01ec6a094620,2026-08-30T13:30:50.208624+00:00,ins_02f4fecd67dc,ceo,orders,North,2118.96,0.0,2116.95,1.68,0.26,deterministic_template,0,0,0,0.0,False,True,0,HIGH
req_842a37eb71cb,2026-08-30T13:30:54.371870+00:00,ins_94c2dcef6871,ceo,conversion_rate,North,2122.54,0.0,2120.51,1.93,0.06,deterministic_template,0,0,0,0.0,False,True,0,HIGH
req_6cc54b69791e,2026-08-30T13:30:59.436501+00:00,ins_01a537b23672,ceo,aov,North,3006.58,0.0,2913.01,93.47,0.05,deterministic_template,0,0,0,0.0,False,True,0,MEDIUM
req_208f0d6c2703,2026-08-30T13:31:00.604590+00:00,ins_0390c43bf738,ceo,revenue,North,2415.73,0.0,2414.5,1.16,0.05,deterministic_template,0,0,0,0.0,False,True,0,MEDIUM
req_3e322fd7c484,2026-08-30T13:31:05.390207+00:00,ins_590b3eb55bc7,ceo,gross_margin,North,3774.25,0.0,3663.11,111.09,0.03,deterministic_template,0,0,0,0.0,False,True,0,MEDIUM
req_b19125d9eff8,2026-08-30T13:31:05.506019+00:00,ins_c72b7c44f46d,ceo,revenue,North,2858.8,0.0,2857.55,1.2,0.03,deterministic_template,0,0,0,0.0,False,True,0,MEDIUM
req_3f97c7c34fb6,2026-08-30T13:31:09.523850+00:00,ins_a03b8444bb6e,ceo,orders,North,1975.74,0.0,1974.71,0.97,0.05,deterministic_template,0,0,0,0.0,False,True,0,HIGH
req_c5f31b0ed94e,2026-08-30T13:31:12.902881+00:00,ins_9a3ad6884fa6,ceo,revenue,North,3259.35,0.0,3113.17,146.07,0.07,deterministic_template,0,0,0,0.0,False,True,0,MEDIUM
req_216e11d1a6fb,2026-08-30T13:31:14.170247+00:00,ins_1ea52bfa97e4,ceo,conversion_rate,North,2538.6,0.0,2537.5,1.04,0.03,deterministic_template,0,0,0,0.0,False,True,0,HIGH
req_19e8de90ce05,2026-08-30T13:31:18.639753+00:00,ins_c3cde31b5575,ceo,revenue,North,3486.38,0.0,3353.12,133.2,0.04,deterministic_template,0,0,0,0.0,False,True,0,MEDIUM
req_80e8585a456a,2026-08-30T13:31:19.177696+00:00,ins_4540a18e6460,ceo,aov,North,2887.43,0.0,2885.68,1.65,0.06,deterministic_template,0,0,0,0.0,False,True,0,MEDIUM
req_8f35bcedf263,2026-08-30T13:31:25.643102+00:00,ins_9701c3dd831b,ceo,orders,North,4800.77,0.0,4783.81,16.88,0.04,deterministic_template,0,0,0,0.0,False,True,0,HIGH
req_ace7a60a0f35,2026-08-30T13:31:25.816384+00:00,ins_ff4a40334f70,ceo,gross_margin,North,4446.47,0.0,4444.79,1.58,0.07,deterministic_template,0,0,0,0.0,False,True,0,MEDIUM
req_0af758723a88,2026-08-30T13:31:30.176532+00:00,ins_472f717e9ef0,ceo,conversion_rate,North,2492.48,0.0,2491.45,0.94,0.04,deterministic_template,0,0,0,0.0,False,True,0,HIGH
req_c852f98d8ee5,2026-08-30T13:31:34.899629+00:00,ins_b105e588b4e6,ceo,aov,North,2672.28,0.0,2670.49,1.68,0.06,deterministic_template,0,0,0,0.0,False,True,0,MEDIUM
req_f155dde02819,2026-08-30T13:31:39.724274+00:00,ins_c3ad15b92608,ceo,gross_margin,North,2743.06,0.0,2741.34,1.62,0.06,deterministic_template,0,0,0,0.0,False,True,0,MEDIUM
req_81e6dc9f8d39,2026-08-30T13:31:44.466923+00:00,ins_6880d46a919f,ceo,revenue,North,2666.7,0.0,2665.01,1.58,0.08,deterministic_template,0,0,0,0.0,False,True,0,MEDIUM
req_56389c767948,2026-08-30T13:31:49.298709+00:00,ins_eb7a3c33f493,ceo,revenue,North,2757.6,0.0,2756.6,0.94,0.04,deterministic_template,0,0,0,0.0,False,True,0,MEDIUM
req_3aa7ada4b107,2026-08-30T13:31:53.755549+00:00,ins_8f05625c7deb,ceo,orders,North,2427.16,0.0,2426.29,0.82,0.03,deterministic_template,0,0,0,0.0,False,True,0,HIGH
req_b1a44ff39448,2026-08-30T13:31:58.153127+00:00,ins_32e035b45f30,ceo,conversion_rate,North,2329.81,0.0,2327.93,1.78,0.07,deterministic_template,0,0,0,0.0,False,True,0,HIGH
req_734e0ad99a75,2026-08-30T13:32:02.494592+00:00,ins_3da3dd746181,ceo,aov,North,2316.88,0.0,2315.73,1.1,0.03,deterministic_template,0,0,0,0.0,False,True,0,MEDIUM
req_0b946718a056,2026-08-30T13:32:07.100556+00:00,ins_31f04b54c639,ceo,gross_margin,North,2541.01,0.0,2539.08,1.82,0.06,deterministic_template,0,0,0,0.0,False,True,0,MEDIUM
req_64dc9f343b5f,2026-08-30T13:32:26.696356+00:00,ins_bb3f833862ed,regional_manager,revenue,North,2456.7,0.0,2455.85,0.78,0.04,deterministic_template,0,0,0,0.0,False,True,0,MEDIUM
req_41689a387217,2026-08-30T13:32:31.674909+00:00,ins_54b4d1776d12,regional_manager,revenue,North,2939.74,0.0,2938.65,1.0,0.06,deterministic_template,0,0,0,0.0,False,True,0,MEDIUM
req_95288ca61604,2026-08-30T13:32:36.456620+00:00,ins_997e3674e78b,regional_manager,orders,North,2742.17,0.0,2740.36,1.72,0.05,deterministic_template,0,0,0,0.0,False,True,0,HIGH
req_9b4bb4f935ed,2026-08-30T13:32:41.253037+00:00,ins_a6fc9ba9a338,regional_manager,conversion_rate,North,2755.3,0.0,2753.31,1.89,0.06,deterministic_template,0,0,0,0.0,False,True,0,HIGH
req_f8645fd4f8a6,2026-08-30T13:32:46.076009+00:00,ins_5f95ce36efff,regional_manager,aov,North,2776.33,0.0,2774.27,1.8,0.22,deterministic_template,0,0,0,0.0,False,True,0,MEDIUM
req_a21b218e2094,2026-08-30T13:32:50.792236+00:00,ins_1f908b4ee0dd,regional_manager,gross_margin,North,2657.89,0.0,2657.07,0.78,0.02,deterministic_template,0,0,0,0.0,False,True,0,MEDIUM
req_96ab856cc7c4,2026-08-30T13:32:57.722506+00:00,ins_7edb55545996,regional_manager,revenue,North,2631.13,0.0,2629.3,1.69,0.11,deterministic_template,0,0,0,0.0,False,True,0,MEDIUM
req_fe1257df5800,2026-08-30T13:33:02.078215+00:00,ins_66f49242230f,regional_manager,revenue,North,2319.53,0.0,2317.78,1.65,0.05,deterministic_template,0,0,0,0.0,False,True,0,MEDIUM
req_9190199ea4e2,2026-08-30T13:33:06.797088+00:00,ins_97a61aefc6d3,regional_manager,orders,North,2663.07,0.0,2661.91,1.1,0.05,deterministic_template,0,0,0,0.0,False,True,0,HIGH
req_c49022d5eefa,2026-08-30T13:33:11.706008+00:00,ins_9b9d4146df5c,regional_manager,conversion_rate,North,2861.85,0.0,2860.91,0.88,0.04,deterministic_template,0,0,0,0.0,False,True,0,HIGH
req_83c7123a1210,2026-08-30T13:33:16.444936+00:00,ins_030df26fbfb4,regional_manager,aov,North,2691.97,0.0,2690.82,1.08,0.05,deterministic_template,0,0,0,0.0,False,True,0,MEDIUM
req_156f03d3248b,2026-08-30T13:33:21.036472+00:00,ins_b50a34a5c539,regional_manager,gross_margin,North,2539.56,0.0,2538.52,0.97,0.04,deterministic_template,0,0,0,0.0,False,True,0,MEDIUM
req_c68a6d2204c9,2026-08-30T13:33:26.023888+00:00,ins_cf8c6a7f91fc,regional_manager,revenue,North,2926.25,0.0,2924.69,1.48,0.04,deterministic_template,0,0,0,0.0,False,True,0,MEDIUM
req_d03e9a25e26f,2026-08-30T13:33:30.751189+00:00,ins_293723d741ee,regional_manager,revenue,North,2662.25,0.0,2660.73,1.43,0.06,deterministic_template,0,0,0,0.0,False,True,0,MEDIUM
req_f3e505eaa64c,2026-08-30T13:33:34.462700+00:00,ins_506f3886c4fb,regional_manager,orders,North,1656.72,0.0,1655.65,1.03,0.02,deterministic_template,0,0,0,0.0,False,True,0,HIGH
req_db5eac37fe47,2026-08-30T13:33:38.876562+00:00,ins_8a87c3796f95,regional_manager,conversion_rate,North,2366.34,0.0,2364.98,1.31,0.03,deterministic_template,0,0,0,0.0,False,True,0,HIGH
req_7575941d8d8b,2026-08-30T13:33:43.019766+00:00,ins_86b749cce75c,regional_manager,aov,North,2083.71,0.0,2082.46,1.18,0.04,deterministic_template,0,0,0,0.0,False,True,0,MEDIUM
req_4625c82fd65f,2026-08-30T13:33:47.114655+00:00,ins_d3ee82e98c0b,regional_manager,gross_margin,North,2052.11,0.0,2051.23,0.84,0.02,deterministic_template,0,0,0,0.0,False,True,0,MEDIUM
req_34079fe6fc6b,2026-08-30T13:33:53.702793+00:00,ins_a106b106df68,regional_manager,revenue,North,2389.6,0.0,2387.83,1.68,0.06,deterministic_template,0,0,0,0.0,False,True,0,MEDIUM
req_2f051f674144,2026-08-30T13:33:57.717876+00:00,ins_db0c47ac23ce,regional_manager,revenue,North,1961.95,0.0,1961.01,0.89,0.04,deterministic_template,0,0,0,0.0,False,True,0,MEDIUM
req_42dccf258e43,2026-08-30T13:34:01.836673+00:00,ins_ba51a64fa66f,regional_manager,orders,North,2072.68,0.0,2071.54,1.1,0.02,deterministic_template,0,0,0,0.0,False,True,0,HIGH
req_4f7e02c48f81,2026-08-30T13:34:05.602240+00:00,ins_37ba865d3298,regional_manager,conversion_rate,North,1691.78,0.0,1690.84,0.9,0.02,deterministic_template,0,0,0,0.0,False,True,0,HIGH
req_bcad27f98bf0,2026-08-30T13:34:09.347986+00:00,ins_4d5d43efe1bc,regional_manager,aov,North,1698.62,0.0,1697.79,0.79,0.02,deterministic_template,0,0,0,0.0,False,True,0,MEDIUM
req_c011a687969a,2026-08-30T13:34:13.236466+00:00,ins_13fbe8242f58,regional_manager,gross_margin,North,1818.43,0.0,1816.62,1.71,0.06,deterministic_template,0,0,0,0.0,False,True,0,MEDIUM
req_0a53348ff131,2026-08-30T13:34:19.267388+00:00,ins_c8d9177e4ac5,regional_manager,revenue,North,1931.77,0.0,1930.16,1.52,0.05,deterministic_template,0,0,0,0.0,False,True,0,MEDIUM
req_0f38d1cbd087,2026-08-30T13:34:23.246761+00:00,ins_2be2e84f3b0a,regional_manager,revenue,North,1936.47,0.0,1935.14,1.27,0.03,deterministic_template,0,0,0,0.0,False,True,0,MEDIUM
req_e3aea428a0d0,2026-08-30T13:34:27.500303+00:00,ins_04536339a661,regional_manager,orders,North,2202.14,0.0,2200.41,1.64,0.05,deterministic_template,0,0,0,0.0,False,True,0,HIGH
req_f1f13d4aea76,2026-08-30T13:34:31.433839+00:00,ins_411e0918b20e,regional_manager,conversion_rate,North,1884.55,0.0,1883.79,0.71,0.02,deterministic_template,0,0,0,0.0,False,True,0,HIGH
req_185e2a6943a0,2026-08-30T13:34:35.416662+00:00,ins_9274612db343,regional_manager,aov,North,1926.17,0.0,1925.26,0.87,0.02,deterministic_template,0,0,0,0.0,False,True,0,MEDIUM
req_4cb6c9681eaf,2026-08-30T13:34:39.709569+00:00,ins_b04061434884,regional_manager,gross_margin,North,2253.41,0.0,2251.69,1.66,0.03,deterministic_template,0,0,0,0.0,False,True,0,MEDIUM
req_aa87aaf6c18c,2026-08-30T13:39:54.921185+00:00,ins_2552cbb4bc3d,ceo,revenue,North,3212.78,0.0,3198.59,1.64,0.07,deterministic_template,0,0,0,0.0,False,True,0,MEDIUM
req_e96b087792ac,2026-08-30T13:39:58.750416+00:00,ins_f13b787df20e,ceo,revenue,North,1778.02,0.0,1777.15,0.8,0.05,deterministic_template,0,0,0,0.0,False,True,0,MEDIUM
req_1eeb4da32073,2026-08-30T13:40:02.997314+00:00,ins_d5ffd3db0dff,ceo,orders,North,2200.34,0.0,2199.11,1.15,0.05,deterministic_template,0,0,0,0.0,False,True,0,HIGH
req_ede0ec977fee,2026-08-30T13:40:07.665892+00:00,ins_888a1532b084,ceo,conversion_rate,North,2625.51,0.0,2623.58,1.8,0.07,deterministic_template,0,0,0,0.0,False,True,0,HIGH
req_fe5c4eaec0c1,2026-08-30T13:40:12.929068+00:00,ins_155062c3f5a1,ceo,aov,North,3232.69,0.0,3231.11,1.46,0.07,deterministic_template,0,0,0,0.0,False,True,0,MEDIUM
req_9d44427dd020,2026-08-30T13:40:17.529048+00:00,ins_ba2cf7d60140,ceo,gross_margin,North,2537.37,0.0,2536.25,1.04,0.04,deterministic_template,0,0,0,0.0,False,True,0,MEDIUM
req_3efda05fc9ca,2026-08-30T13:40:28.298039+00:00,ins_640c75a4166e,ceo,revenue,North,3154.99,0.0,3154.03,0.85,0.08,deterministic_template,0,0,0,0.0,False,True,0,MEDIUM
req_b6d671ccc9b0,2026-08-30T13:40:33.157700+00:00,ins_7930aa39761d,ceo,revenue,North,2827.24,0.0,2825.56,1.58,0.07,deterministic_template,0,0,0,0.0,False,True,0,MEDIUM
req_0cd75348aa22,2026-08-30T13:40:37.287344+00:00,ins_e8241eebea37,ceo,orders,North,2089.41,0.0,2087.66,1.68,0.03,deterministic_template,0,0,0,0.0,False,True,0,HIGH
req_4e874556ad98,2026-08-30T13:40:41.275933+00:00,ins_2c9e510f8dd7,ceo,conversion_rate,North,1954.67,0.0,1953.1,1.47,0.06,deterministic_template,0,0,0,0.0,False,True,0,HIGH
req_c7867b74dc10,2026-08-30T13:40:45.659653+00:00,ins_3856adb5bcd9,ceo,aov,North,2348.08,0.0,2346.7,1.29,0.06,deterministic_template,0,0,0,0.0,False,True,0,MEDIUM
req_1cacc4e1bd7c,2026-08-30T13:40:50.873206+00:00,ins_c28a0527e552,ceo,gross_margin,North,3179.17,0.0,3177.45,1.66,0.03,deterministic_template,0,0,0,0.0,False,True,0,MEDIUM
req_e7e4ca22e2e5,2026-08-30T13:41:06.832912+00:00,ins_d2b6aca34641,ceo,revenue,North,2255.73,0.0,2253.91,1.71,0.07,deterministic_template,0,0,0,0.0,False,True,0,MEDIUM
req_b2bd139f288e,2026-08-30T13:41:10.942955+00:00,ins_9c1c3bf457d9,ceo,revenue,North,2093.91,0.0,2091.91,1.94,0.03,deterministic_template,0,0,0,0.0,False,True,0,MEDIUM
req_5d4bc7880e34,2026-08-30T13:41:15.166132+00:00,ins_be8eaeb2ffc8,ceo,orders,North,2167.83,0.0,2166.99,0.79,0.03,deterministic_template,0,0,0,0.0,False,True,0,HIGH
req_c6284303c7cc,2026-08-30T13:41:19.318595+00:00,ins_e27295aeecc5,ceo,conversion_rate,North,2106.5,0.0,2105.37,1.07,0.04,deterministic_template,0,0,0,0.0,False,True,0,HIGH
req_669f6bd49a98,2026-08-30T13:41:23.572836+00:00,ins_fd2fb987a404,ceo,aov,North,2227.09,0.0,2225.54,1.45,0.05,deterministic_template,0,0,0,0.0,False,True,0,MEDIUM
req_01b33f3cfff6,2026-08-30T13:41:27.755994+00:00,ins_2023f35e7c7a,ceo,gross_margin,North,2115.05,0.0,2113.52,1.44,0.06,deterministic_template,0,0,0,0.0,False,True,0,MEDIUM
req_d074e14a94d6,2026-08-30T13:42:08.958918+00:00,ins_bb5119824bbb,ceo,revenue,North,2133.73,0.0,2132.9,0.77,0.04,deterministic_template,0,0,0,0.0,False,True,0,MEDIUM
req_3d0d9d086735,2026-08-30T13:42:13.434723+00:00,ins_95e1adfd2783,ceo,revenue,North,2437.71,0.0,2436.91,0.75,0.02,deterministic_template,0,0,0,0.0,False,True,0,MEDIUM
req_2cf42ee434c4,2026-08-30T13:42:17.525859+00:00,ins_730ef923b373,ceo,orders,North,2061.28,0.0,2059.79,1.41,0.05,deterministic_template,0,0,0,0.0,False,True,0,HIGH
req_7633aec4ad99,2026-08-30T13:42:21.738763+00:00,ins_3a42ce9747e0,ceo,conversion_rate,North,2175.08,0.0,2173.62,1.37,0.05,deterministic_template,0,0,0,0.0,False,True,0,HIGH
req_fd223ba48239,2026-08-30T13:42:26.021003+00:00,ins_cd0a2727a473,ceo,aov,North,2240.75,0.0,2238.99,1.67,0.03,deterministic_template,0,0,0,0.0,False,True,0,MEDIUM
req_6f1229ebcd8b,2026-08-30T13:42:30.260139+00:00,ins_a0daab0d6500,ceo,gross_margin,North,2168.27,0.0,2166.87,1.29,0.05,deterministic_template,0,0,0,0.0,False,True,0,MEDIUM
req_d33eb88485b2,2026-08-30T13:44:31.376281+00:00,ins_b0fc132cf02e,ceo,revenue,North,4277.61,0.0,4136.02,141.44,0.1,deterministic_template,0,0,0,0.0,False,True,0,MEDIUM
req_8f6b6204322b,2026-08-30T13:44:32.212355+00:00,ins_db5c8cf6780f,ceo,revenue,North,3251.85,0.0,3250.29,1.47,0.04,deterministic_template,0,0,0,0.0,False,True,0,MEDIUM
req_6f9b647f91c3,2026-08-30T13:44:36.734464+00:00,ins_9f17452529e6,ceo,revenue,North,2460.21,0.0,2458.11,1.94,0.11,deterministic_template,0,0,0,0.0,False,True,0,MEDIUM
req_148a467d0c7f,2026-08-30T13:44:41.152207+00:00,ins_bbcd0bc26166,ceo,orders,North,2355.06,0.0,2353.3,1.63,0.09,deterministic_template,0,0,0,0.0,False,True,0,HIGH
req_eac1dcaca538,2026-08-30T13:44:45.362937+00:00,ins_c8ec179fdb23,ceo,conversion_rate,North,2155.62,0.0,2154.8,0.77,0.03,deterministic_template,0,0,0,0.0,False,True,0,HIGH
req_c1a92125ad45,2026-08-30T13:44:49.644724+00:00,ins_d9d7a2da6f01,ceo,aov,North,2240.81,0.0,2238.73,1.97,0.07,deterministic_template,0,0,0,0.0,False,True,0,MEDIUM
req_4e9bad3202d3,2026-08-30T13:44:53.931010+00:00,ins_dde3c821784f,ceo,gross_margin,North,2253.44,0.0,2252.71,0.68,0.03,deterministic_template,0,0,0,0.0,False,True,0,MEDIUM
req_5344df49bdd9,2026-08-30T13:44:58.547029+00:00,ins_61eb5d9a1082,ceo,revenue,North,2522.3,0.0,2520.25,1.93,0.07,deterministic_template,0,0,0,0.0,False,True,0,MEDIUM
req_94f13cf6f6be,2026-08-30T13:45:02.770595+00:00,ins_adbae55b18d4,ceo,revenue,North,2174.47,0.0,2173.67,0.73,0.04,deterministic_template,0,0,0,0.0,False,True,0,MEDIUM
req_43b71c478395,2026-08-30T13:45:06.813843+00:00,ins_5329177ebe19,ceo,orders,North,2005.05,0.0,2002.97,1.97,0.06,deterministic_template,0,0,0,0.0,False,True,0,HIGH
req_d0aa2bba40de,2026-08-30T13:45:11.186920+00:00,ins_24120dd4b1e7,ceo,conversion_rate,North,2325.03,0.0,2324.07,0.92,0.02,deterministic_template,0,0,0,0.0,False,True,0,HIGH
req_883fbc6f34f2,2026-08-30T13:45:15.082277+00:00,ins_a26e90237031,ceo,aov,North,1836.69,0.0,1834.95,1.64,0.06,deterministic_template,0,0,0,0.0,False,True,0,MEDIUM
req_f7982530d490,2026-08-30T13:45:19.466773+00:00,ins_bf86f2d0e334,ceo,gross_margin,North,2338.02,0.0,2336.84,1.12,0.03,deterministic_template,0,0,0,0.0,False,True,0,MEDIUM
req_cc889f2f6919,2026-08-30T13:46:13.772985+00:00,ins_6ebac9dc90ce,ceo,revenue,North,1965.52,0.0,1964.0,1.44,0.05,deterministic_template,0,0,0,0.0,False,True,0,MEDIUM
req_c9e642bd8d9b,2026-08-30T13:46:21.142973+00:00,ins_d8c4cde855ca,ceo,orders,North,2299.09,0.0,2286.9,1.42,0.08,deterministic_template,0,0,0,0.0,False,True,0,HIGH
req_3357b04308d1,2026-08-30T13:46:25.383146+00:00,ins_ab09c8794ca3,ceo,conversion_rate,North,2172.66,0.0,2163.93,1.21,0.08,deterministic_template,0,0,0,0.0,False,True,0,HIGH
req_f0b294b4e587,2026-08-30T13:46:30.399289+00:00,ins_a9bdde6584ed,ceo,aov,North,2843.05,0.0,2834.6,0.92,0.03,deterministic_template,0,0,0,0.0,False,True,0,MEDIUM
req_d7b1076fa0e7,2026-08-30T13:46:34.723315+00:00,ins_83168275810a,ceo,gross_margin,North,2257.83,0.0,2256.8,0.95,0.05,deterministic_template,0,0,0,0.0,False,True,0,MEDIUM
req_642f9dc09f37,2026-08-30T13:46:50.250093+00:00,ins_a449c89ba4fb,ceo,revenue,North,2039.83,0.0,2038.03,1.68,0.07,deterministic_template,0,0,0,0.0,False,True,0,MEDIUM
req_666c8e2844ed,2026-08-30T13:46:54.442013+00:00,ins_b6dee6fd745d,ceo,revenue,North,2159.63,0.0,2158.0,1.5,0.08,deterministic_template,0,0,0,0.0,False,True,0,MEDIUM
req_5f0003c03e2f,2026-08-30T13:46:58.667159+00:00,ins_deae75a4e369,ceo,orders,North,2169.61,0.0,2168.3,1.23,0.06,deterministic_template,0,0,0,0.0,False,True,0,HIGH
req_ffdbcca15fc1,2026-08-30T13:47:03.096679+00:00,ins_073065262df6,ceo,conversion_rate,North,2383.72,0.0,2382.42,1.2,0.04,deterministic_template,0,0,0,0.0,False,True,0,HIGH
req_5280def2662e,2026-08-30T13:47:07.196879+00:00,ins_c9fcef035c02,ceo,aov,North,2064.38,0.0,2063.28,1.02,0.04,deterministic_template,0,0,0,0.0,False,True,0,MEDIUM
req_c36f56deff20,2026-08-30T13:47:11.492758+00:00,ins_3f8edf170042,ceo,gross_margin,North,2259.76,0.0,2258.48,1.19,0.06,deterministic_template,0,0,0,0.0,False,True,0,MEDIUM
req_c541c43a65d3,2026-08-30T13:50:17.307618+00:00,ins_5629f9278a90,ceo,revenue,North,3894.6,0.0,3867.61,26.84,0.1,deterministic_template,0,0,0,0.0,False,True,0,MEDIUM
req_f2a9d395760f,2026-08-30T13:50:17.550002+00:00,ins_01d25bb3c111,ceo,revenue,North,3222.09,0.0,3220.42,1.55,0.08,deterministic_template,0,0,0,0.0,False,True,0,MEDIUM
req_e83d6c33df8a,2026-08-30T13:50:21.511310+00:00,ins_daa12fe84ec5,ceo,revenue,North,1931.86,0.0,1929.81,1.95,0.06,deterministic_template,0,0,0,0.0,False,True,0,MEDIUM
req_9e9ba28ea81a,2026-08-30T13:50:25.819202+00:00,ins_7defef1bf2bf,ceo,orders,North,2254.09,0.0,2252.93,1.1,0.04,deterministic_template,0,0,0,0.0,False,True,0,HIGH
req_5c4b7bc91f51,2026-08-30T13:50:30.310387+00:00,ins_e771c31cd2f8,ceo,conversion_rate,North,2440.1,0.0,2438.39,1.6,0.06,deterministic_template,0,0,0,0.0,False,True,0,HIGH
req_69e335b0e7bc,2026-08-30T13:50:34.801312+00:00,ins_5f00246e58ac,ceo,aov,North,2470.73,0.0,2469.88,0.8,0.02,deterministic_template,0,0,0,0.0,False,True,0,MEDIUM
req_4c9a50ab8363,2026-08-30T13:50:38.940657+00:00,ins_952a76a45045,ceo,gross_margin,North,2091.92,0.0,2091.06,0.81,0.03,deterministic_template,0,0,0,0.0,False,True,0,MEDIUM
req_a92adc3864b3,2026-08-30T13:50:43.448625+00:00,ins_262d24c3a8e5,ceo,revenue,North,2388.43,0.0,2386.75,1.55,0.08,deterministic_template,0,0,0,0.0,False,True,0,MEDIUM
req_00ff39b4dcab,2026-08-30T13:50:48.470717+00:00,ins_4ab05d8dd5bd,ceo,revenue,North,2945.96,0.0,2944.16,1.68,0.07,deterministic_template,0,0,0,0.0,False,True,0,MEDIUM
req_8f9c331c1a08,2026-08-30T13:50:53.161501+00:00,ins_2cd8505be028,ceo,orders,North,2619.54,0.0,2617.7,1.72,0.06,deterministic_template,0,0,0,0.0,False,True,0,HIGH
req_8a2dae882c1b,2026-08-30T13:50:58.050535+00:00,ins_47882eeac1b3,ceo,conversion_rate,North,2835.8,0.0,2834.99,0.75,0.03,deterministic_template,0,0,0,0.0,False,True,0,HIGH
req_5f6a74dde3d3,2026-08-30T13:51:02.050319+00:00,ins_d500ba2e5a4e,ceo,aov,North,1963.72,0.0,1962.15,1.48,0.06,deterministic_template,0,0,0,0.0,False,True,0,MEDIUM
req_d7e852267ed3,2026-08-30T13:51:06.522584+00:00,ins_89a1d58d7f69,ceo,gross_margin,North,2411.82,0.0,2410.05,1.68,0.05,deterministic_template,0,0,0,0.0,False,True,0,MEDIUM
req_db61d93b7ca6,2026-08-30T13:55:00.368725+00:00,ins_16d16a445899,ceo,revenue,North,2270.02,0.0,2268.99,0.96,0.04,deterministic_template,0,0,0,0.0,False,True,0,MEDIUM
req_502bb2c6269e,2026-08-30T13:55:07.429823+00:00,ins_ce7bfd3310d0,ceo,orders,North,2077.48,0.0,2068.08,1.86,0.05,deterministic_template,0,0,0,0.0,False,True,0,HIGH
req_48d20e9f6cc6,2026-08-30T13:55:11.390111+00:00,ins_7249bc366857,ceo,conversion_rate,North,1894.88,0.0,1894.02,0.79,0.03,deterministic_template,0,0,0,0.0,False,True,0,HIGH
req_f0ee4b5ed5f0,2026-08-30T13:55:16.325714+00:00,ins_ac5d4dc316ad,ceo,aov,North,1712.06,0.0,1708.28,0.41,0.02,deterministic_template,0,0,0,0.0,False,True,0,MEDIUM
req_da0097757823,2026-08-30T13:55:20.428764+00:00,ins_0dda333be194,ceo,gross_margin,North,2060.94,0.0,2059.35,1.53,0.03,deterministic_template,0,0,0,0.0,False,True,0,MEDIUM
req_2e68edd7ca3f,2026-08-30T13:55:33.963402+00:00,ins_ba2f5a69f801,ceo,revenue,North,1700.59,0.0,1696.53,0.52,0.03,deterministic_template,0,0,0,0.0,False,True,0,MEDIUM
req_20cb85ec7cfc,2026-08-30T13:55:38.194988+00:00,ins_ac694fd6e0f1,ceo,revenue,North,2193.91,0.0,2192.83,0.98,0.07,deterministic_template,0,0,0,0.0,False,True,0,MEDIUM
req_65754445bf3e,2026-08-30T13:55:42.312097+00:00,ins_320165b3e23b,ceo,orders,North,2080.14,0.0,2078.79,1.27,0.05,deterministic_template,0,0,0,0.0,False,True,0,HIGH
req_7c2c4396b1fa,2026-08-30T13:55:46.533024+00:00,ins_33cb229bb9c5,ceo,conversion_rate,North,2184.81,0.0,2183.31,1.39,0.05,deterministic_template,0,0,0,0.0,False,True,0,HIGH
req_2812ff6b1be1,2026-08-30T13:55:50.912251+00:00,ins_1050b12bfae9,ceo,aov,North,2333.0,0.0,2332.02,0.92,0.03,deterministic_template,0,0,0,0.0,False,True,0,MEDIUM
req_131d341363ef,2026-08-30T13:55:54.937412+00:00,ins_5efd6454f855,ceo,gross_margin,North,2004.68,0.0,2003.86,0.76,0.04,deterministic_template,0,0,0,0.0,False,True,0,MEDIUM
req_040263b67e68,2026-08-30T13:57:08.371397+00:00,ins_d5d8bb84237a,ceo,revenue,North,2193.52,0.0,2192.67,0.78,0.04,deterministic_template,0,0,0,0.0,False,True,0,MEDIUM
req_7c360ff394b4,2026-08-30T13:57:13.082778+00:00,ins_8c52046d591c,ceo,revenue,North,1681.11,0.0,1674.25,1.13,0.05,deterministic_template,0,0,0,0.0,False,True,0,MEDIUM
req_683c7e612e16,2026-08-30T13:57:17.260552+00:00,ins_4712eeafac69,ceo,orders,North,2133.85,0.0,2132.25,1.49,0.06,deterministic_template,0,0,0,0.0,False,True,0,HIGH
req_c7e2381de15c,2026-08-30T13:57:21.153759+00:00,ins_2e3ad5ff63b0,ceo,conversion_rate,North,1856.29,0.0,1855.5,0.74,0.03,deterministic_template,0,0,0,0.0,False,True,0,HIGH
req_ad33e2d791f9,2026-08-30T13:57:25.234783+00:00,ins_3c443cbc5fc1,ceo,aov,North,2023.16,0.0,2021.64,1.43,0.06,deterministic_template,0,0,0,0.0,False,True,0,MEDIUM
req_1d13f3659938,2026-08-30T13:57:29.368075+00:00,ins_9954810d00a2,ceo,gross_margin,North,2067.96,0.0,2066.8,1.06,0.07,deterministic_template,0,0,0,0.0,False,True,0,MEDIUM
req_a4a1f02f51df,2026-08-30T15:32:20.443844+00:00,ins_1676cb691ec9,ceo,revenue,North,3527.14,0.0,3518.16,1.22,0.07,deterministic_template,0,0,0,0.0,False,True,0,MEDIUM
req_71a7583ea308,2026-08-30T15:32:25.056157+00:00,ins_09813a4c29d6,ceo,revenue,North,2567.25,0.0,2565.46,1.67,0.06,deterministic_template,0,0,0,0.0,False,True,0,MEDIUM
req_54a051eecea3,2026-08-30T15:32:29.497226+00:00,ins_3d81bc43dddd,ceo,orders,North,2394.39,0.0,2393.2,1.11,0.04,deterministic_template,0,0,0,0.0,False,True,0,HIGH
req_c7b9c3e8795e,2026-08-30T15:32:34.145952+00:00,ins_c1809f2465be,ceo,conversion_rate,North,2596.8,0.0,2594.95,1.73,0.07,deterministic_template,0,0,0,0.0,False,True,0,HIGH
req_6bb42dd49311,2026-08-30T15:32:38.906268+00:00,ins_af51830edfb4,ceo,aov,North,2719.74,0.0,2718.03,1.6,0.07,deterministic_template,0,0,0,0.0,False,True,0,MEDIUM
req_474f7644c6dd,2026-08-30T15:32:43.397928+00:00,ins_8b8da8cc78c0,ceo,gross_margin,North,2429.73,0.0,2427.65,1.99,0.04,deterministic_template,0,0,0,0.0,False,True,0,MEDIUM
req_781e2ac7c19a,2026-08-30T15:32:53.438963+00:00,ins_614a46c1ad75,ceo,revenue,North,2068.78,0.0,2066.93,1.72,0.08,deterministic_template,0,0,0,0.0,False,True,0,MEDIUM
req_081d8fbc24e5,2026-08-30T15:32:57.499002+00:00,ins_51124e63ff6b,ceo,revenue,North,2011.36,0.0,2009.48,1.74,0.07,deterministic_template,0,0,0,0.0,False,True,0,MEDIUM
req_fc90bb5f0349,2026-08-30T15:33:01.641025+00:00,ins_77499b7a4c0d,ceo,orders,North,2104.44,0.0,2101.86,2.45,0.08,deterministic_template,0,0,0,0.0,False,True,0,HIGH
req_c86fc81e429d,2026-08-30T15:33:06.326584+00:00,ins_77453fc38df5,ceo,conversion_rate,North,2621.98,0.0,2620.77,1.15,0.04,deterministic_template,0,0,0,0.0,False,True,0,HIGH
req_1774b61119b8,2026-08-30T15:33:10.519457+00:00,ins_50f8109eb08a,ceo,aov,North,2148.37,0.0,2147.34,0.97,0.04,deterministic_template,0,0,0,0.0,False,True,0,MEDIUM
req_09912f0da5b1,2026-08-30T15:33:14.941512+00:00,ins_3e5a3381748a,ceo,gross_margin,North,2388.54,0.0,2386.68,1.75,0.06,deterministic_template,0,0,0,0.0,False,True,0,MEDIUM
req_e4763a93bd04,2026-08-30T15:33:19.487480+00:00,ins_2762513ec75e,ceo,revenue,North,2433.8,0.0,2432.98,0.77,0.03,deterministic_template,0,0,0,0.0,False,True,0,MEDIUM
req_08839b8239cd,2026-08-30T15:33:24.159505+00:00,ins_9d34f8080f31,ceo,revenue,North,2622.06,0.0,2620.2,1.74,0.08,deterministic_template,0,0,0,0.0,False,True,0,MEDIUM
req_82e8747538a2,2026-08-30T15:33:28.510855+00:00,ins_1da2b88b805c,ceo,orders,North,2293.76,0.0,2291.84,1.82,0.06,deterministic_template,0,0,0,0.0,False,True,0,HIGH
req_0b8bfd387a96,2026-08-30T15:33:32.526653+00:00,ins_e1024bcf1f18,ceo,conversion_rate,North,1957.69,0.0,1956.56,1.07,0.03,deterministic_template,0,0,0,0.0,False,True,0,HIGH
req_a6ae96594202,2026-08-30T15:33:36.739276+00:00,ins_48cc4e8ccfee,ceo,aov,North,2153.55,0.0,2152.73,0.77,0.02,deterministic_template,0,0,0,0.0,False,True,0,MEDIUM
req_90a5b322ffbb,2026-08-30T15:33:41.297789+00:00,ins_93bbdc5e9351,ceo,gross_margin,North,2499.09,0.0,2497.35,1.63,0.06,deterministic_template,0,0,0,0.0,False,True,0,MEDIUM
req_ec63d4ccf9b0,2026-08-30T15:37:34.669691+00:00,ins_489dd0b0d516,ceo,revenue,North,2181.85,0.0,2180.94,0.83,0.04,deterministic_template,0,0,0,0.0,False,True,0,MEDIUM
req_25042e143e58,2026-08-30T15:37:39.042522+00:00,ins_5902738bb78c,ceo,revenue,North,1513.2,0.0,1509.29,0.44,0.03,deterministic_template,0,0,0,0.0,False,True,0,MEDIUM
req_37effc66da2f,2026-08-30T15:37:43.156092+00:00,ins_82f7bae92c99,ceo,orders,North,2056.99,0.0,2055.42,1.48,0.06,deterministic_template,0,0,0,0.0,False,True,0,HIGH
req_f01979b4fca1,2026-08-30T15:37:47.209144+00:00,ins_1ddccf243b44,ceo,conversion_rate,North,2018.82,0.0,2018.01,0.75,0.03,deterministic_template,0,0,0,0.0,False,True,0,HIGH
req_a896bff5a398,2026-08-30T15:37:51.543915+00:00,ins_55d112d08f6d,ceo,aov,North,2274.55,0.0,2272.75,1.69,0.06,deterministic_template,0,0,0,0.0,False,True,0,MEDIUM
req_8f1c2e1de51c,2026-08-30T15:37:55.760722+00:00,ins_6355a89b5609,ceo,gross_margin,North,2187.18,0.0,2185.15,1.87,0.12,deterministic_template,0,0,0,0.0,False,True,0,MEDIUM
req_95f8b605c039,2026-08-30T15:38:02.338867+00:00,ins_b67feb48eba8,ceo,revenue,North,2267.55,0.0,2265.73,1.71,0.07,deterministic_template,0,0,0,0.0,False,True,0,MEDIUM
req_78867cbd699b,2026-08-30T15:38:06.676317+00:00,ins_97c146d7bcc9,ceo,revenue,North,2288.24,0.0,2286.49,1.65,0.06,deterministic_template,0,0,0,0.0,False,True,0,MEDIUM
req_da9c900d0f52,2026-08-30T15:38:10.972291+00:00,ins_40d8d51568b8,ceo,orders,North,2267.87,0.0,2266.49,1.32,0.03,deterministic_template,0,0,0,0.0,False,True,0,HIGH
req_e31136372896,2026-08-30T15:38:15.082631+00:00,ins_b1b88f10d51c,ceo,conversion_rate,North,2050.15,0.0,2048.34,1.69,0.06,deterministic_template,0,0,0,0.0,False,True,0,HIGH
req_f8c742b48e1a,2026-08-30T15:38:19.208579+00:00,ins_ae3d18c9dd80,ceo,aov,North,2070.84,0.0,2069.11,1.64,0.06,deterministic_template,0,0,0,0.0,False,True,0,MEDIUM
req_12f1770a13e3,2026-08-30T15:38:23.536831+00:00,ins_69fb70d844a3,ceo,gross_margin,North,2299.58,0.0,2298.69,0.81,0.05,deterministic_template,0,0,0,0.0,False,True,0,MEDIUM
req_f86441b217b3,2026-08-30T15:38:27.857177+00:00,ins_ec8113eba257,ceo,revenue,North,2251.42,0.0,2250.57,0.78,0.04,deterministic_template,0,0,0,0.0,False,True,0,MEDIUM
req_c2ff3b0dcc4f,2026-08-30T15:38:31.982325+00:00,ins_7136e3b16d87,ceo,revenue,North,2078.91,0.0,2077.82,1.03,0.04,deterministic_template,0,0,0,0.0,False,True,0,MEDIUM
req_07c46b4a4c84,2026-08-30T15:38:36.098520+00:00,ins_88d605ff2391,ceo,orders,North,2049.47,0.0,2047.71,1.66,0.05,deterministic_template,0,0,0,0.0,False,True,0,HIGH
req_1bd3d7c0f118,2026-08-30T15:38:40.291484+00:00,ins_8d156a32a2ee,ceo,conversion_rate,North,2151.54,0.0,2150.37,1.12,0.02,deterministic_template,0,0,0,0.0,False,True,0,HIGH
req_3ededcd1946d,2026-08-30T15:38:44.665546+00:00,ins_81c1d6d1db8f,ceo,aov,North,2326.65,0.0,2325.58,1.02,0.02,deterministic_template,0,0,0,0.0,False,True,0,MEDIUM
req_5d8bdbe486cc,2026-08-30T15:38:48.940734+00:00,ins_14f201f8de0f,ceo,gross_margin,North,2220.27,0.0,2218.47,1.7,0.06,deterministic_template,0,0,0,0.0,False,True,0,MEDIUM
req_23b4a0cae491,2026-08-30T15:39:19.874615+00:00,ins_b4633e88b9fb,ceo,revenue,North,2533.8,0.0,2532.72,0.99,0.06,deterministic_template,0,0,0,0.0,False,True,0,MEDIUM
req_7fd7e94065b7,2026-08-30T15:39:24.427405+00:00,ins_81146b860a81,ceo,revenue,North,2537.21,0.0,2535.39,1.71,0.06,deterministic_template,0,0,0,0.0,False,True,0,MEDIUM
req_bd4a6b8f3743,2026-08-30T15:39:28.955212+00:00,ins_4e435cd065ac,ceo,orders,North,2484.37,0.0,2482.6,1.68,0.06,deterministic_template,0,0,0,0.0,False,True,0,HIGH
req_f3ad1dabf0a1,2026-08-30T15:39:33.651014+00:00,ins_985a124c335e,ceo,conversion_rate,North,2632.44,0.0,2631.54,0.85,0.02,deterministic_template,0,0,0,0.0,False,True,0,HIGH
req_d0e0587672bc,2026-08-30T15:39:37.938343+00:00,ins_5f68bf314f34,ceo,aov,North,2248.62,0.0,2247.76,0.81,0.03,deterministic_template,0,0,0,0.0,False,True,0,MEDIUM
req_abd0dd58f12d,2026-08-30T15:39:42.684241+00:00,ins_c43adeb3e5b8,ceo,gross_margin,North,2694.6,0.0,2692.75,1.77,0.04,deterministic_template,0,0,0,0.0,False,True,0,MEDIUM
req_36b25566a6f2,2026-08-30T15:50:17.768884+00:00,ins_81d5bf6727f9,ceo,revenue,North,1497.71,0.0,1493.63,0.49,0.03,deterministic_template,0,0,0,0.0,False,True,0,MEDIUM
req_c5c66572ceb2,2026-08-30T15:50:22.105339+00:00,ins_f318960203fb,ceo,revenue,North,2269.21,0.0,2267.24,1.87,0.05,deterministic_template,0,0,0,0.0,False,True,0,MEDIUM
req_69e1229b99f8,2026-08-30T15:50:26.442593+00:00,ins_624079dc1887,ceo,orders,North,2262.45,0.0,2261.44,0.95,0.03,deterministic_template,0,0,0,0.0,False,True,0,HIGH
req_f0e8e175e842,2026-08-30T15:50:30.735481+00:00,ins_938459bc1519,ceo,conversion_rate,North,2246.2,0.0,2244.46,1.62,0.07,deterministic_template,0,0,0,0.0,False,True,0,HIGH
req_da6d5c4b4028,2026-08-30T15:50:34.936715+00:00,ins_54d1d1529134,ceo,aov,North,2133.23,0.0,2132.29,0.87,0.05,deterministic_template,0,0,0,0.0,False,True,0,MEDIUM
req_5e7a85c19c7a,2026-08-30T15:50:38.974763+00:00,ins_b7e20751b528,ceo,gross_margin,North,2000.49,0.0,1998.52,1.87,0.06,deterministic_template,0,0,0,0.0,False,True,0,MEDIUM
req_f70429b74aa0,2026-08-30T15:50:45.527721+00:00,ins_68a1fbf8eb5f,ceo,revenue,North,2303.21,0.0,2301.39,1.66,0.11,deterministic_template,0,0,0,0.0,False,True,0,MEDIUM
req_afff45c6bba0,2026-08-30T15:50:49.776679+00:00,ins_b3c3df7b5634,ceo,revenue,North,2185.74,0.0,2183.96,1.66,0.07,deterministic_template,0,0,0,0.0,False,True,0,MEDIUM
req_ba307681d87e,2026-08-30T15:50:54.167902+00:00,ins_1dd6a63b60e5,ceo,orders,North,2327.99,0.0,2327.06,0.88,0.03,deterministic_template,0,0,0,0.0,False,True,0,HIGH
req_1a5733ede217,2026-08-30T15:50:58.362807+00:00,ins_e0ad640c54b5,ceo,conversion_rate,North,2139.09,0.0,2137.4,1.6,0.06,deterministic_template,0,0,0,0.0,False,True,0,HIGH
req_26fa33e4f6bf,2026-08-30T15:51:02.632361+00:00,ins_79406b5cb692,ceo,aov,North,2224.72,0.0,2223.0,1.62,0.06,deterministic_template,0,0,0,0.0,False,True,0,MEDIUM
req_b29e4ac25602,2026-08-30T15:51:06.865818+00:00,ins_ce79329be603,ceo,gross_margin,North,2173.82,0.0,2172.74,1.03,0.03,deterministic_template,0,0,0,0.0,False,True,0,MEDIUM
req_2c02c9df3216,2026-08-30T15:51:11.241367+00:00,ins_2c56297b80e7,ceo,revenue,North,2334.92,0.0,2333.09,1.73,0.06,deterministic_template,0,0,0,0.0,False,True,0,MEDIUM
req_09203565329f,2026-08-30T15:51:15.491023+00:00,ins_4d09b8d8c81a,ceo,revenue,North,2216.14,0.0,2214.52,1.51,0.07,deterministic_template,0,0,0,0.0,False,True,0,MEDIUM
req_0bbf154621be,2026-08-30T15:51:19.856286+00:00,ins_f7e2d7a2a9c0,ceo,orders,North,2315.22,0.0,2313.29,1.81,0.05,deterministic_template,0,0,0,0.0,False,True,0,HIGH
req_8e3e7f3c91f8,2026-08-30T15:51:23.945927+00:00,ins_576a1abbc280,ceo,conversion_rate,North,2043.44,0.0,2042.65,0.74,0.02,deterministic_template,0,0,0,0.0,False,True,0,HIGH
req_37eade8d0ef1,2026-08-30T15:51:28.237143+00:00,ins_7bdbf9269459,ceo,aov,North,2234.73,0.0,2233.26,1.41,0.02,deterministic_template,0,0,0,0.0,False,True,0,MEDIUM
req_9a23131fed4f,2026-08-30T15:51:32.612825+00:00,ins_fa1e1b85d02e,ceo,gross_margin,North,2310.57,0.0,2308.74,1.74,0.05,deterministic_template,0,0,0,0.0,False,True,0,MEDIUM
req_dd5479446806,2026-08-30T15:51:59.597189+00:00,ins_90b520bc280a,ceo,revenue,North,2493.73,0.0,2491.86,1.76,0.08,deterministic_template,0,0,0,0.0,False,True,0,MEDIUM
req_495dbb27a378,2026-08-30T15:52:04.118656+00:00,ins_10853cbd330e,ceo,revenue,North,2462.95,0.0,2461.14,1.7,0.07,deterministic_template,0,0,0,0.0,False,True,0,MEDIUM
req_caff44d0f0d3,2026-08-30T15:52:08.793954+00:00,ins_86163b562759,ceo,orders,North,2621.12,0.0,2620.27,0.81,0.02,deterministic_template,0,0,0,0.0,False,True,0,HIGH
req_6e0a7bbad3c7,2026-08-30T15:52:13.201171+00:00,ins_7ce831f4543d,ceo,conversion_rate,North,2360.1,0.0,2359.23,0.82,0.03,deterministic_template,0,0,0,0.0,False,True,0,HIGH
req_eca760a74d24,2026-08-30T15:52:16.944891+00:00,ins_644a5cfc538f,ceo,aov,North,1690.66,0.0,1689.86,0.76,0.03,deterministic_template,0,0,0,0.0,False,True,0,MEDIUM
req_aa0d1cfe162b,2026-08-30T15:52:21.583479+00:00,ins_1f2a9bc40485,ceo,gross_margin,North,2607.13,0.0,2605.06,1.96,0.05,deterministic_template,0,0,0,0.0,False,True,0,MEDIUM
req_81636b921ba1,2026-08-30T15:58:20.459008+00:00,ins_608f991b7542,ceo,revenue,North,2832.97,0.0,2831.81,1.07,0.06,deterministic_template,0,0,0,0.0,False,True,0,MEDIUM
req_0b2ed9c6764e,2026-08-30T15:58:25.110552+00:00,ins_f962bd0379cd,ceo,revenue,North,2585.17,0.0,2583.81,1.25,0.07,deterministic_template,0,0,0,0.0,False,True,0,MEDIUM
req_ebd0125ec559,2026-08-30T15:58:29.700727+00:00,ins_85b78742e092,ceo,orders,North,2524.04,0.0,2521.62,2.3,0.06,deterministic_template,0,0,0,0.0,False,True,0,HIGH
req_8cea096b95b9,2026-08-30T15:58:33.885576+00:00,ins_1417a32188f6,ceo,conversion_rate,North,2129.1,0.0,2127.66,1.39,0.02,deterministic_template,0,0,0,0.0,False,True,0,HIGH
req_f0b3a744625a,2026-08-30T15:58:38.249560+00:00,ins_bcdeb11cdf6f,ceo,aov,North,2299.39,0.0,2298.6,0.74,0.03,deterministic_template,0,0,0,0.0,False,True,0,MEDIUM
req_128df1ec3061,2026-08-30T15:58:42.566458+00:00,ins_df38b8b87088,ceo,gross_margin,North,2256.58,0.0,2255.69,0.83,0.03,deterministic_template,0,0,0,0.0,False,True,0,MEDIUM
req_86dc6ec66d59,2026-08-30T15:58:46.858240+00:00,ins_bea2e3bb15cc,ceo,revenue,North,2188.1,0.0,2186.98,1.01,0.09,deterministic_template,0,0,0,0.0,False,True,0,MEDIUM
req_907994ab4eb4,2026-08-30T15:58:51.307725+00:00,ins_48e7abaceb58,ceo,revenue,North,2385.4,0.0,2384.27,1.06,0.03,deterministic_template,0,0,0,0.0,False,True,0,MEDIUM
req_82b811921aff,2026-08-30T15:58:55.431995+00:00,ins_10e686e62f49,ceo,orders,North,2088.01,0.0,2086.15,1.75,0.06,deterministic_template,0,0,0,0.0,False,True,0,HIGH
req_eb7a7c51c61a,2026-08-30T15:58:59.588700+00:00,ins_fbb8f7d2edc9,ceo,conversion_rate,North,2099.61,0.0,2098.59,0.95,0.03,deterministic_template,0,0,0,0.0,False,True,0,HIGH
req_bd31f6442f9d,2026-08-30T15:59:03.324661+00:00,ins_c2d97e47895c,ceo,aov,North,1670.98,0.0,1669.98,0.94,0.03,deterministic_template,0,0,0,0.0,False,True,0,MEDIUM
req_fe4a25835fde,2026-08-30T15:59:08.063731+00:00,ins_43490a666d6b,ceo,gross_margin,North,2677.95,0.0,2676.17,1.67,0.06,deterministic_template,0,0,0,0.0,False,True,0,MEDIUM
req_a025c2e98cf3,2026-08-30T16:02:25.063985+00:00,ins_871c19d9a9b6,ceo,revenue,North,2773.84,0.0,2772.27,1.47,0.07,deterministic_template,0,0,0,0.0,False,True,0,MEDIUM
req_b1e6219778f8,2026-08-30T16:02:30.041331+00:00,ins_59684a768af1,ceo,revenue,North,2898.99,0.0,2897.17,1.75,0.03,deterministic_template,0,0,0,0.0,False,True,0,MEDIUM
req_363dbacb978c,2026-08-30T16:02:34.405340+00:00,ins_e68a32353c84,ceo,orders,North,2326.22,0.0,2324.82,1.31,0.05,deterministic_template,0,0,0,0.0,False,True,0,HIGH
req_7c728656279e,2026-08-30T16:02:38.841516+00:00,ins_2e87bfa60f16,ceo,conversion_rate,North,2413.23,0.0,2411.89,1.28,0.03,deterministic_template,0,0,0,0.0,False,True,0,HIGH
req_93e4b96866fa,2026-08-30T16:02:43.228344+00:00,ins_0a9468f2e525,ceo,aov,North,2350.67,0.0,2348.96,1.62,0.05,deterministic_template,0,0,0,0.0,False,True,0,MEDIUM
req_468abf352ae8,2026-08-30T16:02:47.474169+00:00,ins_b0fd57d55548,ceo,gross_margin,North,2196.6,0.0,2194.8,1.74,0.03,deterministic_template,0,0,0,0.0,False,True,0,MEDIUM
req_d36f38ed4105,2026-08-30T16:02:51.704569+00:00,ins_bdafa971a294,ceo,revenue,North,2211.31,0.0,2209.53,1.65,0.08,deterministic_template,0,0,0,0.0,False,True,0,MEDIUM
req_d8be754cde69,2026-08-30T16:02:56.477393+00:00,ins_54ecc155cc22,ceo,revenue,North,2634.0,0.0,2633.0,0.95,0.03,deterministic_template,0,0,0,0.0,False,True,0,MEDIUM
req_231e6c44a0ad,2026-08-30T16:03:00.980966+00:00,ins_bec365412d41,ceo,revenue,North,2441.43,0.0,2440.59,0.79,0.03,deterministic_template,0,0,0,0.0,False,True,0,MEDIUM
req_ae698bb7fdc5,2026-08-30T16:03:05.381742+00:00,ins_159e41614cf8,ceo,orders,North,2353.18,0.0,2351.43,1.64,0.06,deterministic_template,0,0,0,0.0,False,True,0,HIGH
req_e397133308fc,2026-08-30T16:03:09.824715+00:00,ins_3068061ef822,ceo,conversion_rate,North,2398.02,0.0,2396.28,1.66,0.04,deterministic_template,0,0,0,0.0,False,True,0,HIGH
req_a22cf4b92592,2026-08-30T16:03:14.405798+00:00,ins_bee11d941dc6,ceo,aov,North,2527.89,0.0,2526.03,1.75,0.06,deterministic_template,0,0,0,0.0,False,True,0,MEDIUM
req_dfb5597ccc1c,2026-08-30T16:03:18.527980+00:00,ins_ebd83016333a,ceo,gross_margin,North,2065.03,0.0,2063.17,1.8,0.03,deterministic_template,0,0,0,0.0,False,True,0,MEDIUM
req_d678fb26339c,2026-08-30T16:06:09.687138+00:00,ins_bea4913844cb,ceo,revenue,North,2241.02,0.0,2239.14,1.76,0.07,deterministic_template,0,0,0,0.0,False,True,0,MEDIUM
req_6c2f9f6b98df,2026-08-30T16:06:14.059898+00:00,ins_34f14fc06ea0,ceo,revenue,North,2332.19,0.0,2331.36,0.78,0.03,deterministic_template,0,0,0,0.0,False,True,0,MEDIUM
req_32f430011b75,2026-08-30T16:06:18.745599+00:00,ins_7007d7ea9ae6,ceo,orders,North,2634.25,0.0,2633.23,0.95,0.03,deterministic_template,0,0,0,0.0,False,True,0,HIGH
req_53ab47de8420,2026-08-30T16:06:22.900708+00:00,ins_a8899f0fa0d5,ceo,conversion_rate,North,2115.97,0.0,2114.37,1.51,0.06,deterministic_template,0,0,0,0.0,False,True,0,HIGH
req_b19458eef674,2026-08-30T16:06:27.068671+00:00,ins_f810aaf33aab,ceo,aov,North,2109.66,0.0,2108.99,0.63,0.02,deterministic_template,0,0,0,0.0,False,True,0,MEDIUM
req_9d9e410eda12,2026-08-30T16:06:31.087358+00:00,ins_89f67e6e7e96,ceo,gross_margin,North,1993.22,0.0,1992.42,0.75,0.03,deterministic_template,0,0,0,0.0,False,True,0,MEDIUM
req_d13186f4b969,2026-08-30T16:13:55.473732+00:00,ins_fb3dba202caa,ceo,revenue,North,2521.43,0.0,2519.62,1.71,0.06,deterministic_template,0,0,0,0.0,False,True,0,MEDIUM
req_b02cf744e354,2026-08-30T16:13:59.497753+00:00,ins_7439896037b8,ceo,revenue,North,1945.81,0.0,1944.47,1.22,0.09,deterministic_template,0,0,0,0.0,False,True,0,MEDIUM
req_bf96c7d331e8,2026-08-30T16:14:04.180775+00:00,ins_083e87a62f53,ceo,orders,North,2623.31,0.0,2622.47,0.79,0.02,deterministic_template,0,0,0,0.0,False,True,0,HIGH
req_dd4be92c77c9,2026-08-30T16:14:08.800967+00:00,ins_9d755877ac05,ceo,conversion_rate,North,2571.28,0.0,2569.36,1.81,0.07,deterministic_template,0,0,0,0.0,False,True,0,HIGH
req_90f4d5df4afc,2026-08-30T16:14:13.532522+00:00,ins_ab178ab5a6a2,ceo,aov,North,2675.11,0.0,2673.21,1.75,0.1,deterministic_template,0,0,0,0.0,False,True,0,MEDIUM
req_c84d57fafea2,2026-08-30T16:14:18.195871+00:00,ins_136c407236dc,ceo,gross_margin,North,2603.66,0.0,2602.03,1.52,0.08,deterministic_template,0,0,0,0.0,False,True,0,MEDIUM
req_9ef94d27287a,2026-08-30T16:31:52.009154+00:00,ins_27ccd23cab60,ceo,revenue,North,2478.69,0.0,2477.17,1.42,0.06,deterministic_template,0,0,0,0.0,False,True,0,MEDIUM
req_1c4a6d56d4dd,2026-08-30T16:31:58.396221+00:00,ins_fdb091c6d8eb,ceo,revenue,North,3599.25,0.0,3586.1,1.84,0.08,deterministic_template,0,0,0,0.0,False,True,0,MEDIUM
req_691c21c8a0ad,2026-08-30T16:32:02.951307+00:00,ins_5c440da4713c,ceo,orders,North,2517.05,0.0,2516.07,0.91,0.04,deterministic_template,0,0,0,0.0,False,True,0,HIGH
req_4999b11aebfa,2026-08-30T16:32:07.754967+00:00,ins_321b0997f13b,ceo,conversion_rate,North,2756.78,0.0,2751.9,4.7,0.1,deterministic_template,0,0,0,0.0,False,True,0,HIGH
req_63f427f0249d,2026-08-30T16:32:12.891745+00:00,ins_952fda36ce80,ceo,aov,North,3078.03,0.0,3075.71,2.22,0.03,deterministic_template,0,0,0,0.0,False,True,0,MEDIUM
req_7fd719c8307c,2026-08-30T16:32:18.078942+00:00,ins_4c085faf41ff,ceo,gross_margin,North,3146.25,0.0,3145.19,0.99,0.04,deterministic_template,0,0,0,0.0,False,True,0,MEDIUM
req_cb64ab1dfa19,2026-08-30T16:39:44.073891+00:00,ins_1ca5fa59da38,ceo,revenue,North,3834.23,0.0,3831.68,2.4,0.05,deterministic_template,0,0,0,0.0,False,True,0,MEDIUM
req_8ac6e24be1f5,2026-08-30T16:39:49.988189+00:00,ins_1ee6467bc58f,ceo,revenue,North,3863.98,0.0,3859.9,3.9,0.11,deterministic_template,0,0,0,0.0,False,True,0,MEDIUM
req_28f0bee458c8,2026-08-30T16:39:55.755498+00:00,ins_aa52fe9cd21e,ceo,orders,North,3693.18,0.0,3689.09,3.95,0.07,deterministic_template,0,0,0,0.0,False,True,0,HIGH
req_13e164325d93,2026-08-30T16:40:01.680499+00:00,ins_f279481b27b1,ceo,conversion_rate,North,3881.13,0.0,3878.76,2.26,0.08,deterministic_template,0,0,0,0.0,False,True,0,HIGH
req_27b9e42f91f7,2026-08-30T16:40:07.495913+00:00,ins_2a32bf0cdd08,ceo,aov,North,3742.12,0.0,3741.19,0.87,0.03,deterministic_template,0,0,0,0.0,False,True,0,MEDIUM
req_aae7ee64adcf,2026-08-30T16:40:13.460823+00:00,ins_9ed57ffb4637,ceo,gross_margin,North,3909.75,0.0,3907.31,2.3,0.08,deterministic_template,0,0,0,0.0,False,True,0,MEDIUM
req_de6351b48f33,2026-08-30T16:40:41.029096+00:00,ins_476be08175b7,ceo,revenue,North,4593.66,0.0,4591.07,2.43,0.09,deterministic_template,0,0,0,0.0,False,True,0,MEDIUM
req_54718e63e646,2026-08-30T16:40:47.377486+00:00,ins_e5514ff2f0f1,ceo,revenue,North,4299.87,0.0,4298.32,1.42,0.08,deterministic_template,0,0,0,0.0,False,True,0,MEDIUM
req_05cb4555dbfe,2026-08-30T16:40:53.922112+00:00,ins_188f10bd908d,ceo,orders,North,4462.54,0.0,4459.73,2.69,0.07,deterministic_template,0,0,0,0.0,False,True,0,HIGH
req_72abee6d3df7,2026-08-30T16:41:00.411224+00:00,ins_b31f4dcae2e8,ceo,conversion_rate,North,4451.49,0.0,4449.52,1.83,0.07,deterministic_template,0,0,0,0.0,False,True,0,HIGH
req_de406147dbc9,2026-08-30T16:41:07.076513+00:00,ins_96884e0d64b4,ceo,aov,North,4600.14,0.0,4594.83,5.17,0.06,deterministic_template,0,0,0,0.0,False,True,0,MEDIUM
req_c4faca9a2de8,2026-08-30T16:41:13.093349+00:00,ins_fcbefc39f049,ceo,gross_margin,North,3962.05,0.0,3957.06,4.89,0.07,deterministic_template,0,0,0,0.0,False,True,0,MEDIUM
req_60fcb8d68d0d,2026-08-30T16:41:19.525103+00:00,ins_1ab7565e106c,ceo,revenue,North,4248.57,0.0,4245.03,3.35,0.14,deterministic_template,0,0,0,0.0,False,True,0,MEDIUM
req_37d4f05a6334,2026-08-30T16:41:25.863547+00:00,ins_0ec6777c70fa,ceo,revenue,North,4255.19,0.0,4252.54,2.48,0.1,deterministic_template,0,0,0,0.0,False,True,0,MEDIUM
req_762e53ff0787,2026-08-30T16:41:32.101540+00:00,ins_1f2805cc2f82,ceo,orders,North,4185.86,0.0,4181.36,4.39,0.05,deterministic_template,0,0,0,0.0,False,True,0,HIGH
req_ef82430c863d,2026-08-30T16:41:38.160912+00:00,ins_376ca82f6209,ceo,conversion_rate,North,4007.37,0.0,4005.32,1.95,0.06,deterministic_template,0,0,0,0.0,False,True,0,HIGH
req_c274b2e003f4,2026-08-30T16:41:44.313130+00:00,ins_40dd64210057,ceo,aov,North,4082.63,0.0,4080.19,2.31,0.07,deterministic_template,0,0,0,0.0,False,True,0,MEDIUM
req_a5ce7c574a04,2026-08-30T16:41:50.453605+00:00,ins_cec02b82bb40,ceo,gross_margin,North,4083.26,0.0,4081.73,1.43,0.06,deterministic_template,0,0,0,0.0,False,True,0,MEDIUM
req_fd3da763127e,2026-08-30T16:52:14.675469+00:00,ins_bacd28e78cfb,ceo,revenue,North,9970.46,0.0,9934.69,2.49,0.14,deterministic_template,0,0,0,0.0,False,True,0,MEDIUM
req_65ed45511f96,2026-08-30T16:52:21.432105+00:00,ins_b3a87122c28d,ceo,revenue,North,4693.75,0.0,4689.86,3.62,0.15,deterministic_template,0,0,0,0.0,False,True,0,MEDIUM
req_6677df62433d,2026-08-30T16:52:33.210522+00:00,ins_d9ff2330685e,ceo,revenue,North,8971.07,0.0,8966.93,3.86,0.19,deterministic_template,0,0,0,0.0,False,True,0,MEDIUM
req_3cb9c3c7b46b,2026-08-30T16:52:33.253966+00:00,ins_1eec3b9da7ad,ceo,orders,North,9782.0,0.0,9780.33,1.54,0.07,deterministic_template,0,0,0,0.0,False,True,0,HIGH
req_fde5b41514dc,2026-08-30T16:52:44.251991+00:00,ins_d36c973795a1,ceo,conversion_rate,North,8913.36,0.0,8909.43,3.76,0.07,deterministic_template,0,0,0,0.0,False,True,0,HIGH
req_a4763faa02b5,2026-08-30T16:52:44.406982+00:00,ins_b631b41345ee,ceo,revenue,North,9129.82,0.0,9127.62,2.08,0.08,deterministic_template,0,0,0,0.0,False,True,0,MEDIUM
req_09178ce2ed8c,2026-08-30T16:52:58.103730+00:00,ins_52ee96b0eb39,ceo,orders,North,11651.78,0.0,11599.02,52.64,0.07,deterministic_template,0,0,0,0.0,False,True,0,HIGH
req_3e27e3261810,2026-08-30T16:52:58.983628+00:00,ins_4a78cdd93d72,ceo,aov,North,12664.55,0.0,12662.19,2.15,0.13,deterministic_template,0,0,0,0.0,False,True,0,MEDIUM
req_1f496a76653a,2026-08-30T16:53:11.641898+00:00,ins_f3a24665f833,ceo,gross_margin,North,10415.02,0.0,10410.86,3.99,0.11,deterministic_template,0,0,0,0.0,False,True,0,MEDIUM
req_56e8c9999004,2026-08-30T16:53:11.673176+00:00,ins_7adb902fb245,ceo,conversion_rate,North,11328.75,0.0,11327.15,1.51,0.05,deterministic_template,0,0,0,0.0,False,True,0,HIGH
req_875c5faa6614,2026-08-30T16:53:19.496640+00:00,ins_f2b8f89ea91f,ceo,aov,North,5764.04,0.0,5757.23,6.61,0.11,deterministic_template,0,0,0,0.0,False,True,0,MEDIUM
req_689d2a23f55d,2026-08-30T16:53:26.410509+00:00,ins_65aca16c3417,ceo,gross_margin,North,4853.73,0.0,4850.11,3.45,0.12,deterministic_template,0,0,0,0.0,False,True,0,MEDIUM
req_76a89e15be3b,2026-08-30T16:54:05.964551+00:00,ins_e5fe3c26e262,ceo,revenue,North,5740.38,0.0,5736.5,3.67,0.13,deterministic_template,0,0,0,0.0,False,True,0,MEDIUM
req_0aeeb40fda01,2026-08-30T16:54:12.955780+00:00,ins_0b12f69d078b,ceo,revenue,North,4948.8,0.0,4946.39,2.21,0.13,deterministic_template,0,0,0,0.0,False,True,0,MEDIUM
req_c9c7ace16cde,2026-08-30T16:54:19.836022+00:00,ins_2d131d82ae19,ceo,orders,North,4820.73,0.0,4817.21,3.32,0.11,deterministic_template,0,0,0,0.0,False,True,0,HIGH
req_1d2925a52a8b,2026-08-30T16:54:26.741697+00:00,ins_0874b4cf4df8,ceo,conversion_rate,North,4862.98,0.0,4861.4,1.45,0.08,deterministic_template,0,0,0,0.0,False,True,0,HIGH
req_cc07ea1c8a0b,2026-08-30T16:54:33.799059+00:00,ins_5cf1733bb40b,ceo,aov,North,4998.26,0.0,4995.05,3.04,0.09,deterministic_template,0,0,0,0.0,False,True,0,MEDIUM
req_2f9c130b18fe,2026-08-30T16:54:40.619322+00:00,ins_dc6298b7af8c,ceo,gross_margin,North,4783.03,0.0,4779.76,3.06,0.14,deterministic_template,0,0,0,0.0,False,True,0,MEDIUM
req_b7e3d1be2a38,2026-08-30T16:54:47.647408+00:00,ins_cce163e941e9,ceo,revenue,North,4851.68,0.0,4848.35,3.17,0.09,deterministic_template,0,0,0,0.0,False,True,0,MEDIUM
req_bef291f3fc48,2026-08-30T16:54:54.094965+00:00,ins_0af09dc6d50d,ceo,revenue,North,4406.85,0.0,4403.92,2.78,0.09,deterministic_template,0,0,0,0.0,False,True,0,MEDIUM
req_45ff9e374465,2026-08-30T16:55:00.411725+00:00,ins_afcbedb21357,ceo,orders,North,4273.05,0.0,4270.46,2.37,0.15,deterministic_template,0,0,0,0.0,False,True,0,HIGH
req_3b92ac9cf610,2026-08-30T16:55:06.738600+00:00,ins_2718442047e3,ceo,conversion_rate,North,4291.19,0.0,4288.97,2.13,0.04,deterministic_template,0,0,0,0.0,False,True,0,HIGH
req_6d7884809f8d,2026-08-30T16:55:13.140697+00:00,ins_785118e64042,ceo,aov,North,4381.47,0.0,4377.83,3.54,0.04,deterministic_template,0,0,0,0.0,False,True,0,MEDIUM
req_4672c920c369,2026-08-30T16:55:20.558760+00:00,ins_4993306491cf,ceo,gross_margin,North,5389.06,0.0,5384.49,4.45,0.07,deterministic_template,0,0,0,0.0,False,True,0,MEDIUM
req_1f5a445c97e2,2026-08-30T16:56:49.112100+00:00,ins_5f2c5338e1a5,ceo,revenue,North,3423.57,0.0,3302.73,120.74,0.07,deterministic_template,0,0,0,0.0,False,True,0,MEDIUM
req_8225e9293d57,2026-08-30T16:56:50.191412+00:00,ins_9d9c48470855,ceo,revenue,North,2547.56,0.0,2546.48,1.01,0.04,deterministic_template,0,0,0,0.0,False,True,0,MEDIUM
req_a6384e5fbd36,2026-08-30T16:56:54.253659+00:00,ins_becabb9ec39a,ceo,revenue,North,2036.59,0.0,2035.18,1.31,0.06,deterministic_template,0,0,0,0.0,False,True,0,MEDIUM
req_37bbbd535f34,2026-08-30T16:56:58.367213+00:00,ins_777e5eb2e939,ceo,orders,North,2065.31,0.0,2064.07,1.17,0.03,deterministic_template,0,0,0,0.0,False,True,0,HIGH
req_bd8a4658fa05,2026-08-30T16:57:03.451691+00:00,ins_8466ad9b7e05,ceo,conversion_rate,North,3030.32,0.0,3028.73,1.5,0.05,deterministic_template,0,0,0,0.0,False,True,0,HIGH
req_8eb1fcab454b,2026-08-30T16:57:07.701722+00:00,ins_390de9c1084d,ceo,aov,North,2202.5,0.0,2201.58,0.82,0.07,deterministic_template,0,0,0,0.0,False,True,0,MEDIUM
req_2436b43a7ea2,2026-08-30T16:57:11.925624+00:00,ins_98d1d727bfe4,ceo,gross_margin,North,2169.82,0.0,2168.65,1.09,0.05,deterministic_template,0,0,0,0.0,False,True,0,MEDIUM
req_939d03ecdebc,2026-08-30T16:57:17.549430+00:00,ins_fefb1b3443ce,ceo,revenue,North,3563.94,0.0,3561.69,2.15,0.05,deterministic_template,0,0,0,0.0,False,True,0,MEDIUM
req_ca7c6b4554b1,2026-08-30T16:57:22.974383+00:00,ins_2dfe35c87349,ceo,revenue,North,3346.73,0.0,3344.3,2.28,0.09,deterministic_template,0,0,0,0.0,False,True,0,MEDIUM
req_70241247cfdf,2026-08-30T16:57:28.519244+00:00,ins_9eb4951748fd,ceo,revenue,North,3501.76,0.0,3499.35,2.26,0.1,deterministic_template,0,0,0,0.0,False,True,0,MEDIUM
req_f02ffc6349d2,2026-08-30T16:57:33.234226+00:00,ins_4979f73b8647,ceo,orders,North,2672.44,0.0,2671.0,1.36,0.04,deterministic_template,0,0,0,0.0,False,True,0,HIGH
req_ff5bcda9a3c0,2026-08-30T16:57:37.472330+00:00,ins_97257436719b,ceo,conversion_rate,North,2161.76,0.0,2160.2,1.49,0.03,deterministic_template,0,0,0,0.0,False,True,0,HIGH
req_47b5c9a03e62,2026-08-30T16:57:41.488512+00:00,ins_4f4b51abe326,ceo,aov,North,1942.68,0.0,1941.45,1.16,0.03,deterministic_template,0,0,0,0.0,False,True,0,MEDIUM
req_3acde37602ac,2026-08-30T16:57:45.602033+00:00,ins_ff09529f6c08,ceo,gross_margin,North,2039.49,0.0,2038.51,0.92,0.03,deterministic_template,0,0,0,0.0,False,True,0,MEDIUM
req_6c3c93ca0051,2026-08-30T16:58:22.872310+00:00,ins_ba8e9d10aace,ceo,revenue,North,2031.44,0.0,2030.25,1.12,0.05,deterministic_template,0,0,0,0.0,False,True,0,MEDIUM
req_9dbc9dd0fd98,2026-08-30T16:58:26.794593+00:00,ins_bca36db3d279,ceo,revenue,North,1854.65,0.0,1853.76,0.82,0.05,deterministic_template,0,0,0,0.0,False,True,0,MEDIUM
req_08ca69debf87,2026-08-30T16:58:30.773943+00:00,ins_893d14eb771a,ceo,orders,North,1955.19,0.0,1954.2,0.92,0.03,deterministic_template,0,0,0,0.0,False,True,0,HIGH
req_82e028d5619f,2026-08-30T16:58:34.684865+00:00,ins_ad41e9dc59e1,ceo,conversion_rate,North,1858.45,0.0,1856.21,2.13,0.06,deterministic_template,0,0,0,0.0,False,True,0,HIGH
req_63a784289f3a,2026-08-30T16:58:38.657348+00:00,ins_c62e6c2e2d8b,ceo,aov,North,1889.56,0.0,1888.73,0.78,0.03,deterministic_template,0,0,0,0.0,False,True,0,MEDIUM
req_078aecab5f92,2026-08-30T16:58:42.829097+00:00,ins_5fd10a23e3aa,ceo,gross_margin,North,2087.05,0.0,2084.8,2.12,0.06,deterministic_template,0,0,0,0.0,False,True,0,MEDIUM
req_98d9982f43e4,2026-08-30T16:58:46.918563+00:00,ins_6a6ea0d0f972,ceo,revenue,North,1945.16,0.0,1943.63,1.43,0.04,deterministic_template,0,0,0,0.0,False,True,0,MEDIUM
req_73c9b3df2732,2026-08-30T16:58:51.231660+00:00,ins_77ca27bd0473,ceo,revenue,North,2257.4,0.0,2255.41,1.86,0.08,deterministic_template,0,0,0,0.0,False,True,0,MEDIUM
req_4e05a9f98587,2026-08-30T16:58:55.871364+00:00,ins_66418988c3e1,ceo,orders,North,2573.6,0.0,2572.82,0.72,0.03,deterministic_template,0,0,0,0.0,False,True,0,HIGH
req_068773cbcb05,2026-08-30T16:59:01.208815+00:00,ins_3a15cca2c729,ceo,conversion_rate,North,3286.87,0.0,3285.23,1.54,0.05,deterministic_template,0,0,0,0.0,False,True,0,HIGH
req_2d15c3e02439,2026-08-30T16:59:06.894844+00:00,ins_8031fcc24a11,ceo,aov,North,3656.65,0.0,3654.8,1.74,0.07,deterministic_template,0,0,0,0.0,False,True,0,MEDIUM
req_6a8fdee22930,2026-08-30T16:59:11.770729+00:00,ins_bf5663eb6981,ceo,gross_margin,North,2805.78,0.0,2803.94,1.75,0.03,deterministic_template,0,0,0,0.0,False,True,0,MEDIUM
req_c57a446b2d89,2026-08-30T17:00:18.244660+00:00,ins_93439f457a80,ceo,revenue,North,2090.76,0.0,2089.68,0.99,0.07,deterministic_template,0,0,0,0.0,False,True,0,MEDIUM
req_702529f66263,2026-08-30T17:00:22.404004+00:00,ins_9915e003f050,ceo,revenue,North,2102.98,0.0,2101.24,1.58,0.09,deterministic_template,0,0,0,0.0,False,True,0,MEDIUM
req_8396fedf48a8,2026-08-30T17:00:26.762010+00:00,ins_d7c0aac26d49,ceo,orders,North,2274.17,0.0,2272.81,1.28,0.04,deterministic_template,0,0,0,0.0,False,True,0,HIGH
req_23a030359976,2026-08-30T17:00:30.794634+00:00,ins_9dc0a4bd8437,ceo,conversion_rate,North,1977.82,0.0,1976.75,1.01,0.03,deterministic_template,0,0,0,0.0,False,True,0,HIGH
req_2e3d3261af76,2026-08-30T17:00:35.970312+00:00,ins_e246e28f07f6,ceo,aov,North,3164.43,0.0,3163.1,1.25,0.03,deterministic_template,0,0,0,0.0,False,True,0,MEDIUM
req_73269fbbe1a2,2026-08-30T17:00:41.246647+00:00,ins_4a69df7ac710,ceo,gross_margin,North,3218.8,0.0,3216.29,2.37,0.08,deterministic_template,0,0,0,0.0,False,True,0,MEDIUM
req_9ca65fa393a1,2026-08-30T17:01:32.203351+00:00,ins_e493f5ee6f4b,ceo,revenue,North,10609.41,0.0,10607.13,2.12,0.1,deterministic_template,0,0,0,0.0,False,True,0,MEDIUM
req_b0db2e707fda,2026-08-30T17:01:32.320759+00:00,ins_91f0d9df3fa4,ceo,revenue,North,9495.89,0.0,9494.15,1.63,0.06,deterministic_template,0,0,0,0.0,False,True,0,MEDIUM
req_8cf716b1a039,2026-08-30T17:01:43.842159+00:00,ins_7fa86391232c,ceo,revenue,North,9559.33,0.0,9465.93,93.26,0.1,deterministic_template,0,0,0,0.0,False,True,0,MEDIUM
req_da445cb1c5ee,2026-08-30T17:01:44.205590+00:00,ins_2b07619cec3e,ceo,revenue,North,9843.96,0.0,9840.6,3.16,0.12,deterministic_template,0,0,0,0.0,False,True,0,MEDIUM
req_c8c7c74bf41b,2026-08-30T17:01:56.207835+00:00,ins_dab4d54ee69a,ceo,orders,North,9819.09,0.0,9810.04,8.61,0.37,deterministic_template,0,0,0,0.0,False,True,0,HIGH
req_372d86afe6a3,2026-08-30T17:01:56.244165+00:00,ins_36fd6e5636d2,ceo,orders,North,10297.06,0.0,10293.58,3.35,0.06,deterministic_template,0,0,0,0.0,False,True,0,HIGH
req_d9c26afb22b5,2026-08-30T17:02:08.139998+00:00,ins_efc2b783b2cc,ceo,conversion_rate,North,9845.72,0.0,9840.94,4.62,0.09,deterministic_template,0,0,0,0.0,False,True,0,HIGH
req_4846ea96dfe9,2026-08-30T17:02:08.305699+00:00,ins_6a64fb94f56e,ceo,conversion_rate,North,10045.79,0.0,10043.7,1.94,0.07,deterministic_template,0,0,0,0.0,False,True,0,HIGH
req_96d92124af61,2026-08-30T17:02:20.356520+00:00,ins_f56398e11439,ceo,aov,North,9995.23,0.0,9992.57,2.51,0.05,deterministic_template,0,0,0,0.0,False,True,0,MEDIUM
req_adfbe8d770ef,2026-08-30T17:02:20.392640+00:00,ins_5d604e500df1,ceo,aov,North,10187.53,0.0,10185.73,1.68,0.06,deterministic_template,0,0,0,0.0,False,True,0,MEDIUM
req_508f882c57e3,2026-08-30T17:02:33.943493+00:00,ins_fadb92d66e6d,ceo,gross_margin,North,11491.93,0.0,11486.84,4.93,0.05,deterministic_template,0,0,0,0.0,False,True,0,MEDIUM
req_06d9a5a220f7,2026-08-30T17:02:34.707293+00:00,ins_4d96d824f41e,ceo,gross_margin,North,12287.58,0.0,12166.36,121.12,0.05,deterministic_template,0,0,0,0.0,False,True,0,MEDIUM
req_af2456f6070f,2026-08-30T17:02:39.382574+00:00,ins_eb4deeafdff1,ceo,revenue,North,8509.04,0.0,8419.48,89.31,0.15,deterministic_template,0,0,0,0.0,False,True,0,MEDIUM
req_bc10619338c4,2026-08-30T17:02:44.420102+00:00,ins_a4836efda4c1,ceo,revenue,North,7421.09,0.0,7287.98,132.95,0.08,deterministic_template,0,0,0,0.0,False,True,0,MEDIUM
req_1f885a279418,2026-08-30T17:02:48.755320+00:00,ins_1a582e2e79ea,ceo,revenue,North,7077.04,0.0,7028.39,48.35,0.22,deterministic_template,0,0,0,0.0,False,True,0,MEDIUM
req_d9fbaf6ef302,2026-08-30T17:02:54.265930+00:00,ins_1b3ca93bd8ad,ceo,revenue,North,7738.74,0.0,7708.38,30.22,0.07,deterministic_template,0,0,0,0.0,False,True,0,MEDIUM
req_c40a2d907f49,2026-08-30T17:02:59.725146+00:00,ins_816d0fb0205f,ceo,orders,North,8584.72,0.0,8541.68,42.87,0.08,deterministic_template,0,0,0,0.0,False,True,0,HIGH
req_9454c3b4a2aa,2026-08-30T17:03:04.966047+00:00,ins_71b37885e0ab,ceo,orders,North,8473.55,0.0,8426.91,46.56,0.05,deterministic_template,0,0,0,0.0,False,True,0,HIGH
req_e96b0484c448,2026-08-30T17:03:09.143809+00:00,ins_867ab9755d28,ceo,conversion_rate,North,7187.13,0.0,7176.75,8.88,0.06,deterministic_template,0,0,0,0.0,False,True,0,HIGH
req_3609f033ef64,2026-08-30T17:03:15.772901+00:00,ins_24f05dc8f940,ceo,conversion_rate,North,8679.18,0.0,8606.17,72.91,0.06,deterministic_template,0,0,0,0.0,False,True,0,HIGH
req_a11a3542d4f8,2026-08-30T17:03:21.822508+00:00,ins_f20a0a60a313,ceo,aov,North,10516.33,0.0,10482.71,33.46,0.09,deterministic_template,0,0,0,0.0,False,True,0,MEDIUM
req_3920514faac8,2026-08-30T17:03:25.149678+00:00,ins_f4ce76d4b78b,ceo,aov,North,7201.55,0.0,7190.49,10.94,0.07,deterministic_template,0,0,0,0.0,False,True,0,MEDIUM
req_091051b6dbfa,2026-08-30T17:03:32.045310+00:00,ins_38d6503593cf,ceo,gross_margin,North,7772.82,0.0,7605.21,167.45,0.09,deterministic_template,0,0,0,0.0,False,True,0,MEDIUM
req_60e756b866b0,2026-08-30T17:03:36.673291+00:00,ins_8bbeba515ff3,ceo,gross_margin,North,9387.13,0.0,9354.6,32.4,0.08,deterministic_template,0,0,0,0.0,False,True,0,MEDIUM
req_ebb7e9294613,2026-08-30T17:03:40.503176+00:00,ins_7f714e5dbd5b,ceo,revenue,North,6819.31,0.0,6816.29,2.8,0.13,deterministic_template,0,0,0,0.0,False,True,0,MEDIUM
req_b930a6aeb056,2026-08-30T17:03:48.599166+00:00,ins_dbbc5f92ee8e,ceo,revenue,North,6053.69,0.0,6049.8,3.75,0.06,deterministic_template,0,0,0,0.0,False,True,0,MEDIUM
req_0966a4c21036,2026-08-30T17:03:54.773472+00:00,ins_eb8eaf20e007,ceo,orders,North,4116.69,0.0,4114.39,2.17,0.06,deterministic_template,0,0,0,0.0,False,True,0,HIGH
req_6c18e83ef5fa,2026-08-30T17:04:00.485548+00:00,ins_8bf74da417d9,ceo,conversion_rate,North,3662.92,0.0,3660.51,2.28,0.06,deterministic_template,0,0,0,0.0,False,True,0,HIGH
req_f26e450d03d2,2026-08-30T17:04:06.754084+00:00,ins_43192503f0dc,ceo,aov,North,4215.78,0.0,4213.95,1.73,0.06,deterministic_template,0,0,0,0.0,False,True,0,MEDIUM
req_8e337a5b7955,2026-08-30T17:04:12.733984+00:00,ins_3936e2d6f2dc,ceo,gross_margin,North,3932.93,0.0,3929.12,3.59,0.15,deterministic_template,0,0,0,0.0,False,True,0,MEDIUM
req_b83f9073265b,2026-08-30T17:04:47.930405+00:00,ins_f256e6f53878,ceo,revenue,North,6502.53,0.0,6500.76,1.6,0.1,deterministic_template,0,0,0,0.0,False,True,0,MEDIUM
req_972a0c24df77,2026-08-30T17:04:55.747210+00:00,ins_4ecb3e60f630,ceo,revenue,North,5751.2,0.0,5745.79,5.04,0.08,deterministic_template,0,0,0,0.0,False,True,0,MEDIUM
req_72ec04519cb6,2026-08-30T17:05:03.262225+00:00,ins_d35dfca6c998,ceo,orders,North,5457.43,0.0,5454.09,3.19,0.07,deterministic_template,0,0,0,0.0,False,True,0,HIGH
req_6fa4bbdd3a12,2026-08-30T17:05:11.289930+00:00,ins_ce476785107d,ceo,conversion_rate,North,5959.84,0.0,5956.09,3.39,0.3,deterministic_template,0,0,0,0.0,False,True,0,HIGH
req_73b26ea4c6bd,2026-08-30T17:05:23.560386+00:00,ins_04879acad890,ceo,aov,North,10214.99,0.0,10145.9,68.87,0.13,deterministic_template,0,0,0,0.0,False,True,0,MEDIUM
req_a30697202060,2026-08-30T17:05:26.332244+00:00,ins_789024ada244,ceo,revenue,North,7195.57,0.0,7149.79,45.67,0.07,deterministic_template,0,0,0,0.0,False,True,0,MEDIUM
req_37076b8f3baf,2026-08-30T17:05:36.558679+00:00,ins_2ebab5cfd1d2,ceo,gross_margin,North,10729.82,0.0,10566.43,163.11,0.07,deterministic_template,0,0,0,0.0,False,True,0,MEDIUM
req_cc40e214bec1,2026-08-30T17:05:36.992417+00:00,ins_ee1d3a416266,ceo,revenue,North,8469.01,0.0,8466.23,2.59,0.12,deterministic_template,0,0,0,0.0,False,True,0,MEDIUM
req_ed1c2bd1c56d,2026-08-30T17:05:45.161517+00:00,ins_4dd0ebb873de,ceo,orders,North,6107.53,0.0,6103.53,3.87,0.08,deterministic_template,0,0,0,0.0,False,True,0,HIGH
req_3a1b91bad4bc,2026-08-30T17:05:52.599557+00:00,ins_33ddb383cd14,ceo,conversion_rate,North,5358.26,0.0,5356.46,1.7,0.05,deterministic_template,0,0,0,0.0,False,True,0,HIGH
req_bb317a2c5db4,2026-08-30T17:06:00.348989+00:00,ins_ec86e8c35763,ceo,aov,North,5665.15,0.0,5601.66,63.33,0.07,deterministic_template,0,0,0,0.0,False,True,0,MEDIUM
req_a53981d6f421,2026-08-30T17:06:05.615535+00:00,ins_37326c649c6f,ceo,revenue,North,6431.76,0.0,6414.26,17.4,0.06,deterministic_template,0,0,0,0.0,False,True,0,MEDIUM
req_82bacf8589ef,2026-08-30T17:06:10.785909+00:00,ins_a87a6e2d7eb2,ceo,gross_margin,North,8105.36,0.0,7936.57,168.69,0.06,deterministic_template,0,0,0,0.0,False,True,0,MEDIUM
req_2eb7a5e4dd64,2026-08-30T17:06:14.972474+00:00,ins_dd21f16dce55,ceo,revenue,North,7202.42,0.0,7197.57,4.51,0.22,deterministic_template,0,0,0,0.0,False,True,0,MEDIUM
req_1aa0e4efe153,2026-08-30T17:06:23.180189+00:00,ins_dcf8ef547534,ceo,orders,North,6139.14,0.0,6137.65,1.4,0.05,deterministic_template,0,0,0,0.0,False,True,0,HIGH
req_9af8b80d4af7,2026-08-30T17:06:29.963661+00:00,ins_2e7b8777f75a,ceo,conversion_rate,North,4727.98,0.0,4725.5,2.37,0.06,deterministic_template,0,0,0,0.0,False,True,0,HIGH
req_d1bcae6873d0,2026-08-30T17:06:37.002955+00:00,ins_e6392e41bbb2,ceo,aov,North,4980.5,0.0,4977.32,3.09,0.05,deterministic_template,0,0,0,0.0,False,True,0,MEDIUM
req_4c38893437cc,2026-08-30T17:06:43.846808+00:00,ins_627a28c31d08,ceo,gross_margin,North,4774.34,0.0,4770.42,3.73,0.12,deterministic_template,0,0,0,0.0,False,True,0,MEDIUM
req_2a4adb32d3e6,2026-08-30T17:06:52.561098+00:00,ins_78a34b99ea51,ceo,revenue,North,6518.2,0.0,6360.36,157.69,0.11,deterministic_template,0,0,0,0.0,False,True,0,MEDIUM
req_655cc92028ec,2026-08-30T17:06:54.924373+00:00,ins_77f2b028301e,ceo,revenue,North,5198.81,0.0,5196.7,2.0,0.06,deterministic_template,0,0,0,0.0,False,True,0,MEDIUM
req_90778beec1dc,2026-08-30T17:07:00.790728+00:00,ins_594beeb5352d,ceo,revenue,North,3812.56,0.0,3808.32,4.06,0.15,deterministic_template,0,0,0,0.0,False,True,0,MEDIUM
req_75c5a4a33d49,2026-08-30T17:07:06.222777+00:00,ins_980cc34e825b,ceo,orders,North,3383.89,0.0,3381.73,2.08,0.05,deterministic_template,0,0,0,0.0,False,True,0,HIGH
req_bccd44c8d35a,2026-08-30T17:07:13.117690+00:00,ins_1ee225df7a44,ceo,conversion_rate,North,4854.98,0.0,4852.63,2.21,0.08,deterministic_template,0,0,0,0.0,False,True,0,HIGH
req_b61d548ee196,2026-08-30T17:07:26.468390+00:00,ins_ebbf783c87d6,ceo,aov,North,11285.04,0.0,11277.24,7.68,0.07,deterministic_template,0,0,0,0.0,False,True,0,MEDIUM
req_b5eb797c243f,2026-08-30T17:07:26.767726+00:00,ins_2508f5d359f3,ceo,revenue,North,9594.54,0.0,9590.88,3.31,0.26,deterministic_template,0,0,0,0.0,False,True,0,MEDIUM
req_dd89fcf1c26e,2026-08-30T17:07:38.390701+00:00,ins_0e993f1ffb03,ceo,gross_margin,North,9838.58,0.0,9762.54,75.7,0.17,deterministic_template,0,0,0,0.0,False,True,0,MEDIUM
req_eb77f4d599f7,2026-08-30T17:07:40.378280+00:00,ins_8f31b56e9211,ceo,revenue,North,11244.42,0.0,11241.73,2.55,0.07,deterministic_template,0,0,0,0.0,False,True,0,MEDIUM
req_1695696194f6,2026-08-30T17:07:46.686882+00:00,ins_dff0806c9c8a,ceo,orders,North,4275.02,0.0,4272.22,2.69,0.05,deterministic_template,0,0,0,0.0,False,True,0,HIGH
req_c286992457e3,2026-08-30T17:07:53.739313+00:00,ins_07f18406f9ef,ceo,conversion_rate,North,4988.88,0.0,4987.37,1.4,0.05,deterministic_template,0,0,0,0.0,False,True,0,HIGH
req_1160cec4687a,2026-08-30T17:08:00.875468+00:00,ins_44ebc6c8ef7f,ceo,aov,North,5065.19,0.0,5062.97,2.08,0.06,deterministic_template,0,0,0,0.0,False,True,0,MEDIUM
req_135fec043049,2026-08-30T17:08:06.695316+00:00,ins_acd2434baf89,ceo,gross_margin,North,3776.2,0.0,3774.65,1.45,0.06,deterministic_template,0,0,0,0.0,False,True,0,MEDIUM
req_8dbefaae9b15,2026-08-30T17:08:12.715090+00:00,ins_a816ade97b4c,ceo,revenue,North,3830.37,0.0,3825.9,4.25,0.16,deterministic_template,0,0,0,0.0,False,True,0,MEDIUM
req_7b561f44fa8c,2026-08-30T17:08:20.096264+00:00,ins_b33c9dd6990e,ceo,revenue,North,5330.49,0.0,5316.1,14.19,0.11,deterministic_template,0,0,0,0.0,False,True,0,MEDIUM
req_52d15380121a,2026-08-30T17:08:26.196336+00:00,ins_2ddc54034c7b,ceo,orders,North,4010.91,0.0,4009.32,1.49,0.05,deterministic_template,0,0,0,0.0,False,True,0,HIGH
req_703d6e4d4e3b,2026-08-30T17:08:31.396770+00:00,ins_fd116e1e604d,ceo,conversion_rate,North,3141.2,0.0,3138.67,2.4,0.07,deterministic_template,0,0,0,0.0,False,True,0,HIGH
req_bcefcdeb80a0,2026-08-30T17:08:37.410338+00:00,ins_b1b1e76c7a92,ceo,aov,North,3969.12,0.0,3967.11,1.89,0.06,deterministic_template,0,0,0,0.0,False,True,0,MEDIUM
req_185d696bda30,2026-08-30T17:08:43.381957+00:00,ins_0b86cfb46ff6,ceo,gross_margin,North,3912.38,0.0,3910.32,1.98,0.04,deterministic_template,0,0,0,0.0,False,True,0,MEDIUM
req_d67e26d69a23,2026-08-30T17:10:49.367140+00:00,ins_d22517c5572f,ceo,revenue,North,3641.03,0.0,3637.4,3.38,0.15,deterministic_template,0,0,0,0.0,False,True,0,MEDIUM
req_a75392123a9e,2026-08-30T17:10:55.312624+00:00,ins_f09e55a80fb8,ceo,revenue,North,3888.33,0.0,3887.18,1.08,0.05,deterministic_template,0,0,0,0.0,False,True,0,MEDIUM
req_a1c7e2bcc14a,2026-08-30T17:11:00.712157+00:00,ins_5ce34deea9c6,ceo,orders,North,3355.43,0.0,3353.8,1.55,0.04,deterministic_template,0,0,0,0.0,False,True,0,HIGH
req_20cac80680cc,2026-08-30T17:11:06.874033+00:00,ins_1713865b40e8,ceo,conversion_rate,North,4116.71,0.0,4115.31,1.28,0.04,deterministic_template,0,0,0,0.0,False,True,0,HIGH
req_d7bd22a85b29,2026-08-30T17:11:12.448212+00:00,ins_aa5c5f90b887,ceo,aov,North,3533.05,0.0,3530.47,2.46,0.06,deterministic_template,0,0,0,0.0,False,True,0,MEDIUM
req_2e2d3471a9dd,2026-08-30T17:11:18.071474+00:00,ins_96cecbab819c,ceo,gross_margin,North,3568.6,0.0,3566.57,1.92,0.07,deterministic_template,0,0,0,0.0,False,True,0,MEDIUM
req_b99121324e3b,2026-08-30T17:12:36.826538+00:00,ins_f58cb10d7258,ceo,revenue,North,3715.78,0.0,3713.88,1.77,0.08,deterministic_template,0,0,0,0.0,False,True,0,MEDIUM
req_d5b2508178c3,2026-08-30T17:12:43.189870+00:00,ins_c248859cd38e,ceo,revenue,North,4331.2,0.0,4329.27,1.84,0.06,deterministic_template,0,0,0,0.0,False,True,0,MEDIUM
req_e94640c5ff91,2026-08-30T17:12:49.574304+00:00,ins_0e49fb6ea373,ceo,orders,North,4350.13,0.0,4348.56,1.48,0.04,deterministic_template,0,0,0,0.0,False,True,0,HIGH
req_90cb93d7eb48,2026-08-30T17:12:55.835783+00:00,ins_1189d05542fe,ceo,conversion_rate,North,4227.79,0.0,4226.08,1.61,0.06,deterministic_template,0,0,0,0.0,False,True,0,HIGH
req_2f4b164ad01a,2026-08-30T17:13:02.198150+00:00,ins_7888d2a57e6d,ceo,aov,North,4305.66,0.0,4304.44,1.15,0.04,deterministic_template,0,0,0,0.0,False,True,0,MEDIUM
req_8ec4c4148524,2026-08-30T17:13:08.490316+00:00,ins_50632ccd3bf5,ceo,gross_margin,North,4251.92,0.0,4250.92,0.93,0.04,deterministic_template,0,0,0,0.0,False,True,0,MEDIUM
