date,region,channel,impressions,clicks,sessions,checkout_starts,checkout_completes,marketing_spend,revenue,orders,cogs,conversion_rate,aov,gross_margin,checkout_success_rate
2025-05-01,East,App,6828,503,308,31.81,12.41,5664.34,88832.6,13,57875.18,0.04220779220779221,6833.276923076924,0.3484916573420119,0.39012889028607356
2025-05-01,East,Marketplace,5910,409,255,26.380000000000003,10.29,4831.12,66848.12000000001,11,44565.86,0.043137254901960784,6077.101818181819,0.33332665151989327,0.39006823351023495
2025-05-01,East,Web,8214,604,370,38.5,15.02,6713.57,129965.08,15,84823.97,0.04054054054054054,8664.338666666667,0.34733260657401205,0.3901298701298701
2025-05-01,North,App,9112,617,397,41.379999999999995,16.14,7379.91,92307.95999999999,17,74437.06,0.042821158690176324,5429.879999999999,0.19360085522418646,0.39004349927501214
2025-05-01,North,Marketplace,8648,582,359,37.69,14.69,6882.5,202516.83000000002,15,142221.34999999998,0.04178272980501393,13501.122000000001,0.2977307120598324,0.3897585566463253
2025-05-01,North,Web,11686,733,488,51.989999999999995,20.28,8573.9,207411.85,20,148040.98,0.040983606557377046,10370.5925,0.2862462776355353,0.3900750144258512
2025-05-01,South,App,8198,567,359,38.55,15.040000000000001,6419.04,71980.87,15,46944.73,0.04178272980501393,4798.724666666666,0.34781657959955187,0.39014267185473417
2025-05-01,South,Marketplace,6993,484,298,31.58,12.309999999999999,5668.54,110790.58,12,82230.8,0.040268456375838924,9232.548333333334,0.2577816633869053,0.38980367321089293
2025-05-01,South,Web,9727,650,407,42.0,16.38,7671.51,154095.33,17,104064.9,0.04176904176904177,9064.431176470587,0.32467194171296426,0.38999999999999996
2025-05-01,West,App,8937,621,394,40.23,15.69,7513.69,118126.88,17,79945.46,0.04314720812182741,6948.64,0.3232238081628838,0.3900074571215511
2025-05-01,West,Marketplace,7067,526,319,34.480000000000004,13.45,5827.79,125631.69,13,85286.34,0.04075235109717868,9663.976153846153,0.32113991302672124,0.3900812064965197
2025-05-01,West,Web,10823,733,457,48.19,18.79,8814.310000000001,123951.61,19,91725.08,0.04157549234135667,6523.768947368421,0.2599928310733519,0.3899149201079062
2025-05-02,East,App,6581,438,281,28.97,11.3,4868.17,97692.42,12,64596.1,0.042704626334519574,8141.035,0.33878083888187027,0.39005868139454614
2025-05-02,East,Marketplace,5809,380,245,25.520000000000003,9.95,4813.81,90729.91,10,73847.18000000001,0.04081632653061224,9072.991,0.1860767854834199,0.3898902821316614
2025-05-02,East,Web,8079,534,352,36.71,14.31,6489.91,57181.659999999996,15,40086.67,0.04261363636363636,3812.1106666666665,0.29895931667601117,0.3898120403159902
2025-05-02,North,App,10188,679,427,44.45,17.330000000000002,7765.550000000001,191966.0,17,127827.0,0.03981264637002342,11292.117647058823,0.33411645812279256,0.38987626546681664
2025-05-02,North,Marketplace,7808,534,333,34.28,13.370000000000001,5808.67,121867.23000000001,14,92222.12,0.042042042042042045,8704.802142857143,0.24325743680232997,0.39002333722287047
2025-05-02,North,Web,10724,743,455,47.879999999999995,18.67,8273.93,143419.5,19,94616.79999999999,0.041758241758241756,7548.394736842105,0.3402793901805543,0.3899331662489558
2025-05-02,South,App,8302,565,367,38.28,14.93,6571.79,162157.51,15,108269.81,0.04087193460490463,10810.500666666667,0.3323170169546881,0.3900208986415883
2025-05-02,South,Marketplace,7223,499,307,32.31,12.6,5560.99,142678.61,13,95919.82,0.04234527687296417,10975.27769230769,0.32772109288140655,0.3899721448467966
2025-05-02,South,Web,10165,681,431,45.31,17.67,7794.01,86503.13,18,56781.69,0.04176334106728538,4805.729444444445,0.3435880297048211,0.38998013683513577
2025-05-02,West,App,8538,635,396,41.120000000000005,16.04,7412.8,111639.36,17,111883.39,0.04292929292929293,6567.021176470588,-0.002185877812269784,0.3900778210116731
2025-05-02,West,Marketplace,7888,509,321,33.67,13.14,5998.360000000001,127185.1,14,93021.18000000001,0.04361370716510903,9084.65,0.2686157419383245,0.39025839025839026
2025-05-02,West,Web,10738,681,450,46.989999999999995,18.330000000000002,7947.880000000001,209900.41,19,140384.57,0.042222222222222223,11047.39,0.3311848700057327,0.39008299638220906
2025-05-03,East,App,7929,543,352,37.69,14.7,6560.73,119300.13,15,80523.26000000001,0.04261363636363636,7953.342000000001,0.3250362761549379,0.3900238790130008
2025-05-03,East,Marketplace,5954,441,269,29.330000000000002,11.43,4791.21,95918.12,11,63168.03,0.040892193308550186,8719.82909090909,0.34143798898477157,0.38970337538356625
2025-05-03,East,Web,8640,613,384,39.0,15.21,6741.639999999999,165416.61,16,115752.42000000001,0.041666666666666664,10338.538125,0.3002370197285507,0.39
2025-05-03,North,App,10537,733,471,48.36,18.86,9338.43,176214.46,19,115774.39,0.040339702760084924,9274.445263157895,0.34299154564273554,0.38999172870140614
2025-05-03,North,Marketplace,8755,586,384,40.84,15.93,6634.07,207173.83000000002,17,137010.57,0.044270833333333336,12186.695882352942,0.3386685470843494,0.3900587659157688
2025-05-03,North,Web,12710,857,522,55.019999999999996,21.46,9737.5,241432.34,22,166178.26,0.0421455938697318,10974.197272727273,0.31169842449441526,0.3900399854598328
2025-05-03,South,App,9553,640,410,41.36,16.13,7230.139999999999,137404.76,17,93477.17,0.041463414634146344,8082.632941176471,0.3196948198883358,0.38999032882011603
2025-05-03,South,Marketplace,8036,536,334,34.97,13.64,5993.29,158339.02,14,108537.26000000001,0.041916167664670656,11309.929999999998,0.3145261351244942,0.3900486130969403
2025-05-03,South,Web,11345,793,454,48.42,18.88,8524.66,132334.36,20,86439.74,0.04405286343612335,6616.717999999999,0.3468080398771716,0.38992152003304414
2025-05-03,West,App,9300,656,427,44.45,17.34,8072.33,182742.84,18,122098.21,0.04215456674473068,10152.38,0.3318577625257438,0.3901012373453318
2025-05-03,West,Marketplace,8424,595,369,38.769999999999996,15.12,7333.93,117985.67,15,75671.69,0.04065040650406504,7865.711333333334,0.3586366039197811,0.3899922620582925
2025-05-03,West,Web,11243,786,492,52.05,20.31,9518.05,116415.25,20,79757.44,0.04065040650406504,5820.7625,0.3148883844685297,0.39020172910662826
2025-05-04,East,App,7850,538,343,37.0,14.43,6522.719999999999,77499.48,14,61116.659999999996,0.04081632653061224,5535.677142857143,0.2113926441829029,0.39
2025-05-04,East,Marketplace,6043,443,276,29.05,11.33,5161.030000000001,134595.79,12,86656.72,0.043478260869565216,11216.315833333334,0.35617064991408726,0.3900172117039587
2025-05-04,East,Web,8969,631,398,41.849999999999994,16.330000000000002,6893.84,156412.47999999998,16,112665.67,0.04020100502512563,9775.779999999999,0.2796887435069119,0.39020310633213867
2025-05-04,North,App,10612,826,491,50.31,19.62,9155.91,181527.6,21,120442.39,0.04276985743380855,8644.17142857143,0.33650645962377074,0.38998211091234347
2025-05-04,North,Marketplace,10109,638,414,43.07,16.8,7578.33,130132.41,17,83653.20999999999,0.04106280193236715,7654.847647058824,0.35716851781965775,0.3900626886463896
2025-05-04,North,Web,13645,917,566,58.97,23.0,10583.57,215351.04,25,141423.16,0.044169611307420496,8614.0416,0.3432900997366904,0.3900288282177378
2025-05-04,South,App,9684,614,410,43.08,16.8,8096.09,107403.62000000001,17,72113.73,0.041463414634146344,6317.860000000001,0.32857263097836004,0.3899721448467967
2025-05-04,South,Marketplace,7484,536,338,34.7,13.53,6002.23,109491.12,14,72727.34000000001,0.04142011834319527,7820.794285714285,0.3357695126326225,0.38991354466858785
2025-05-04,South,Web,10485,726,456,47.519999999999996,18.53,8699.189999999999,137090.13999999998,19,90296.08,0.041666666666666664,7215.270526315789,0.3413378963651214,0.3899410774410775
2025-05-04,West,App,10040,648,415,43.81,17.09,7453.1,118872.5,17,80370.84,0.04096385542168675,6992.5,0.3238903867589224,0.3900935859392832
2025-05-04,West,Marketplace,7845,562,357,37.43,14.600000000000001,5925.07,105282.31000000001,15,70113.2,0.04201680672268908,7018.820666666667,0.3340457670429155,0.3900614480363345
2025-05-04,West,Web,11348,812,512,55.730000000000004,21.740000000000002,10640.62,150969.66,21,99941.99,0.041015625,7189.0314285714285,0.33799950268153217,0.3900951013816616
2025-05-05,East,App,7850,524,324,33.35,13.0,5779.88,146601.02,14,95900.14,0.043209876543209874,10471.501428571428,0.34584261419190665,0.38980509745127434
2025-05-05,East,Marketplace,6392,421,272,29.12,11.36,4613.98,90369.72,11,59103.54,0.04044117647058824,8215.42909090909,0.3459807112382333,0.39010989010989006
2025-05-05,East,Web,9105,609,362,38.03,14.83,6816.33,202545.79,15,133742.27,0.04143646408839779,13503.052666666666,0.3396936564319605,0.3899552984485932
2025-05-05,North,App,11107,661,429,46.59,18.169999999999998,7508.76,152132.25,19,102142.88,0.04428904428904429,8006.960526315789,0.3285915379546414,0.38999785361665584
2025-05-05,North,Marketplace,8168,589,371,40.239999999999995,15.69,6978.52,120702.05,15,82318.77,0.04043126684636118,8046.803333333333,0.3180002328046624,0.3899105367793241
2025-05-05,North,Web,10897,864,507,51.36,20.03,9319.1,125479.68,21,85184.34,0.04142011834319527,5975.222857142857,0.3211304013526333,0.38999221183800625
2025-05-05,South,App,8690,629,388,40.83,15.93,7069.8099999999995,134705.03,16,102477.36,0.041237113402061855,8419.064375,0.23924622562349748,0.39015429831006615
2025-05-05,South,Marketplace,7802,541,338,35.78,13.95,6308.71,88727.33,14,57469.35,0.04142011834319527,6337.666428571429,0.35229257997507646,0.38988261598658464
2025-05-05,South,Web,10664,714,466,48.620000000000005,18.96,8809.619999999999,197244.66,19,128555.97,0.0407725321888412,10381.297894736843,0.34824106264777965,0.3899629781982723
2025-05-05,West,App,8540,664,418,45.120000000000005,17.59,7789.26,165745.35,17,113575.83,0.04066985645933014,9749.726470588235,0.3147570655828354,0.3898492907801418
2025-05-05,West,Marketplace,7545,574,355,37.03,14.450000000000001,6665.76,73329.03,15,82079.92,0.04225352112676056,4888.602,-0.11933732111279802,0.39022414258709154
2025-05-05,West,Web,10950,769,483,50.69,19.76,9035.3,183568.02000000002,20,120929.47,0.041407867494824016,9178.401000000002,0.3412280091052898,0.3898204774117183
2025-05-06,East,App,7405,500,307,32.38,12.620000000000001,5486.549999999999,162913.39,13,123199.11,0.04234527687296417,12531.799230769231,0.24377541956496032,0.3897467572575664
2025-05-06,East,Marketplace,5774,414,247,25.93,10.11,4629.41,74224.76,11,46279.92,0.044534412955465584,6747.705454545454,0.3764894625459213,0.38989587350559196
2025-05-06,East,Web,8619,628,392,40.62,15.84,7477.620000000001,128030.92,16,85227.6,0.04081632653061224,8001.9325,0.3343201782819337,0.38995568685376664
2025-05-06,North,App,10200,729,433,46.54,18.15,7871.650000000001,122145.84,19,80896.64,0.04387990762124711,6428.728421052631,0.33770450143860814,0.3899871078642028
2025-05-06,North,Marketplace,9176,643,391,42.47,16.57,7396.879999999999,95834.78,16,63922.88,0.04092071611253197,5989.67375,0.33298871244865386,0.3901577584177066
2025-05-06,North,Web,12555,884,554,59.1,23.049999999999997,9480.07,235109.9,24,156874.3,0.04332129963898917,9796.245833333332,0.3327618275538376,0.39001692047377323
2025-05-06,South,App,9529,678,402,43.07,16.79,7353.33,106171.84,17,69584.84,0.04228855721393035,6245.402352941176,0.3446017324367742,0.38983050847457623
2025-05-06,South,Marketplace,7319,528,335,35.16,13.71,5728.6,166103.0,14,112519.28,0.041791044776119404,11864.5,0.32259333064423884,0.38993174061433455
2025-05-06,South,Web,10780,693,450,46.55,18.16,8340.14,105618.58,19,68157.55,0.042222222222222223,5558.872631578947,0.354682197014957,0.3901181525241676
2025-05-06,West,App,10173,707,427,44.36,17.31,8228.380000000001,170413.26,18,113940.79000000001,0.04215456674473068,9467.403333333334,0.33138542153351214,0.39021641118124434
2025-05-06,West,Marketplace,7880,567,356,37.57,14.65,6660.5,94670.24,15,61957.35,0.042134831460674156,6311.349333333334,0.3455456540513683,0.38993878094224116
2025-05-06,West,Web,9745,762,455,48.31,18.84,8175.24,260221.15,19,168247.37,0.041758241758241756,13695.85,0.35344467580748146,0.3899813703167046
2025-05-07,East,App,7012,466,298,31.43,12.260000000000002,5716.719999999999,77783.41,12,54922.64,0.040268456375838924,6481.950833333333,0.2939029029454996,0.3900731784918868
2025-05-07,East,Marketplace,5578,401,247,26.310000000000002,10.26,4608.01,65938.12000000001,11,44043.79,0.044534412955465584,5994.374545454546,0.33204358874654,0.3899657924743443
2025-05-07,East,Web,7436,519,317,32.98,12.86,5879.139999999999,109354.07,14,72180.56,0.04416403785488959,7811.005,0.3399371418000263,0.3899332929047908
2025-05-07,North,App,10150,719,438,45.209999999999994,17.64,7800.4,147234.36000000002,19,104913.65,0.04337899543378995,7749.176842105264,0.2874377285302155,0.3901791639017917
2025-05-07,North,Marketplace,8305,567,348,37.17,14.5,6860.88,68434.23,15,46696.89,0.04310344827586207,4562.282,0.31763840990101005,0.3900995426419155
2025-05-07,North,Web,10555,767,481,51.47,20.07,9064.98,174636.15,20,156129.57,0.04158004158004158,8731.807499999999,0.10597221709250913,0.38993588498154264
2025-05-07,South,App,7895,552,363,36.95,14.41,7143.74,131882.42,15,88044.52,0.04132231404958678,8792.161333333333,0.3324013920884983,0.3899864682002706
2025-05-07,South,Marketplace,6852,450,295,31.22,12.17,5562.24,195205.93,12,129269.68000000001,0.04067796610169491,16267.160833333333,0.33777790459541873,0.3898142216527867
2025-05-07,South,Web,11190,717,455,45.93,17.91,8329.62,165209.43,19,110120.66,0.041758241758241756,8695.233157894736,0.3334480967581572,0.38994121489222733
2025-05-07,West,App,8795,588,371,38.38,14.969999999999999,6073.24,92648.47,16,61651.52,0.0431266846361186,5790.529375,0.33456515795673697,0.3900468994267847
2025-05-07,West,Marketplace,7550,549,329,35.45,13.829999999999998,6414.23,130930.13,14,85911.54,0.0425531914893617,9352.152142857143,0.34383674712611995,0.3901269393511988
2025-05-07,West,Web,9452,691,450,47.989999999999995,18.72,8276.400000000001,124574.33,19,84815.81,0.042222222222222223,6556.543684210526,0.31915499766284117,0.39008126693061057
2025-05-08,East,App,6960,477,298,30.810000000000002,12.02,5807.15,93815.08,12,60711.939999999995,0.040268456375838924,7817.923333333333,0.3528552126161381,0.39013307367737743
2025-05-08,East,Marketplace,5254,388,251,25.57,9.97,4456.33,128848.49,10,90065.17,0.0398406374501992,12884.849,0.30099941411808556,0.38991005084082914
2025-05-08,East,Web,8610,550,343,37.39,14.580000000000002,6459.26,89269.57999999999,15,67012.0,0.043731778425655975,5951.305333333333,0.24932995091945084,0.38994383525006693
2025-05-08,North,App,8880,665,411,44.55,17.38,7896.48,196969.79,17,127921.81,0.0413625304136253,11586.458235294118,0.35055111750893375,0.39012345679012345
2025-05-08,North,Marketplace,7104,552,336,35.15,13.71,6351.74,98775.09,14,63885.58,0.041666666666666664,7055.363571428571,0.35322174851979377,0.3900426742532006
2025-05-08,North,Web,10443,755,485,50.379999999999995,19.65,8611.76,255080.84,20,166002.5,0.041237113402061855,12754.042,0.34921611517352696,0.39003572846367607
2025-05-08,South,App,8739,569,359,37.99,14.809999999999999,6754.0,119514.13,15,78102.34,0.04178272980501393,7967.608666666667,0.346501204501928,0.3898394314293235
2025-05-08,South,Marketplace,6926,465,288,29.97,11.690000000000001,5588.88,97706.01999999999,12,72164.03,0.041666666666666664,8142.168333333332,0.26141674791379277,0.39005672339005676
2025-05-08,South,Web,9200,667,412,42.349999999999994,16.52,7418.83,102974.41,17,68124.67,0.0412621359223301,6057.318235294118,0.33843107234117686,0.3900826446280992
2025-05-08,West,App,9168,645,395,41.29,16.1,7170.469999999999,141574.75,16,92825.65,0.04050632911392405,8848.421875,0.3443347065772675,0.38992492128844763
2025-05-08,West,Marketplace,7436,559,323,33.19,12.95,6288.43,179396.63,13,120751.17,0.04024767801857585,13799.74076923077,0.32690391118272405,0.3901777643868635
2025-05-08,West,Web,10774,693,447,48.67,18.98,8151.08,159036.24,19,120186.17,0.042505592841163314,8370.32842105263,0.24428438448997533,0.38997328950071913
2025-05-09,East,App,7176,505,300,31.12,12.14,5735.43,107761.51999999999,12,71367.85,0.04,8980.126666666665,0.33772417092854656,0.39010282776349614
2025-05-09,East,Marketplace,5473,400,240,25.83,10.07,4247.38,73759.77,10,48188.37,0.041666666666666664,7375.977000000001,0.34668492051968164,0.3898567557104143
2025-05-09,East,Web,7473,535,326,34.31,13.379999999999999,5946.16,73665.28,14,48458.34,0.04294478527607362,5261.805714285714,0.34218209718336784,0.3899737685805887
2025-05-09,North,App,9160,676,414,43.78,17.07,7361.380000000001,201857.93,17,134769.33,0.04106280193236715,11873.995882352941,0.33235553341897445,0.38990406578346276
2025-05-09,North,Marketplace,8481,573,362,37.76,14.719999999999999,6808.43,64873.61,15,42321.86,0.04143646408839779,4324.907333333334,0.347625945280369,0.3898305084745763
2025-05-09,North,Web,11498,779,488,51.29,20.0,9649.34,200344.50999999998,20,130400.58,0.040983606557377046,10017.225499999999,0.34911827631313674,0.38993955936829794
2025-05-09,South,App,8150,550,379,39.26,15.31,7318.35,138272.74,16,92282.86,0.04221635883905013,8642.04625,0.33260265183144555,0.38996434029546617
2025-05-09,South,Marketplace,6668,483,297,31.46,12.27,6144.5,88246.88,12,57885.84,0.04040404040404041,7353.906666666667,0.3440466110529914,0.39001907183725365
2025-05-09,South,Web,9128,662,434,45.33,17.67,7321.77,197295.79,18,131378.45,0.041474654377880185,10960.877222222223,0.33410413876545464,0.3898080741230973
2025-05-09,West,App,9048,588,386,40.16,15.66,6810.59,142197.01,16,93367.29000000001,0.04145077720207254,8887.313125,0.3433948435343331,0.38994023904382474
2025-05-09,West,Marketplace,6891,522,334,35.879999999999995,14.0,6024.969999999999,168255.33000000002,14,109043.79000000001,0.041916167664670656,12018.237857142858,0.35191479521035085,0.3901895206243033
2025-05-09,West,Web,10404,750,447,47.09,18.36,8861.3,203575.61000000002,19,134449.45,0.042505592841163314,10714.505789473686,0.33956012707023203,0.38989169675090246
2025-05-10,East,App,7176,510,315,33.910000000000004,13.219999999999999,6214.79,49063.07,13,42881.39,0.04126984126984127,3774.0823076923075,0.1259945616937546,0.3898554998525508
2025-05-10,East,Marketplace,5586,417,255,26.6,10.379999999999999,4448.27,68678.15,11,44785.77,0.043137254901960784,6243.468181818182,0.34788910301165654,0.39022556390977436
2025-05-10,East,Web,8108,590,367,38.71,15.1,6764.65,88172.0,15,60890.9,0.04087193460490463,5878.133333333333,0.3094077484915846,0.39008008266597777
2025-05-10,North,App,10988,757,464,47.74,18.62,8659.74,124342.55,19,82562.27,0.040948275862068964,6544.344736842106,0.33600951564850484,0.39002932551319647
2025-05-10,North,Marketplace,9901,631,395,41.76,16.29,7514.59,131688.34,17,89019.03,0.043037974683544304,7746.372941176471,0.32401737314024914,0.3900862068965517
2025-05-10,North,Web,11638,810,510,53.81,20.98,9055.61,137189.85,22,90992.24,0.043137254901960784,6235.902272727273,0.33674218610196016,0.38989035495261104
2025-05-10,South,App,8990,665,404,42.5,16.57,7601.31,138929.47,17,91855.11,0.04207920792079208,8172.321764705883,0.3388363894283913,0.38988235294117646
2025-05-10,South,Marketplace,8198,560,348,36.1,14.08,6390.02,168811.0,15,115187.09,0.04310344827586207,11254.066666666668,0.3176564915793402,0.3900277008310249
2025-05-10,South,Web,10143,726,466,47.989999999999995,18.72,8308.96,124829.42,20,83108.62,0.04291845493562232,6241.471,0.33422249338337073,0.39008126693061057
2025-05-10,West,App,8945,643,419,45.519999999999996,17.76,7845.5199999999995,154468.43,18,103165.56999999999,0.04295942720763723,8581.579444444444,0.3321252116047273,0.390158172231986
2025-05-10,West,Marketplace,8391,545,361,38.5,15.02,6510.1,88785.93,15,59293.62,0.04155124653739612,5919.062,0.33217323961127615,0.3901298701298701
2025-05-10,West,Web,12653,915,545,56.269999999999996,21.950000000000003,9497.93,145368.58,23,107341.68000000001,0.04220183486238532,6320.37304347826,0.2615895401881203,0.39008352585747297
2025-05-11,East,App,7760,535,329,33.83,13.190000000000001,6031.969999999999,163511.57,14,107773.43000000001,0.0425531914893617,11679.397857142858,0.34088193269748435,0.3898906296186817
2025-05-11,East,Marketplace,6112,417,264,28.78,11.219999999999999,5045.360000000001,99846.15000000001,11,64234.28999999999,0.041666666666666664,9076.922727272728,0.35666733269134576,0.38985406532314104
2025-05-11,East,Web,8600,647,408,42.55,16.59,8491.03,132114.02,17,89147.09999999999,0.041666666666666664,7771.41294117647,0.32522604338282946,0.38989424206815515
2025-05-11,North,App,10126,773,476,50.31,19.62,9114.279999999999,242256.59999999998,20,158086.22999999998,0.04201680672268908,12112.829999999998,0.3474430417994804,0.38998211091234347
2025-05-11,North,Marketplace,8820,586,376,38.43,14.98,7038.98,143357.87,16,93208.27,0.0425531914893617,8959.866875,0.34982104575074946,0.38979963570127507
2025-05-11,North,Web,12347,865,552,59.36,23.15,9922.84,94945.98,23,66294.59,0.041666666666666664,4128.086086956521,0.3017651721536815,0.3899932614555256
2025-05-11,South,App,8933,648,400,42.120000000000005,16.43,7395.65,143711.66999999998,16,91796.06999999999,0.04,8981.979374999999,0.3612483245097632,0.3900759734093067
2025-05-11,South,Marketplace,7314,493,333,35.879999999999995,14.0,6038.27,218917.73,14,144101.9,0.042042042042042045,15636.980714285715,0.3417531782373224,0.3901895206243033
2025-05-11,South,Web,10079,753,450,47.5,18.52,8618.43,129065.82,18,84982.67,0.04,7170.323333333334,0.3415555721878961,0.38989473684210524
2025-05-11,West,App,10207,760,466,50.5,19.689999999999998,8550.54,124493.98,19,108983.35,0.0407725321888412,6552.314736842105,0.12458939781666543,0.38990099009900986
2025-05-11,West,Marketplace,8974,587,371,39.05,15.23,6567.110000000001,112635.33,16,74787.26,0.0431266846361186,7039.708125,0.33602307553056404,0.3900128040973112
2025-05-11,West,Web,11734,800,507,51.43,20.060000000000002,9652.03,138661.06,21,95571.5,0.04142011834319527,6602.907619047619,0.31075458387524224,0.39004472097997284
2025-05-12,East,App,6377,459,288,29.76,11.600000000000001,4738.6900000000005,133994.24,12,91178.81000000001,0.041666666666666664,11166.186666666666,0.31953186942961115,0.3897849462365592
2025-05-12,East,Marketplace,5924,426,258,26.58,10.36,4720.17,59044.6,11,38901.87,0.04263565891472868,5367.690909090909,0.3411443214112721,0.38976674191121147
2025-05-12,East,Web,7241,543,349,37.31,14.55,6379.139999999999,155504.96,15,113371.44,0.04297994269340974,10366.997333333333,0.2709464701318851,0.3899758777807558
2025-05-12,North,App,8800,576,391,41.480000000000004,16.17,6673.219999999999,81861.72,17,54407.060000000005,0.043478260869565216,4815.395294117647,0.33537848948201915,0.3898264223722276
2025-05-12,North,Marketplace,7766,588,358,37.09,14.47,6713.360000000001,55687.17,15,37335.01,0.04189944134078212,3712.478,0.32955813699995884,0.3901321110811539
2025-05-12,North,Web,10319,727,455,47.0,18.330000000000002,8418.58,155503.85,19,103206.28,0.041758241758241756,8184.413157894737,0.33631045147756794,0.39
2025-05-12,South,App,8371,588,372,40.03,15.620000000000001,7098.599999999999,77892.98,16,53204.8,0.043010752688172046,4868.31125,0.31694999985878053,0.3902073444916313
2025-05-12,South,Marketplace,6717,471,298,32.19,12.55,5725.41,77181.33,13,51654.26,0.0436241610738255,5937.025384615385,0.3307415148197109,0.38987263125194166
2025-05-12,South,Web,9966,678,426,45.1,17.59,8796.93,95248.03,17,63106.44,0.03990610328638498,5602.825294117647,0.3374514937474297,0.3900221729490022
2025-05-12,West,App,8984,621,391,40.22,15.69,7476.79,204599.44,17,137911.24,0.043478260869565216,12035.261176470589,0.32594517365247927,0.39010442565887615
2025-05-12,West,Marketplace,7098,486,314,33.34,13.0,5357.18,81892.06999999999,13,54874.26,0.041401273885350316,6299.389999999999,0.3299197345970128,0.3899220155968806
2025-05-12,West,Web,10002,717,439,46.6,18.169999999999998,7763.820000000001,96977.75,18,65533.78,0.04100227790432802,5387.652777777777,0.3242390135881684,0.3899141630901287
2025-05-13,East,App,7298,500,309,32.95,12.850000000000001,5455.76,115795.17,13,76247.20000000001,0.042071197411003236,8907.32076923077,0.3415338480871006,0.3899848254931715
2025-05-13,East,Marketplace,6133,419,259,27.619999999999997,10.780000000000001,4948.5,68348.23,11,45011.79,0.04247104247104247,6213.475454545454,0.34143444533969636,0.3902968863142651
2025-05-13,East,Web,8652,583,345,35.57,13.88,6296.99,164767.52,15,107623.79999999999,0.043478260869565216,10984.501333333332,0.34681422649318266,0.39021647455721115
2025-05-13,North,App,9569,676,438,46.64,18.19,8209.220000000001,106845.54000000001,18,70088.65,0.0410958904109589,5935.863333333334,0.34401894547961487,0.39000857632933106
2025-05-13,North,Marketplace,8078,571,354,37.57,14.65,6569.450000000001,56013.33,15,37528.96,0.0423728813559322,3734.222,0.3299994840513857,0.38993878094224116
2025-05-13,North,Web,10377,750,483,48.47,18.900000000000002,9417.81,227201.88,21,152374.93,0.043478260869565216,10819.137142857144,0.32934124488758637,0.38993191664947396
2025-05-13,South,App,7924,602,374,38.59,15.05,7334.57,99699.99,16,70596.98,0.0427807486631016,6231.249375,0.2919058467307771,0.38999740865509197
2025-05-13,South,Marketplace,7083,486,313,33.19,12.95,6297.67,100531.49,13,66208.34,0.04153354632587859,7733.191538461539,0.34141690330064745,0.3901777643868635
2025-05-13,South,Web,9052,630,424,45.14,17.6,8129.07,105180.73,18,69574.86,0.04245283018867924,5843.373888888888,0.3385208488284879,0.38989809481612764
2025-05-13,West,App,10100,664,415,43.76,17.07,8180.15,158969.6,17,105044.4,0.04096385542168675,9351.152941176471,0.3392170578525706,0.39008226691042047
2025-05-13,West,Marketplace,7604,507,329,34.88,13.6,5775.67,81170.01,14,53323.08,0.0425531914893617,5797.857857142857,0.3430691951374651,0.3899082568807339
2025-05-13,West,Web,9260,718,426,44.290000000000006,17.28,7919.67,178524.57,18,118628.08,0.04225352112676056,9918.031666666668,0.33550838408405076,0.3901557913750282
2025-05-14,East,App,6988,464,300,31.67,12.350000000000001,5445.639999999999,170095.85,12,117218.65,0.04,14174.654166666667,0.31086707876764785,0.3899589516892959
2025-05-14,East,Marketplace,5105,369,245,25.1,9.79,4838.79,29118.899999999998,10,19887.85,0.04081632653061224,2911.89,0.3170123184598319,0.3900398406374501
2025-05-14,East,Web,7714,538,343,36.17,14.11,6165.27,140346.01,14,94306.47,0.04081632653061224,10024.715,0.32804309862460646,0.3901022947193807
2025-05-14,North,App,9209,669,420,43.95,17.14,7789.33,103454.48,18,86467.73,0.04285714285714286,5747.471111111111,0.16419540265438481,0.3899886234357224
2025-05-14,North,Marketplace,7943,513,340,36.0,14.040000000000001,5900.52,115081.62,14,75394.67,0.041176470588235294,8220.115714285714,0.34485915300809983,0.39
2025-05-14,North,Web,11552,774,483,52.5,20.48,8909.16,143085.37,20,95645.71,0.041407867494824016,7154.2685,0.3315479423228244,0.3900952380952381
2025-05-14,South,App,8217,585,352,37.15,14.48,6159.469999999999,113555.15000000001,14,73369.79000000001,0.03977272727272727,8111.0821428571435,0.35388408187563486,0.389771197846568
2025-05-14,South,Marketplace,7142,507,315,32.28,12.59,5788.17,90795.86,13,58836.64,0.04126984126984127,6984.296923076923,0.3519898374221027,0.3900247831474597
2025-05-14,South,Web,10074,672,419,44.92,17.52,8133.55,99031.75,18,65137.05,0.04295942720763723,5501.763888888889,0.3422609415667197,0.390026714158504
2025-05-14,West,App,8971,619,397,40.739999999999995,15.89,7894.08,103769.8,17,72981.66,0.042821158690176324,6104.105882352941,0.2966965340590422,0.39003436426116844
2025-05-14,West,Marketplace,7879,502,317,34.21,13.34,5775.66,75772.87,14,53398.23,0.04416403785488959,5412.347857142857,0.29528563455495344,0.3899444606840105
2025-05-14,West,Web,11024,667,455,47.7,18.599999999999998,8435.76,100187.59,20,71696.91,0.04395604395604396,5009.3795,0.28437334404390796,0.3899371069182389
2025-05-15,East,App,6335,443,276,28.93,11.280000000000001,5115.73,51631.68,12,34118.85,0.043478260869565216,4302.64,0.3391876847702806,0.3899066712754926
2025-05-15,East,Marketplace,5471,388,250,25.759999999999998,10.05,4851.0,97104.92,11,67943.09,0.044,8827.72,0.3003125897225393,0.39013975155279507
2025-05-15,East,Web,8044,526,348,37.120000000000005,14.48,6136.12,126004.11,14,83812.81999999999,0.040229885057471264,9000.293571428572,0.33484058575549647,0.3900862068965517
2025-05-15,North,App,9406,695,422,45.019999999999996,17.55,9012.85,124144.98999999999,18,81462.41,0.04265402843601896,6896.943888888888,0.3438123439375201,0.3898267436694803
2025-05-15,North,Marketplace,7931,555,345,36.78,14.350000000000001,6218.98,68770.85,15,90709.93,0.043478260869565216,4584.723333333333,-0.3190171417104774,0.39015769439913
2025-05-15,North,Web,11836,830,517,56.07000000000001,21.86,9575.880000000001,291810.11,22,195555.11,0.0425531914893617,13264.09590909091,0.32985491832342617,0.3898698056001426
2025-05-15,South,App,8076,548,350,36.69,14.31,6017.43,97510.84,15,66204.72,0.04285714285714286,6500.722666666667,0.3210527157801122,0.39002452984464436
2025-05-15,South,Marketplace,6996,498,312,32.519999999999996,12.690000000000001,5397.030000000001,173353.25,13,114555.23999999999,0.041666666666666664,13334.865384615385,0.3391803153387664,0.39022140221402224
2025-05-15,South,Web,8877,688,421,44.61,17.4,7924.33,134091.83000000002,17,88550.58,0.040380047505938245,7887.754705882354,0.3396273285255337,0.3900470746469401
2025-05-15,West,App,8751,602,380,39.57,15.43,6836.3099999999995,127531.88,16,84791.25,0.042105263157894736,7970.7425,0.3351368301008344,0.3899418751579479
2025-05-15,West,Marketplace,7973,517,340,35.07,13.67,6075.67,83600.66,14,55197.38,0.041176470588235294,5971.475714285714,0.3397494708773831,0.38979184488166524
2025-05-15,West,Web,9419,696,460,47.86,18.66,9016.279999999999,146532.04,20,100125.29999999999,0.043478260869565216,7326.602000000001,0.3167002929871175,0.3898871709151693
2025-05-16,East,App,7260,498,303,31.79,12.4,5296.0,120341.92,13,83206.65,0.0429042904290429,9257.07076923077,0.3085813322572883,0.390059767222397
2025-05-16,East,Marketplace,6064,405,250,26.55,10.36,4835.860000000001,43700.8,11,31029.01,0.044,3972.8,0.28996700289239563,0.39020715630885117
2025-05-16,East,Web,8517,558,345,37.09,14.47,6532.26,128917.8,15,84296.44,0.043478260869565216,8594.52,0.3461225680239657,0.3901321110811539
2025-05-16,North,App,10307,691,447,45.76,17.85,8173.99,240727.42,19,161709.95,0.042505592841163314,12669.864210526317,0.3282445763760522,0.39007867132867136
2025-05-16,North,Marketplace,7602,560,340,36.05,14.05,6405.4,90879.4,14,60250.46,0.041176470588235294,6491.385714285714,0.33702841347984247,0.38973647711511794
2025-05-16,North,Web,12076,771,491,51.43,20.05,9131.24,113735.85,21,75203.31,0.04276985743380855,5415.992857142857,0.33878974835111364,0.38985028193661286
2025-05-16,South,App,8036,571,358,37.71,14.709999999999999,6349.09,119775.52,15,79804.56,0.04189944134078212,7985.034666666667,0.3337156039898638,0.39008220631132323
2025-05-16,South,Marketplace,7362,519,324,34.22,13.34,5932.34,105695.26,13,72003.33,0.040123456790123455,8130.404615384615,0.31876481499738013,0.3898305084745763
2025-05-16,South,Web,10681,660,438,46.5,18.14,8676.960000000001,223179.44999999998,19,149411.1,0.04337899543378995,11746.286842105263,0.33053379242578107,0.39010752688172046
2025-05-16,West,App,8030,576,367,38.96,15.190000000000001,6952.33,90309.68000000001,16,64443.63,0.043596730245231606,5644.3550000000005,0.28641503325003487,0.38988706365503084
2025-05-16,West,Marketplace,7896,557,343,37.59,14.66,6202.17,70896.22,14,49157.05,0.04081632653061224,5064.015714285714,0.30663369640863786,0.3899973397180101
2025-05-16,West,Web,10507,637,450,44.55,17.38,8449.07,182483.55,19,124164.27,0.042222222222222223,9604.397368421052,0.31958650519457776,0.39012345679012345
2025-05-17,East,App,7793,553,337,35.46,13.829999999999998,6466.12,80144.14,14,55366.9,0.04154302670623145,5724.581428571429,0.309158473719975,0.39001692047377323
2025-05-17,East,Marketplace,6572,445,278,28.97,11.29,4961.95,97611.96,12,90460.27,0.04316546762589928,8134.330000000001,0.07326653414192279,0.38971349672074557
2025-05-17,East,Web,9697,636,399,43.31,16.89,7909.08,75717.89,17,49637.76,0.042606516290726815,4453.993529411765,0.34443815061407546,0.3899792195797737
2025-05-17,North,App,10634,712,445,46.019999999999996,17.95,8120.77,143791.88999999998,19,96294.22,0.04269662921348315,7567.994210526315,0.33032231511805005,0.3900478053020426
2025-05-17,North,Marketplace,9138,600,387,40.8,15.91,7121.27,101322.08,16,66973.3,0.041343669250646,6332.63,0.3390058711783256,0.3899509803921569
2025-05-17,North,Web,13128,917,574,59.06999999999999,23.04,10677.279999999999,208501.15,24,139060.01,0.041811846689895474,8687.547916666666,0.33304919421307744,0.3900457084814627
2025-05-17,South,App,9791,667,412,43.5,16.97,7062.74,174193.76,17,114761.57999999999,0.0412621359223301,10246.691764705884,0.3411843225612675,0.39011494252873563
2025-05-17,South,Marketplace,7884,547,347,36.7,14.31,5986.860000000001,91604.81,15,60004.97,0.043227665706051875,6106.9873333333335,0.34495830513703374,0.3899182561307902
2025-05-17,South,Web,9816,738,455,47.379999999999995,18.48,8865.48,224731.33,19,148850.56,0.041758241758241756,11827.964736842105,0.33765105203622475,0.39003799071338124
2025-05-17,West,App,8953,650,419,43.620000000000005,17.009999999999998,8303.91,118309.78,17,79253.31000000001,0.0405727923627685,6959.398823529412,0.3301203839614949,0.38995873452544694
2025-05-17,West,Marketplace,8021,577,354,36.97,14.41,6563.71,231643.12,15,154042.04,0.0423728813559322,15442.874666666667,0.3350027404224222,0.38977549364349473
2025-05-17,West,Web,12254,835,516,53.769999999999996,20.97,9853.54,184191.78,22,146693.62,0.04263565891472868,8372.353636363636,0.20358215768369253,0.38999442068067697
2025-05-18,East,App,8093,568,350,37.05,14.450000000000001,6523.360000000001,112009.2,15,72538.9,0.04285714285714286,7467.28,0.3523844469918543,0.39001349527665324
2025-05-18,East,Marketplace,6690,435,277,28.86,11.260000000000002,5491.29,87086.52,12,57743.47,0.04332129963898917,7257.21,0.3369413544139782,0.3901593901593902
2025-05-18,East,Web,9422,567,371,38.96,15.190000000000001,6782.2,125756.32,16,83920.9,0.0431266846361186,7859.77,0.3326705170761995,0.38988706365503084
2025-05-18,North,App,10600,762,461,48.43,18.89,7622.8099999999995,174564.08,19,115966.97,0.04121475054229935,9187.583157894736,0.33567678986421484,0.39004749122444765
2025-05-18,North,Marketplace,9562,641,407,42.34,16.52,7606.210000000001,253805.71000000002,17,170858.12,0.04176904176904177,14929.747647058824,0.326815302933886,0.39017477562588565
2025-05-18,North,Web,12974,821,550,58.14,22.67,10319.24,128400.01000000001,23,84787.29,0.04181818181818182,5582.609130434783,0.3396629018954127,0.38992088063295494
2025-05-18,South,App,9066,612,393,41.76,16.28,7603.76,103703.49,17,67349.1,0.043256997455470736,6100.205294117647,0.350560911691593,0.3898467432950192
2025-05-18,South,Marketplace,7267,535,329,34.97,13.64,5939.48,83691.12,13,55990.520000000004,0.03951367781155015,6437.778461538461,0.33098613090612233,0.3900486130969403
2025-05-18,South,Web,11238,771,472,49.040000000000006,19.119999999999997,9152.02,191407.85,20,135206.24,0.0423728813559322,9570.3925,0.2936222835165852,0.3898858075040782
2025-05-18,West,App,9322,677,436,45.519999999999996,17.76,7618.929999999999,152584.81,19,115162.79,0.04357798165137615,8030.779473684211,0.24525390174814915,0.390158172231986
2025-05-18,West,Marketplace,8293,619,370,40.93,15.96,7284.290000000001,124260.34,16,80271.57,0.043243243243243246,7766.27125,0.35400490615106955,0.3899340337161007
2025-05-18,West,Web,12437,812,509,53.879999999999995,21.02,8921.42,148565.33000000002,22,103294.27,0.043222003929273084,6752.969545454546,0.304721565926586,0.3901262063845583
2025-05-19,East,App,6962,462,298,31.090000000000003,12.120000000000001,5819.51,156655.26,13,100954.58,0.0436241610738255,12050.404615384616,0.35556214326923974,0.38983596011579286
2025-05-19,East,Marketplace,5755,402,253,26.17,10.21,4678.04,51316.04,11,33300.72,0.043478260869565216,4665.094545454545,0.35106606043646393,0.3901413832632786
2025-05-19,East,Web,8278,584,364,37.35,14.57,6639.51,96330.28,15,63732.17,0.04120879120879121,6422.018666666667,0.3383994108602197,0.3900937081659973
2025-05-19,North,App,9721,652,411,41.879999999999995,16.330000000000002,7086.2,144438.0,17,98151.22,0.0413625304136253,8496.35294117647,0.32046123596283527,0.3899235912129896
2025-05-19,North,Marketplace,7923,536,342,36.43,14.21,6325.77,98236.44,14,62958.08,0.04093567251461988,7016.888571428572,0.35911684096044194,0.3900631347790283
2025-05-19,North,Web,11276,785,489,51.76,20.19,8979.26,190108.57,20,124512.85,0.0408997955010225,9505.4285,0.3450434664781288,0.39006955177743435
2025-05-19,South,App,8865,583,377,40.03,15.61,7181.09,90498.38,16,62124.14,0.042440318302387266,5656.14875,0.31353312622833696,0.38995753185111165
2025-05-19,South,Marketplace,7558,510,311,32.16,12.54,5373.8,173795.85,13,112918.06,0.04180064308681672,13368.91153846154,0.3502833353040363,0.38992537313432835
2025-05-19,South,Web,10541,731,440,46.6,18.169999999999998,8759.04,118717.27,18,79214.0,0.04090909090909091,6595.403888888889,0.33275082892320557,0.3899141630901287
2025-05-19,West,App,9248,604,379,39.31,15.330000000000002,6927.54,81849.45,16,53460.600000000006,0.04221635883905013,5115.590625,0.3468422817746484,0.38997710506232514
2025-05-19,West,Marketplace,7850,548,343,36.0,14.040000000000001,6357.33,201082.34,15,134986.72,0.043731778425655975,13405.489333333333,0.3286992781166163,0.39
2025-05-19,West,Web,10264,674,451,47.27,18.43,9062.689999999999,191812.87,19,128816.71,0.04212860310421286,10095.414210526316,0.32842509472904496,0.38988787814681614
2025-05-20,East,App,7084,491,303,31.93,12.45,5400.71,122106.70999999999,13,78708.01,0.0429042904290429,9392.823846153846,0.35541617655573554,0.3899154400250548
2025-05-20,East,Marketplace,6060,410,257,26.520000000000003,10.34,4941.549999999999,55843.4,11,37845.33,0.042801556420233464,5076.672727272728,0.32229538316076745,0.38989441930618396
2025-05-20,East,Web,7886,572,359,37.55,14.64,6015.1900000000005,120056.55,15,90171.56,0.04178272980501393,8003.77,0.24892427776743548,0.3898801597869508
2025-05-20,North,App,11079,762,462,48.08,18.76,8730.08,160627.04,19,105571.72,0.04112554112554113,8454.054736842105,0.34275250294097437,0.3901830282861897
2025-05-20,North,Marketplace,8516,621,379,40.05,15.620000000000001,7349.72,129714.44,16,87278.41,0.04221635883905013,8107.1525,0.3271496218925202,0.3900124843945069
2025-05-20,North,Web,12469,888,555,56.07000000000001,21.869999999999997,9112.6,169343.45,24,111033.27,0.043243243243243246,7055.977083333334,0.3443308849559874,0.39004815409309784
2025-05-20,South,App,8068,582,376,39.22,15.29,6821.83,85830.23999999999,15,78425.77,0.0398936170212766,5722.016,0.08626877892919776,0.3898521162672106
2025-05-20,South,Marketplace,7183,503,318,34.54,13.469999999999999,6586.65,72872.37,13,47681.29,0.040880503144654086,5605.566923076923,0.3456876728450028,0.389982628836132
2025-05-20,South,Web,9395,699,457,49.35,19.240000000000002,8458.26,138681.03999999998,19,95243.09,0.04157549234135667,7299.002105263156,0.31322198045241073,0.3898682877406282
2025-05-20,West,App,10585,757,445,46.57,18.16,8648.86,212374.74,19,138027.21,0.04269662921348315,11177.61789473684,0.35007708543869204,0.3899506119819626
2025-05-20,West,Marketplace,9266,586,378,39.03,15.219999999999999,6582.65,202983.76,16,147160.47,0.042328042328042326,12686.485,0.2750135774408751,0.3899564437612093
2025-05-20,West,Web,11055,746,469,49.5,19.31,8527.54,126108.44,20,83017.67,0.042643923240938165,6305.4220000000005,0.3416961624455905,0.39010101010101006
2025-05-21,East,App,7376,524,312,33.15,12.93,5785.26,69586.0,12,45948.729999999996,0.038461538461538464,5798.833333333333,0.3396842755726727,0.3900452488687783
2025-05-21,East,Marketplace,6312,464,281,30.45,11.879999999999999,4944.4,104977.17,12,68889.86,0.042704626334519574,8748.0975,0.34376341065395455,0.3901477832512315
2025-05-21,East,Web,8457,592,366,37.599999999999994,14.66,6406.950000000001,149573.19999999998,15,106861.3,0.040983606557377046,9971.546666666665,0.2855585091446862,0.3898936170212767
2025-05-21,North,App,11121,710,440,45.41,17.71,7855.5,140882.49,18,92132.26,0.04090909090909091,7826.804999999999,0.34603469884724497,0.390002202158115
2025-05-21,North,Marketplace,8667,571,389,40.69,15.86,7022.83,109161.33,17,75895.9,0.043701799485861184,6421.254705882353,0.3047363933730013,0.38977635782747605
2025-05-21,North,Web,11439,783,500,52.88,20.62,9023.7,122377.47,21,80386.67,0.042,5827.498571428571,0.34312525009709716,0.3899394856278366
2025-05-21,South,App,9302,608,391,41.39,16.14,7690.120000000001,88149.2,16,68084.97,0.04092071611253197,5509.325,0.2276166998679511,0.3899492631070307
2025-05-21,South,Marketplace,7869,543,334,34.69,13.53,6397.64,58641.99,14,40681.33,0.041916167664670656,4188.713571428571,0.30627644116442837,0.39002594407610264
2025-05-21,South,Web,9453,722,433,43.57,17.0,7313.950000000001,187254.09,18,122899.36,0.04157043879907621,10403.005,0.3436759645677165,0.39017672710580675
2025-05-21,West,App,10192,684,438,45.230000000000004,17.64,8688.95,118631.20999999999,19,84934.27,0.04337899543378995,6243.747894736842,0.2840478487912244,0.39000663276586334
2025-05-21,West,Marketplace,8570,546,346,36.349999999999994,14.170000000000002,6650.05,128457.54000000001,14,85234.05,0.04046242774566474,9175.538571428571,0.3364807546524712,0.38982118294360396
2025-05-21,West,Web,11257,750,493,50.0,19.5,8939.74,130059.26000000001,21,131248.06,0.04259634888438134,6193.298095238096,-0.009140448746209907,0.39
2025-05-22,East,App,6690,476,307,31.76,12.379999999999999,5232.1,192759.43,13,126721.14,0.04234527687296417,14827.648461538462,0.3425943415582833,0.38979848866498734
2025-05-22,East,Marketplace,5927,396,250,26.5,10.34,4148.17,51160.91,10,37221.09,0.04,5116.091,0.2724701339362417,0.390188679245283
2025-05-22,East,Web,7262,562,348,36.260000000000005,14.14,6300.02,102515.14,15,69002.22,0.04310344827586207,6834.342666666666,0.3269070305127613,0.3899613899613899
2025-05-22,North,App,9827,677,416,44.18,17.23,7374.57,160636.12,18,108486.04000000001,0.04326923076923077,8924.228888888889,0.3246472835623768,0.3899954730647352
2025-05-22,North,Marketplace,8603,578,368,38.38,14.969999999999999,7289.6900000000005,169513.85,16,112127.44,0.043478260869565216,10594.615625,0.33853522883233433,0.3900468994267847
2025-05-22,North,Web,11324,802,502,53.519999999999996,20.88,9332.86,171460.61,21,116593.16,0.04183266932270916,8164.790952380952,0.3200003196069347,0.3901345291479821
2025-05-22,South,App,8993,605,378,38.16,14.88,6253.73,97780.4,16,64806.75,0.042328042328042326,6111.275,0.3372214676970026,0.3899371069182391
2025-05-22,South,Marketplace,7661,503,307,32.16,12.54,5302.57,91306.18,13,60099.17999999999,0.04234527687296417,7023.552307692307,0.34178409391346787,0.38992537313432835
2025-05-22,South,Web,9864,671,422,45.7,17.83,7582.77,123407.14,18,91359.14,0.04265402843601896,6855.952222222222,0.25969323979147396,0.39015317286652074
2025-05-22,West,App,8791,612,376,38.93,15.190000000000001,7221.24,122459.88,16,79339.63,0.0425531914893617,7653.7425,0.3521173628456928,0.39018751605445673
2025-05-22,West,Marketplace,7511,579,349,36.92,14.399999999999999,6394.860000000001,132932.78,14,89113.33,0.04011461318051576,9495.198571428571,0.32963615144436154,0.390032502708559
2025-05-22,West,Web,8414,659,416,44.71,17.43,7323.71,224217.9,18,150651.8,0.04326923076923077,12456.55,0.32810092325367424,0.38984567210914783
2025-05-23,East,App,6831,480,302,31.45,12.260000000000002,5492.15,116611.67,13,76953.13,0.04304635761589404,8970.128461538461,0.3400906615950187,0.389825119236884
2025-05-23,East,Marketplace,5866,388,246,24.96,9.74,4750.39,100073.59999999999,10,68130.1,0.04065040650406504,10007.359999999999,0.3192000687494003,0.390224358974359
2025-05-23,East,Web,8008,581,343,35.120000000000005,13.690000000000001,6517.73,131691.55,14,103266.44,0.04081632653061224,9406.539285714285,0.215846119208104,0.38980637813211844
2025-05-23,North,App,9869,707,431,43.93,17.14,8095.200000000001,154342.41999999998,18,100805.04,0.04176334106728538,8574.578888888887,0.34687404797721844,0.39016617345777377
2025-05-23,North,Marketplace,7595,529,326,34.84,13.59,5722.74,142417.55,14,94056.03,0.04294478527607362,10172.682142857142,0.3395755649496849,0.390068886337543
2025-05-23,North,Web,10126,761,472,49.57,19.33,8499.48,130642.29,20,88800.24,0.0423728813559322,6532.1145,0.32027952051361,0.3899536009683276
2025-05-23,South,App,7927,546,353,37.35,14.57,6661.43,73064.59999999999,15,52722.740000000005,0.042492917847025496,4870.973333333332,0.27840924332713773,0.3900937081659973
2025-05-23,South,Marketplace,7853,524,328,34.0,13.260000000000002,6171.21,127344.84,13,82960.69,0.039634146341463415,9795.756923076922,0.3485351271398197,0.39000000000000007
2025-05-23,South,Web,11555,714,450,47.78,18.64,8503.45,218949.06,19,152747.16,0.042222222222222223,11523.634736842105,0.30236211107734373,0.3901213897028045
2025-05-23,West,App,7940,593,371,39.269999999999996,15.31,7142.6900000000005,175127.28,16,118584.08,0.0431266846361186,10945.455,0.3228691726383234,0.3898650369238605
2025-05-23,West,Marketplace,7740,557,333,35.0,13.65,6313.62,62588.200000000004,14,51483.84,0.042042042042042045,4470.585714285715,0.17741938576281163,0.39
2025-05-23,West,Web,11195,761,462,49.709999999999994,19.380000000000003,8073.31,114412.36,20,75437.78,0.04329004329004329,5720.618,0.3406500836098478,0.38986119493059757
2025-05-24,East,App,7752,518,324,34.6,13.5,6631.49,81634.67,13,57470.2,0.040123456790123455,6279.59,0.29600744389607997,0.3901734104046243
2025-05-24,East,Marketplace,6758,445,277,29.29,11.43,5071.280000000001,72726.6,12,51910.83,0.04332129963898917,6060.55,0.2862194850302366,0.3902355752816661
2025-05-24,East,Web,9266,638,382,38.9,15.170000000000002,7831.73,140025.77000000002,16,103124.55,0.041884816753926704,8751.610625000001,0.2635316342127596,0.389974293059126
2025-05-24,North,App,10945,729,469,48.230000000000004,18.810000000000002,9203.880000000001,200894.55,20,135070.68,0.042643923240938165,10044.727499999999,0.32765383630367273,0.39000622019489944
2025-05-24,North,Marketplace,8967,576,383,39.71,15.49,7578.29,160577.96,16,104777.87,0.04177545691906005,10036.1225,0.3474953225212227,0.390078065978343
2025-05-24,North,Web,12945,857,567,59.17,23.07,9024.84,131294.8,24,87509.14,0.042328042328042326,5470.616666666666,0.33349119690955004,0.3898935271252324
2025-05-24,South,App,9528,665,424,44.28,17.27,7708.04,103075.48000000001,18,103799.45999999999,0.04245283018867924,5726.415555555556,-0.0070237849001526,0.39001806684733514
2025-05-24,South,Marketplace,8015,567,348,37.05,14.450000000000001,6529.370000000001,109963.82,15,71994.67,0.04310344827586207,7330.921333333334,0.34528765915916715,0.39001349527665324
2025-05-24,South,Web,11870,770,503,52.69,20.55,9587.5,260550.84000000003,21,170672.87,0.041749502982107355,12407.182857142858,0.3449536758353956,0.39001708104004557
2025-05-24,West,App,9290,701,435,44.9,17.52,7681.26,81015.76,18,61105.06,0.041379310344827586,4500.875555555555,0.24576329346290152,0.39020044543429844
2025-05-24,West,Marketplace,7972,607,367,36.31,14.16,6634.71,121651.47,15,81876.2,0.04087193460490463,8110.098,0.32696086615311765,0.3899752134398237
2025-05-24,West,Web,11690,809,495,52.8,20.59,9509.43,233604.5,21,156135.69,0.04242424242424243,11124.02380952381,0.3316237914937426,0.3899621212121212
2025-05-25,East,App,7495,559,331,33.84,13.190000000000001,6758.07,107365.88,14,72315.43,0.04229607250755287,7668.9914285714285,0.32645799578041,0.3897754137115839
2025-05-25,East,Marketplace,6614,465,283,29.83,11.64,5388.860000000001,199253.11000000002,12,130586.84,0.04240282685512368,16604.425833333335,0.344618309847209,0.39021119678176336
2025-05-25,East,Web,8071,619,389,40.85,15.93,7593.47,90299.81,16,60440.49,0.04113110539845758,5643.738125,0.33066869132947235,0.38996328029375765
2025-05-25,North,App,10719,742,472,51.019999999999996,19.9,9726.53,198177.53,20,127427.3,0.0423728813559322,9908.8765,0.35700429811593676,0.39004312034496275
2025-05-25,North,Marketplace,8748,648,387,40.55,15.809999999999999,7337.0,136361.2,16,89113.17,0.041343669250646,8522.575,0.34649174398582594,0.3898890258939581
2025-05-25,North,Web,12978,846,531,54.28,21.17,9996.59,136398.99,22,90933.72,0.04143126177024482,6199.95409090909,0.33332556201479197,0.39001473839351514
2025-05-25,South,App,9860,693,421,43.41,16.93,7501.22,205664.53,18,134187.45,0.04275534441805225,11425.807222222222,0.3475420871066099,0.3900023036166782
2025-05-25,South,Marketplace,7354,515,341,34.86,13.6,5911.54,95627.02,15,64088.87,0.04398826979472141,6375.134666666667,0.32980375211943236,0.39013195639701664
2025-05-25,South,Web,11671,762,471,49.53,19.31,9685.86,207014.26,20,136544.91,0.04246284501061571,10350.713,0.34040819216995005,0.38986472844740555
2025-05-25,West,App,9421,680,429,44.57,17.38,7939.549999999999,175121.13999999998,18,115063.21,0.04195804195804196,9728.952222222222,0.34295077110621813,0.38994839578191604
2025-05-25,West,Marketplace,8381,545,353,36.29,14.16,6640.99,135187.78,15,90522.96,0.042492917847025496,9012.518666666667,0.3303909569341252,0.3901901350234224
2025-05-25,West,Web,11574,798,496,50.730000000000004,19.79,9570.42,121213.95,21,84743.05,0.04233870967741935,5772.092857142857,0.3008803854671842,0.39010447466982057
2025-05-26,East,App,6350,483,288,29.240000000000002,11.4,5517.24,74661.57999999999,12,49433.34,0.041666666666666664,6221.798333333332,0.33790123380726733,0.3898768809849521
2025-05-26,East,Marketplace,5655,412,247,26.049999999999997,10.16,4756.1,102621.88,10,67276.1,0.04048582995951417,10262.188,0.3444273287528936,0.3900191938579655
2025-05-26,East,Web,7707,600,353,37.76,14.719999999999999,6627.64,103121.65,15,75602.51000000001,0.042492917847025496,6874.776666666667,0.26686093560372615,0.3898305084745763
2025-05-26,North,App,10620,683,424,44.57,17.38,7054.02,85997.0,18,57200.86,0.04245283018867924,4777.611111111111,0.33485051804132704,0.38994839578191604
2025-05-26,North,Marketplace,7360,531,350,37.42,14.59,6655.59,83054.28,15,54997.52,0.04285714285714286,5536.952,0.3378123318870503,0.38989845002672363
2025-05-26,North,Web,11103,757,476,51.230000000000004,19.98,8536.86,142779.0,20,92154.03,0.04201680672268908,7138.95,0.35456873910028786,0.3900058559437829
2025-05-26,South,App,7915,548,347,36.269999999999996,14.14,5560.5,86982.74,15,68029.01,0.043227665706051875,5798.849333333334,0.21790219530909247,0.38985387372484154
2025-05-26,South,Marketplace,6583,514,315,33.019999999999996,12.879999999999999,6176.43,190442.75,14,127788.72,0.044444444444444446,13603.05357142857,0.3289914160554812,0.39006662628709876
2025-05-26,South,Web,9648,640,426,45.78,17.85,7594.66,181664.76,17,122104.4,0.03990610328638498,10686.162352941177,0.3278586336722654,0.38990825688073394
2025-05-26,West,App,8389,567,371,38.480000000000004,15.010000000000002,6615.16,213121.32,16,139473.86,0.0431266846361186,13320.0825,0.3455658964574732,0.39007276507276506
2025-05-26,West,Marketplace,7645,512,321,34.21,13.34,5729.549999999999,96267.42,14,63891.45,0.04361370716510903,6876.244285714286,0.3363128460282825,0.3899444606840105
2025-05-26,West,Web,10650,733,452,46.760000000000005,18.240000000000002,7641.07,150160.2,20,101085.52,0.04424778761061947,7508.01,0.3268154943853298,0.3900769888793841
2025-05-27,East,App,7435,468,302,31.910000000000004,12.45,5683.950000000001,126012.61,13,90120.92,0.04304635761589404,9693.277692307693,0.28482617731669874,0.3901598245064242
2025-05-27,East,Marketplace,5369,395,249,26.759999999999998,10.43,4857.2699999999995,189931.4,10,128644.81,0.040160642570281124,18993.14,0.3226775035618123,0.3897608370702541
2025-05-27,East,Web,7338,533,329,34.480000000000004,13.45,5677.24,138710.34000000003,14,91531.94,0.0425531914893617,9907.88142857143,0.34012172416274095,0.3900812064965197
2025-05-27,North,App,9690,621,409,43.01,16.78,7127.219999999999,126895.9,17,84757.8,0.04156479217603912,7464.464705882353,0.33206825437228465,0.39014182748198095
2025-05-27,North,Marketplace,8045,534,350,36.98,14.43,6405.12,125869.48000000001,15,83805.62,0.04285714285714286,8391.298666666667,0.33418633333513426,0.39021092482422937
2025-05-27,North,Web,10467,743,479,49.51,19.31,8921.35,219144.91,20,142524.02000000002,0.04175365344467641,10957.2455,0.34963572733676535,0.39002221773379114
2025-05-27,South,App,8435,603,378,40.14,15.65,6946.34,87637.68,16,57825.36,0.042328042328042326,5477.355,0.3401769649767086,0.38988540109616343
2025-05-27,South,Marketplace,6314,452,286,30.660000000000004,11.95,4700.72,73366.32,12,51251.81,0.04195804195804196,6113.860000000001,0.30142591314379685,0.38975864318330067
2025-05-27,South,Web,8390,653,404,43.209999999999994,16.85,7477.95,140240.13,17,91824.1,0.04207920792079208,8249.419411764706,0.34523663091299184,0.389956028697061
2025-05-27,West,App,9143,621,396,41.57,16.21,7239.41,150266.48,17,102147.76999999999,0.04292929292929293,8839.204705882354,0.3202225140297425,0.3899446716382006
2025-05-27,West,Marketplace,7802,522,334,33.93,13.239999999999998,7065.41,117367.12,14,78309.42,0.041916167664670656,8383.365714285714,0.3327822988244067,0.39021514883583847
2025-05-27,West,Web,10884,755,478,50.349999999999994,19.64,9056.97,133883.77,19,91219.5,0.0397489539748954,7046.514210526315,0.31866648212849097,0.390069513406157
2025-05-28,East,App,6686,452,281,28.57,11.14,5306.66,93142.78,12,62093.35,0.042704626334519574,7761.8983333333335,0.3333530521635708,0.38991949597479875
2025-05-28,East,Marketplace,6700,448,270,28.310000000000002,11.05,4731.3099999999995,84415.22,11,58013.45,0.040740740740740744,7674.110909090909,0.3127607793949954,0.39032144118685974
2025-05-28,East,Web,7693,540,340,36.09,14.07,6683.67,93175.45,14,61907.38,0.041176470588235294,6655.3892857142855,0.33558270982324206,0.38985868661679135
2025-05-28,North,App,10152,719,434,46.980000000000004,18.330000000000002,7118.030000000001,201901.74,18,140318.47,0.041474654377880185,11216.763333333332,0.30501604394295956,0.3901660280970626
2025-05-28,North,Marketplace,7695,540,335,35.26,13.739999999999998,5943.48,151584.48,14,100960.73,0.041791044776119404,10827.462857142858,0.33396393878845654,0.38967668746454903
2025-05-28,North,Web,11981,798,495,52.790000000000006,20.59,9188.55,149595.56,21,103164.28,0.04242424242424243,7123.598095238095,0.31037873049173387,0.390035991665088
2025-05-28,South,App,8148,526,345,34.519999999999996,13.46,6530.08,145682.39,14,97390.43,0.04057971014492753,10405.885,0.33148797188184526,0.38991888760139054
2025-05-28,South,Marketplace,6953,477,305,32.71,12.760000000000002,5603.98,145159.35,13,101910.47,0.04262295081967213,11166.103846153846,0.2979407113630641,0.39009477224090494
2025-05-28,South,Web,10088,697,438,46.88,18.29,7414.17,134572.31,19,88570.07999999999,0.04337899543378995,7082.753157894736,0.3418402344434751,0.3901450511945392
2025-05-28,West,App,9171,621,391,41.17,16.05,6672.549999999999,125576.98,17,103948.99,0.043478260869565216,7386.881176470588,0.17222893877524362,0.3898469759533641
2025-05-28,West,Marketplace,6902,491,310,32.76,12.780000000000001,6008.450000000001,72475.91,13,47286.06,0.041935483870967745,5575.070000000001,0.3475616932578012,0.39010989010989017
2025-05-28,West,Web,10362,697,445,46.739999999999995,18.22,8323.27,171424.57,18,115587.22,0.04044943820224719,9523.587222222222,0.32572547797553175,0.38981600342319217
2025-05-29,East,App,7064,459,300,31.1,12.129999999999999,5378.86,72080.51000000001,13,48945.85,0.043333333333333335,5544.654615384616,0.3209558311948682,0.390032154340836
2025-05-29,East,Marketplace,6445,428,259,26.810000000000002,10.45,4458.280000000001,29257.760000000002,11,20000.53,0.04247104247104247,2659.796363636364,0.31640255439924325,0.38977993286087276
2025-05-29,East,Web,7767,526,340,36.07,14.07,5583.450000000001,108578.26,14,70582.84,0.041176470588235294,7755.589999999999,0.349935797460744,0.3900748544496812
2025-05-29,North,App,9765,702,427,45.07,17.57,7695.969999999999,93695.56,17,61412.509999999995,0.03981264637002342,5511.503529411764,0.3445526127385332,0.38983802973152876
2025-05-29,North,Marketplace,7712,528,343,35.09,13.690000000000001,5864.469999999999,140479.67,15,106219.53,0.043731778425655975,9365.311333333335,0.24387970159667952,0.39013964092333997
2025-05-29,North,Web,11153,722,460,47.84,18.66,8091.16,162368.08,20,105983.58,0.043478260869565216,8118.4039999999995,0.3472634522746096,0.39005016722408026
2025-05-29,South,App,7215,562,349,36.739999999999995,14.33,6301.1900000000005,103157.28,15,66872.68000000001,0.04297994269340974,6877.152,0.3517405654743901,0.39003810560696794
2025-05-29,South,Marketplace,7795,517,324,34.24,13.350000000000001,5869.6900000000005,73747.3,14,52604.71,0.043209876543209874,5267.664285714286,0.28668968219853475,0.38989485981308414
2025-05-29,South,Web,9112,690,429,47.03,18.34,7748.280000000001,105263.59,18,70226.23,0.04195804195804196,5847.977222222222,0.3328535536361623,0.38996385285987667
2025-05-29,West,App,8433,616,391,40.9,15.95,7225.29,164771.59,16,106763.97,0.04092071611253197,10298.224375,0.35204867538147805,0.3899755501222494
2025-05-29,West,Marketplace,7519,545,339,35.47,13.829999999999998,5854.530000000001,97354.25,14,64379.100000000006,0.04129793510324484,6953.875,0.33871299917569075,0.3899069636312376
2025-05-29,West,Web,10564,733,458,47.59,18.55,8082.26,163160.91999999998,19,106790.86,0.04148471615720524,8587.416842105262,0.34548751012190904,0.3897877705400294
2025-05-30,East,App,6588,504,301,31.740000000000002,12.379999999999999,5205.12,133263.32,13,86540.18000000001,0.04318936877076412,10251.024615384616,0.35060765407915695,0.3900441083805923
2025-05-30,East,Marketplace,5648,419,257,25.689999999999998,10.02,4768.11,56983.0,11,36822.32,0.042801556420233464,5180.272727272727,0.35380166014425357,0.3900350330868042
2025-05-30,East,Web,8426,565,341,34.93,13.620000000000001,6331.05,91910.23000000001,14,59977.46,0.04105571847507331,6565.016428571429,0.3474343389196176,0.3899227025479531
2025-05-30,North,App,9152,669,407,42.95,16.740000000000002,7310.59,159188.5,17,102787.11,0.04176904176904177,9364.029411764706,0.35430568162901216,0.38975552968568106
2025-05-30,North,Marketplace,7636,564,340,35.29,13.760000000000002,6107.67,141458.07,14,95141.13,0.041176470588235294,10104.147857142858,0.32742522218774794,0.38991215641824883
2025-05-30,North,Web,10396,783,479,50.81,19.810000000000002,9505.0,243864.19,20,160627.49,0.04175365344467641,12193.2095,0.3413239967704976,0.38988388112576267
2025-05-30,South,App,7646,539,348,36.15,14.1,6202.29,92481.84,15,66563.99,0.04310344827586207,6165.456,0.28024799247073795,0.3900414937759336
2025-05-30,South,Marketplace,6684,527,303,32.29,12.59,5268.58,53879.73,13,41722.74,0.0429042904290429,4144.594615384615,0.22563197699765764,0.3899039950449055
2025-05-30,South,Web,9488,693,431,47.31,18.45,8653.99,208421.41,18,139238.97999999998,0.04176334106728538,11578.967222222222,0.3319353323634075,0.38998097653772984
2025-05-30,West,App,8392,557,369,39.019999999999996,15.219999999999999,6836.6900000000005,143772.17,16,92172.31,0.04336043360433604,8985.760625,0.3589001960532418,0.3900563813429011
2025-05-30,West,Marketplace,7288,512,324,34.01,13.260000000000002,5913.78,84508.28,14,54964.8,0.043209876543209874,6036.305714285714,0.34959272629853544,0.3898853278447516
2025-05-30,West,Web,11086,785,476,48.43,18.89,9276.03,85633.89,20,61772.1,0.04201680672268908,4281.6945,0.2786489087439564,0.39004749122444765
2025-05-31,East,App,8196,521,335,34.98,13.64,6260.790000000001,68512.39,14,45223.92,0.041791044776119404,4893.742142857142,0.33991618158409015,0.389937106918239
2025-05-31,East,Marketplace,5886,420,274,29.22,11.4,5066.71,49077.15,12,32628.77,0.043795620437956206,4089.7625000000003,0.3351535286788251,0.39014373716632444
2025-05-31,East,Web,9326,649,398,40.93,15.96,7389.34,147423.68,17,98246.35,0.04271356783919598,8671.981176470588,0.3335782284094386,0.3899340337161007
2025-05-31,North,App,10061,719,436,45.85,17.88,8266.11,152328.23,18,102089.37,0.04128440366972477,8462.679444444446,0.329806628751611,0.3899672846237731
2025-05-31,North,Marketplace,8396,588,365,38.540000000000006,15.030000000000001,6106.72,125288.89,16,83351.56999999999,0.043835616438356165,7830.555625,0.3347249704263483,0.38998443175921116
2025-05-31,North,Web,12281,872,543,56.739999999999995,22.14,10273.310000000001,169822.47,23,124139.84,0.0423572744014733,7383.585652173913,0.26900227042982006,0.39020091646105043
2025-05-31,South,App,8916,586,377,40.519999999999996,15.8,7236.71,97979.83,16,65581.01,0.042440318302387266,6123.739375,0.33066826100841373,0.38993089832181643
2025-05-31,South,Marketplace,7719,554,349,37.72,14.709999999999999,6724.1,152996.98,14,103007.93000000001,0.04011461318051576,10928.355714285715,0.3267322662185881,0.38997879109225875
2025-05-31,South,Web,10936,739,466,49.769999999999996,19.41,8894.05,161620.00999999998,19,136031.36000000002,0.0407725321888412,8506.316315789472,0.15832600183603485,0.3899939722724533
2025-05-31,West,App,10174,698,430,44.870000000000005,17.5,8040.550000000001,131513.88,18,108099.94,0.04186046511627907,7306.326666666667,0.17803398394146688,0.3900156006240249
2025-05-31,West,Marketplace,8402,550,359,38.459999999999994,15.0,6590.21,103900.43,15,68137.62,0.04178272980501393,6926.695333333333,0.34420271407923914,0.390015600624025
2025-05-31,West,Web,10738,776,474,48.79,19.03,8797.26,145019.35,20,107408.56,0.04219409282700422,7250.967500000001,0.25935014879048907,0.3900389424062308
2025-06-01,East,App,7228,495,321,33.95,13.239999999999998,5482.6900000000005,116366.33,13,76425.48000000001,0.040498442367601244,8951.256153846154,0.34323373436285215,0.3899852724594992
2025-06-01,East,Marketplace,6143,438,269,28.53,11.120000000000001,5228.57,44589.93,11,28755.07,0.040892193308550186,4053.63,0.35512188514312537,0.38976515948124785
2025-06-01,East,Web,8215,626,395,40.480000000000004,15.79,7013.389999999999,145627.97,17,94523.49,0.043037974683544304,8566.351176470589,0.35092489444163777,0.39006916996047425
2025-06-01,North,App,10441,743,462,49.07,19.14,8449.380000000001,238837.73,19,165607.39,0.04112554112554113,12570.406842105263,0.30661127117562204,0.3900550234359079
2025-06-01,North,Marketplace,8633,612,396,41.08,16.02,7124.19,169577.94,17,110801.47,0.04292929292929293,9975.17294117647,0.3466044581034538,0.38997078870496593
2025-06-01,North,Web,13114,881,546,58.86,22.950000000000003,9565.17,160147.28,24,114641.42,0.04395604395604396,6672.803333333333,0.2841500648652915,0.389908256880734
2025-06-01,South,App,9452,614,409,42.59,16.61,8093.120000000001,131268.23,17,86313.97,0.04156479217603912,7721.660588235295,0.3424610814056075,0.3899976520309931
2025-06-01,South,Marketplace,7229,548,338,35.54,13.86,5915.34,120324.62,14,79247.81999999999,0.04142011834319527,8594.615714285714,0.3413831682992226,0.3899831176139561
2025-06-01,South,Web,10608,660,434,47.17,18.4,8319.85,209912.13999999998,18,149266.19,0.041474654377880185,11661.785555555554,0.2889111130018492,0.39007843968624123
2025-06-01,West,App,8419,695,419,44.480000000000004,17.35,7947.280000000001,178204.3,17,118679.06,0.0405727923627685,10482.60588235294,0.3340280790081945,0.39006294964028776
2025-06-01,West,Marketplace,7311,492,322,34.5,13.45,5784.14,74150.34,14,47465.22,0.043478260869565216,5296.452857142857,0.35987859259984506,0.3898550724637681
2025-06-01,West,Web,10831,779,481,50.620000000000005,19.74,8907.93,116478.13,20,76924.24,0.04158004158004158,5823.9065,0.3395821172609828,0.3899644409324377
2025-06-02,East,App,6400,443,281,28.900000000000002,11.27,5442.3099999999995,78872.62000000001,12,51296.92,0.042704626334519574,6572.718333333334,0.3496232279338509,0.3899653979238754
2025-06-02,East,Marketplace,5601,385,246,25.7,10.02,4410.08,85371.77,10,57472.11,0.04065040650406504,8537.177,0.3268019393295934,0.3898832684824903
2025-06-02,East,Web,7607,548,340,34.54,13.469999999999999,6373.54,136463.95,14,88797.14,0.041176470588235294,9747.425000000001,0.34929965020065745,0.389982628836132
2025-06-02,North,App,9372,643,393,40.43,15.77,7058.969999999999,133561.73,16,87772.51,0.04071246819338423,8347.608125,0.34283188754742855,0.3900568884491714
2025-06-02,North,Marketplace,7833,495,322,33.3,12.98,5848.23,102657.07,14,68569.69,0.043478260869565216,7332.647857142858,0.3320509732062293,0.38978978978978984
2025-06-02,North,Web,11058,732,458,46.36,18.08,8901.74,116987.25,19,80543.03,0.04148471615720524,6157.223684210527,0.31152300784914594,0.3899913718723037
2025-06-02,South,App,7088,538,340,34.91,13.620000000000001,6327.53,76909.51000000001,14,51864.799999999996,0.041176470588235294,5493.5364285714295,0.3256386628909742,0.3901460899455744
2025-06-02,South,Marketplace,6186,476,279,28.84,11.239999999999998,4981.879999999999,104092.89,11,69522.64,0.03942652329749104,9462.99,0.33210961863005245,0.38973647711511783
2025-06-02,South,Web,9769,683,438,44.93,17.52,8083.1,126697.34999999999,18,86294.62,0.0410958904109589,7038.741666666666,0.318891673740611,0.38993990652125526
2025-06-02,West,App,9426,585,381,40.16,15.66,6955.860000000001,93213.67,16,62397.18,0.04199475065616798,5825.854375,0.3306005438901826,0.38994023904382474
2025-06-02,West,Marketplace,8131,538,331,34.88,13.6,5557.74,160751.99,14,107033.81,0.04229607250755287,11482.285,0.3341680560221991,0.3899082568807339
2025-06-02,West,Web,10272,746,455,47.71,18.599999999999998,8517.26,126475.45,19,83687.06,0.041758241758241756,6656.602631578947,0.338313799239299,0.389855376231398
2025-06-03,East,App,6931,477,293,30.470000000000002,11.879999999999999,5429.76,70831.32,12,46919.94,0.040955631399317405,5902.610000000001,0.33758201880185207,0.38989169675090246
2025-06-03,East,Marketplace,5614,376,245,25.77,10.05,4355.09,92712.22,10,62751.96,0.04081632653061224,9271.222,0.3231533016898959,0.389988358556461
2025-06-03,East,Web,7467,545,324,34.53,13.469999999999999,6528.52,137036.4,14,94059.70999999999,0.043209876543209874,9788.314285714285,0.31361514167038834,0.3900955690703735
2025-06-03,North,App,9005,622,405,41.980000000000004,16.38,7578.55,142311.8,17,94425.65,0.04197530864197531,8371.282352941176,0.33648755760239135,0.3901858027632205
2025-06-03,North,Marketplace,8336,558,348,36.69,14.31,6606.139999999999,148533.1,14,98739.7,0.040229885057471264,10609.507142857143,0.3352343686356779,0.39002452984464436
2025-06-03,North,Web,10907,748,479,50.379999999999995,19.64,8628.31,168759.47,20,113263.89,0.04175365344467641,8437.9735,0.32884424204460944,0.3898372369988091
2025-06-03,South,App,8157,536,350,37.14,14.48,6279.43,192269.95,15,124539.06999999999,0.04285714285714286,12817.996666666668,0.35226971245376626,0.38987614431879375
2025-06-03,South,Marketplace,7502,505,310,31.88,12.43,5711.15,95255.5,13,62953.85,0.041935483870967745,7327.346153846154,0.3391053534966485,0.3898996235884567
2025-06-03,South,Web,9440,719,420,44.04,17.17,7887.48,175459.82,17,116625.0,0.04047619047619048,10321.165882352941,0.33531790925124627,0.38987284287011814
2025-06-03,West,App,9100,646,402,42.8,16.689999999999998,7268.76,130806.04000000001,17,90414.70999999999,0.04228855721393035,7694.472941176471,0.30878795810957976,0.38995327102803734
2025-06-03,West,Marketplace,7276,534,331,35.379999999999995,13.79,5978.299999999999,121220.08,14,81231.74,0.04229607250755287,8658.577142857142,0.3298821449383633,0.389768230638779
2025-06-03,West,Web,9852,669,424,42.36,16.52,8070.15,125930.23,17,84091.38,0.04009433962264151,7407.660588235294,0.3322383354655986,0.3899905571293673
2025-06-04,East,App,5819,434,279,29.34,11.45,5156.07,75448.27,12,50654.09,0.043010752688172046,6287.355833333334,0.3286248975622636,0.39025221540558963
2025-06-04,East,Marketplace,5748,410,248,25.5,9.95,4678.78,172316.62,10,113452.61,0.04032258064516129,17231.662,0.3416037872609154,0.3901960784313725
2025-06-04,East,Web,7636,538,336,33.93,13.239999999999998,5788.0,175310.71,14,117107.73999999999,0.041666666666666664,12522.19357142857,0.33199894062376456,0.39021514883583847
2025-06-04,North,App,9142,611,396,41.95,16.36,7555.879999999999,110188.89,17,74964.17,0.04292929292929293,6481.6994117647055,0.3196757858255946,0.3899880810488677
2025-06-04,North,Marketplace,9114,571,352,37.83,14.760000000000002,6131.879999999999,138676.58,15,90584.11,0.04261363636363636,9245.105333333333,0.34679590454278575,0.39016653449643146
2025-06-04,North,Web,10943,753,492,53.55,20.88,9396.47,171171.22,20,111651.12,0.04065040650406504,8558.561,0.3477225902812401,0.3899159663865546
2025-06-04,South,App,7912,536,338,35.72,13.93,6785.95,104348.39,14,68756.32,0.04142011834319527,7453.456428571429,0.3410888275324611,0.38997760358342665
2025-06-04,South,Marketplace,6981,472,297,31.13,12.14,5745.79,53804.88,12,45343.76,0.04040404040404041,4483.74,0.15725562439689478,0.38997751365242533
2025-06-04,South,Web,9474,654,423,42.88,16.72,7637.88,94859.34,18,62883.1,0.0425531914893617,5269.963333333333,0.33709110773910084,0.3899253731343283
2025-06-04,West,App,9233,622,388,40.81,15.91,7391.1900000000005,133252.56,16,85310.99,0.041237113402061855,8328.285,0.3597797295601675,0.3898554275912766
2025-06-04,West,Marketplace,7019,555,331,34.24,13.36,6386.76,77995.94,14,50318.479999999996,0.04229607250755287,5571.138571428572,0.3548577015675432,0.3901869158878504
2025-06-04,West,Web,10288,747,460,47.86,18.67,8468.33,160299.37,20,104990.48999999999,0.043478260869565216,8014.9685,0.3450349181035459,0.39009611366485586
2025-06-05,East,App,7273,519,312,33.28,12.98,5840.05,152009.24,13,99834.77,0.041666666666666664,11693.01846153846,0.34323222719882024,0.39002403846153844
2025-06-05,East,Marketplace,6164,412,264,29.090000000000003,11.35,4795.98,143009.38,11,93620.62,0.041666666666666664,13000.852727272728,0.34535329081211324,0.39016844276383633
2025-06-05,East,Web,8593,574,369,38.41,14.98,7591.620000000001,149385.83,16,104988.49,0.04336043360433604,9336.614375,0.2971991386331621,0.3900026034886749
2025-06-05,North,App,9657,700,435,44.760000000000005,17.45,8594.64,229462.89,19,152189.05,0.04367816091954023,12076.994210526316,0.33675963899870703,0.3898570151921358
2025-06-05,North,Marketplace,8719,610,376,40.15,15.66,7120.98,91932.15,16,61974.4,0.0425531914893617,5745.759375,0.32586804507454675,0.39003735990037364
2025-06-05,North,Web,12352,824,519,53.81,20.98,8810.71,114003.77,23,74757.58,0.04431599229287091,4956.685652173913,0.34425344003974606,0.38989035495261104
2025-06-05,South,App,9057,628,393,40.59,15.83,7278.5,120368.98,16,80552.26999999999,0.04071246819338423,7523.06125,0.33078879624966506,0.3899975363389997
2025-06-05,South,Marketplace,7603,536,324,33.74,13.16,6649.58,75268.54000000001,14,52357.52,0.043209876543209874,5376.324285714286,0.3043903867405959,0.3900414937759336
2025-06-05,South,Web,10302,727,443,46.69,18.21,8234.119999999999,112060.79,19,74779.58,0.04288939051918736,5897.936315789473,0.3326873744152615,0.39001927607624765
2025-06-05,West,App,9098,669,415,42.88,16.72,7950.5,76328.63,18,51034.93,0.043373493975903614,4240.479444444445,0.33137893343559294,0.3899253731343283
2025-06-05,West,Marketplace,8418,555,355,36.76,14.33,6683.719999999999,70493.87,14,46315.76,0.03943661971830986,5035.276428571428,0.3429817372772979,0.38982589771490755
2025-06-05,West,Web,10681,758,472,50.43,19.67,8329.23,126373.34,20,93601.91,0.0423728813559322,6318.6669999999995,0.2593223380817504,0.39004560777315095
2025-06-06,East,App,6729,460,295,31.019999999999996,12.1,5415.6900000000005,64483.770000000004,13,43060.9,0.04406779661016949,4960.29,0.33222111548378763,0.39007092198581567
2025-06-06,East,Marketplace,6124,429,259,27.29,10.64,4758.36,77967.06,11,50441.75,0.04247104247104247,7087.914545454545,0.3530376802716429,0.38988640527665813
2025-06-06,East,Web,8676,605,376,38.79,15.12,6651.58,188043.07,16,132561.26,0.0425531914893617,11752.691875,0.2950484163016483,0.38979118329466356
2025-06-06,North,App,10291,726,462,46.959999999999994,18.31,9722.8,176034.47,19,128317.37,0.04112554112554113,9264.972105263158,0.2710667973153213,0.3899063032367973
2025-06-06,North,Marketplace,7838,581,360,37.57,14.65,6307.52,104906.11,15,70020.15,0.041666666666666664,6993.740666666667,0.33254459630616373,0.38993878094224116
2025-06-06,North,Web,11950,824,505,54.41,21.22,8925.33,160557.88999999998,21,112650.23,0.041584158415841586,7645.613809523808,0.29838247126939693,0.3900018378974453
2025-06-06,South,App,9102,626,414,41.91,16.34,7742.26,134667.29,17,85748.65,0.04106280193236715,7921.605294117648,0.36325554631714957,0.38988308279646866
2025-06-06,South,Marketplace,8071,526,323,33.58,13.1,5934.14,94559.18000000001,13,61914.020000000004,0.04024767801857585,7273.783076923078,0.3452352272936377,0.3901131625967838
2025-06-06,South,Web,10591,710,448,47.57,18.55,8495.21,151319.02000000002,18,109797.38,0.04017857142857143,8406.612222222224,0.2743980234606331,0.38995165019970573
2025-06-06,West,App,10593,666,428,46.0,17.93,8285.810000000001,139161.99,18,101282.72,0.04205607476635514,7731.221666666666,0.2721955183308315,0.3897826086956522
2025-06-06,West,Marketplace,7788,531,348,36.519999999999996,14.24,6449.84,76539.03,15,51805.64,0.04310344827586207,5102.602,0.32314741903575206,0.38992332968236587
2025-06-06,West,Web,11303,755,479,50.69,19.770000000000003,8660.11,138255.96,20,95682.12,0.04175365344467641,6912.798,0.3079349345952247,0.39001775498125874
2025-06-07,East,App,7564,511,314,33.14,12.92,5903.95,75888.96,13,50212.649999999994,0.041401273885350316,5837.612307692309,0.33834051751401006,0.38986119493059745
2025-06-07,East,Marketplace,5735,409,252,26.47,10.33,4474.46,84812.59999999999,11,56637.399999999994,0.04365079365079365,7710.2363636363625,0.3322053562796094,0.3902531167359275
2025-06-07,East,Web,7569,607,367,39.05,15.23,6763.99,87499.74,15,57850.590000000004,0.04087193460490463,5833.316000000001,0.338848435435351,0.3900128040973112
2025-06-07,North,App,11667,748,464,49.17,19.18,8632.73,139135.73,19,94437.17,0.040948275862068964,7322.933157894738,0.32125867309568873,0.3900752491356518
2025-06-07,North,Marketplace,9617,608,391,40.06999999999999,15.620000000000001,6857.8,95893.51,16,66118.44,0.04092071611253197,5993.344375,0.3105014093237383,0.3898178188170702
2025-06-07,North,Web,11902,828,536,56.38,21.98,9545.26,208067.79,22,138585.8,0.041044776119402986,9457.626818181818,0.33393919356763496,0.3898545583540262
2025-06-07,South,App,9978,677,417,42.59,16.61,7407.14,137104.48,17,90551.52,0.0407673860911271,8064.969411764707,0.33954368230709897,0.3899976520309931
2025-06-07,South,Marketplace,7509,543,327,33.879999999999995,13.21,5587.79,98392.81999999999,14,65404.42,0.04281345565749235,7028.058571428571,0.33527243146400315,0.3899055489964582
2025-06-07,South,Web,9891,709,448,46.92,18.3,8264.86,127898.7,19,108750.87,0.04241071428571429,6731.510526315789,0.1497109040201347,0.3900255754475703
2025-06-07,West,App,10467,703,438,46.519999999999996,18.14,7669.389999999999,177453.75,19,117814.36,0.04337899543378995,9339.671052631578,0.3360841345984517,0.38993981083404994
2025-06-07,West,Marketplace,7241,484,322,35.08,13.690000000000001,5595.55,115140.41,14,76390.45,0.043478260869565216,8224.315,0.3365452667747145,0.39025085518814145
2025-06-07,West,Web,10907,814,516,53.92,21.03,9821.009999999998,153570.04,22,108363.43,0.04263565891472868,6980.456363636364,0.2943712849198972,0.39002225519287836
2025-06-08,East,App,8374,526,331,35.120000000000005,13.690000000000001,6053.83,131862.17,13,86494.77,0.03927492447129909,10143.243846153848,0.34405167152944627,0.38980637813211844
2025-06-08,East,Marketplace,6405,412,278,29.86,11.649999999999999,5464.96,94675.45,12,60693.79,0.04316546762589928,7889.620833333333,0.3589278952463389,0.3901540522438044
2025-06-08,East,Web,9039,637,392,42.239999999999995,16.47,7351.5,132565.57,16,88282.12,0.04081632653061224,8285.348125,0.33404940664457605,0.38991477272727276
2025-06-08,North,App,11157,708,465,50.980000000000004,19.88,8902.05,145155.6,19,96433.75,0.04086021505376344,7639.768421052632,0.3356525686918039,0.3899568458218909
2025-06-08,North,Marketplace,8821,648,391,41.97,16.36,7630.57,115300.34,17,75251.8,0.043478260869565216,6782.372941176471,0.3473410399310184,0.38980223969502026
2025-06-08,North,Web,12976,905,557,59.76,23.31,10320.0,292149.36,23,214370.5,0.04129263913824058,12702.146086956522,0.26622978054786767,0.3900602409638554
2025-06-08,South,App,8862,636,393,39.07,15.24,6951.48,98701.37,17,65789.98,0.043256997455470736,5805.96294117647,0.3334441051831398,0.3900691067315076
2025-06-08,South,Marketplace,7986,531,329,34.53,13.469999999999999,6655.29,146963.35,14,95363.14,0.0425531914893617,10497.382142857143,0.35110937522858593,0.3900955690703735
2025-06-08,South,Web,10791,760,479,49.66,19.36,9986.34,113067.37,20,78972.15,0.04175365344467641,5653.3685,0.30154782940471686,0.3898509867096255
2025-06-08,West,App,9599,659,418,44.099999999999994,17.2,7148.27,116187.04000000001,17,76603.97,0.04066985645933014,6834.531764705883,0.3406840384263168,0.3900226757369615
2025-06-08,West,Marketplace,8716,595,362,38.66,15.07,7607.0199999999995,218251.94,15,143269.5,0.04143646408839779,14550.129333333334,0.34355909963503645,0.38980858768753235
2025-06-08,West,Web,11838,843,511,55.15,21.5,8431.47,153051.06,21,105463.25,0.0410958904109589,7288.145714285714,0.31092767341826966,0.3898458748866727
2025-06-09,East,App,6167,427,267,27.729999999999997,10.809999999999999,5073.13,94721.89,11,61910.72,0.04119850187265917,8611.08090909091,0.34639479849905863,0.3898305084745763
2025-06-09,East,Marketplace,5455,397,243,24.740000000000002,9.64,4661.67,88509.99,10,69995.94,0.0411522633744856,8850.999,0.209174693161755,0.38965238480194014
2025-06-09,East,Web,8046,517,327,34.28,13.36,5982.41,89697.14,14,60061.39,0.04281345565749235,6406.938571428572,0.33039793687959285,0.38973162193698946
2025-06-09,North,App,9714,650,397,41.08,16.02,7271.9,69646.95,17,46777.51,0.042821158690176324,4096.879411764706,0.32836240495814956,0.38997078870496593
2025-06-09,North,Marketplace,8152,541,352,36.88,14.379999999999999,6698.1,89805.08,15,62563.32,0.04261363636363636,5987.0053333333335,0.3033431961755393,0.38991323210412143
2025-06-09,North,Web,11450,824,502,50.64,19.74,9199.83,173748.52,21,116445.89,0.04183266932270916,8273.739047619047,0.32980211860221886,0.3898104265402843
2025-06-09,South,App,8840,650,376,39.26,15.31,6626.83,111642.59,15,72677.08,0.0398936170212766,7442.839333333333,0.34902011857661125,0.38996434029546617
2025-06-09,South,Marketplace,6950,515,314,32.76,12.77,6130.38,83653.66,13,54835.26,0.041401273885350316,6434.8969230769235,0.3444965826958438,0.3898046398046398
2025-06-09,South,Web,9278,643,383,40.480000000000004,15.79,7141.26,96858.39,16,63282.22,0.04177545691906005,6053.649375,0.3466521588888686,0.39006916996047425
2025-06-09,West,App,8367,559,359,36.5,14.24,6869.120000000001,89749.81,15,58514.21,0.04178272980501393,5983.3206666666665,0.34802970613531103,0.3901369863013699
2025-06-09,West,Marketplace,6921,505,310,32.39,12.64,5604.17,49782.69,13,39283.020000000004,0.041935483870967745,3829.4376923076925,0.2109100572909981,0.3902439024390244
2025-06-09,West,Web,10579,700,438,46.64,18.19,7477.98,140976.53,18,93761.33,0.0410958904109589,7832.029444444444,0.33491532242991084,0.39000857632933106
2025-06-10,East,App,6788,450,283,29.86,11.64,4983.08,79287.53,12,51700.74,0.04240282685512368,6607.294166666667,0.34793352750426204,0.38981915606162093
2025-06-10,East,Marketplace,5831,403,245,25.310000000000002,9.88,4670.84,100765.47,10,66645.68,0.04081632653061224,10076.547,0.3386059728595521,0.3903595416831292
2025-06-10,East,Web,7444,512,322,33.17,12.93,6258.98,110671.46,14,73093.87,0.043478260869565216,7905.104285714287,0.33954182948340983,0.3898100693397648
2025-06-10,North,App,7979,609,386,40.34,15.740000000000002,7257.45,146113.15,16,96107.56999999999,0.04145077720207254,9132.071875,0.3422387375811144,0.39018344075359446
2025-06-10,North,Marketplace,7176,551,333,33.81,13.190000000000001,6629.360000000001,47734.15,14,31825.66,0.042042042042042045,3409.582142857143,0.33327271984522616,0.39012126589766344
2025-06-10,North,Web,10479,731,470,49.599999999999994,19.34,9107.02,174983.24,20,114500.94,0.0425531914893617,8749.162,0.34564624589189225,0.3899193548387097
2025-06-10,South,App,7529,536,334,36.07,14.07,6089.1,105159.2,14,70398.3,0.041916167664670656,7511.371428571429,0.3305550061240481,0.3900748544496812
2025-06-10,South,Marketplace,7141,526,310,32.260000000000005,12.59,6337.120000000001,83563.47,13,56418.37,0.041935483870967745,6427.959230769231,0.32484409754645177,0.3902665840049596
2025-06-10,South,Web,10267,645,435,45.1,17.59,7751.709999999999,207045.71,18,138556.14,0.041379310344827586,11502.539444444445,0.3307944414786473,0.3900221729490022
2025-06-10,West,App,8388,598,378,40.13,15.65,6861.049999999999,135443.63,16,100994.44,0.042328042328042326,8465.226875,0.25434337517386385,0.38998255669075504
2025-06-10,West,Marketplace,6850,487,324,33.599999999999994,13.1,6279.790000000001,137358.42,13,88601.14,0.040123456790123455,10566.032307692309,0.3549638966435404,0.38988095238095244
2025-06-10,West,Web,11626,803,489,50.91,19.86,8883.02,187238.97,21,122136.48,0.04294478527607362,8916.141428571429,0.34769733031537187,0.3901001767825575
2025-06-11,East,App,7081,524,315,31.740000000000002,12.379999999999999,5800.469999999999,63652.35,13,52536.34,0.04126984126984127,4896.334615384615,0.17463628601300663,0.3900441083805923
2025-06-11,East,Marketplace,5867,415,250,26.740000000000002,10.43,4678.12,52670.5,11,34536.43,0.044,4788.227272727273,0.34429272552947093,0.39005235602094235
2025-06-11,East,Web,7786,579,350,37.3,14.55,6256.33,113433.61,15,76587.91,0.04285714285714286,7562.240666666667,0.3248217173023057,0.39008042895442363
2025-06-11,North,App,9452,640,400,43.0,16.77,7231.55,128476.59,17,96500.29,0.0425,7557.446470588235,0.24888814374665458,0.39
2025-06-11,North,Marketplace,7976,526,338,35.73,13.93,6124.72,176439.62,14,119159.37,0.04142011834319527,12602.83,0.3246450542117468,0.38986845787853347
2025-06-11,North,Web,9954,714,457,47.78,18.64,7903.530000000001,167207.1,19,108687.91,0.04157549234135667,8800.373684210526,0.3499802938990031,0.3901213897028045
2025-06-11,South,App,8720,605,379,40.04,15.620000000000001,6723.73,259966.83,16,167677.63,0.04221635883905013,16247.926875,0.35500375182480004,0.39010989010989017
2025-06-11,South,Marketplace,7257,476,298,31.76,12.39,5536.3099999999995,89403.70999999999,12,63530.82,0.040268456375838924,7450.309166666666,0.28939391888770605,0.39011335012594456
2025-06-11,South,Web,9877,659,416,43.83,17.09,6929.95,186307.97,18,123627.91,0.04326923076923077,10350.442777777778,0.33643252084170094,0.3899155829340634
2025-06-11,West,App,8986,607,378,39.79,15.52,7563.02,152555.71,16,97598.08,0.042328042328042326,9534.731875,0.3602462995321512,0.3900477506911284
2025-06-11,West,Marketplace,7448,479,316,34.11,13.309999999999999,5852.64,72786.87,13,48621.12,0.04113924050632911,5598.99,0.33200699521768134,0.3902081501026092
2025-06-11,West,Web,11063,733,462,48.93,19.08,9195.32,182532.45,19,123754.52,0.04112554112554113,9606.97105263158,0.322013592651608,0.38994481912936846
2025-06-12,East,App,7060,484,289,30.83,12.02,4799.28,182554.25,12,118322.78,0.04152249134948097,15212.854166666666,0.3518486696420379,0.3898799870256244
2025-06-12,East,Marketplace,6127,412,248,26.72,10.42,4602.6,61140.68,11,41033.96,0.04435483870967742,5558.243636363636,0.3288599341714878,0.38997005988023953
2025-06-12,East,Web,6703,519,321,33.379999999999995,13.02,5897.66,126775.12,14,83172.11,0.04361370716510903,9055.365714285714,0.343939804592573,0.3900539245056921
2025-06-12,North,App,10126,662,421,43.84,17.1,7752.24,158335.66999999998,18,104479.98,0.04275534441805225,8796.42611111111,0.3401361803060548,0.39005474452554745
2025-06-12,North,Marketplace,8278,569,357,37.72,14.709999999999999,6790.66,75837.78,15,49648.64,0.04201680672268908,5055.852,0.34533104740144027,0.38997879109225875
2025-06-12,North,Web,10047,803,474,49.55,19.33,9527.7,209864.99,20,165929.89,0.04219409282700422,10493.2495,0.20934935360109364,0.3901109989909183
2025-06-12,South,App,8638,580,364,37.9,14.780000000000001,6850.620000000001,131978.97,15,86885.72,0.04120879120879121,8798.598,0.3416699645405628,0.3899736147757256
2025-06-12,South,Marketplace,6250,478,293,32.05,12.5,5354.1,52937.1,12,41133.28,0.040955631399317405,4411.425,0.2229782137669045,0.390015600624025
2025-06-12,South,Web,10164,702,431,43.8,17.08,7627.7,120624.64,19,79049.16,0.04408352668213457,6348.6652631578945,0.3446682203569685,0.38995433789954337
2025-06-12,West,App,9652,664,416,44.95,17.53,7942.24,70012.28,17,85320.06999999999,0.040865384615384616,4118.369411764706,-0.21864435781837122,0.3899888765294772
2025-06-12,West,Marketplace,7940,546,327,33.72,13.149999999999999,5812.83,85151.17,14,55931.31,0.04281345565749235,6082.226428571428,0.3431527717117686,0.3899762752075919
2025-06-12,West,Web,9190,704,434,45.92,17.91,8101.52,159418.00999999998,18,105719.05,0.041474654377880185,8856.55611111111,0.33684374808090994,0.39002613240418116
2025-06-13,East,App,6355,481,286,30.549999999999997,11.91,5287.620000000001,65218.24,12,42912.28,0.04195804195804196,5434.8533333333335,0.34202026917623046,0.3898527004909984
2025-06-13,East,Marketplace,5555,376,240,25.86,10.09,4280.45,91474.69,10,58549.45,0.041666666666666664,9147.469000000001,0.35993825177215694,0.39017788089713845
2025-06-13,East,Web,7250,483,321,33.29,12.98,6170.29,63063.8,14,41642.1,0.04361370716510903,4504.557142857143,0.33968298770451516,0.38990687894262543
2025-06-13,North,App,9907,693,426,45.83,17.88,7894.969999999999,118167.61,18,83314.3,0.04225352112676056,6564.867222222222,0.29494808264295097,0.39013746454287584
2025-06-13,North,Marketplace,7917,507,334,35.36,13.79,6824.92,143613.88,14,96507.49,0.041916167664670656,10258.134285714286,0.3280072232572506,0.38998868778280543
2025-06-13,North,Web,10761,748,461,48.33,18.85,8931.05,208811.0,20,138818.16,0.04338394793926247,10440.55,0.33519709210721654,0.3900268984067867
2025-06-13,South,App,8131,581,350,36.730000000000004,14.33,6927.0,94683.32,15,64876.96,0.04285714285714286,6312.221333333334,0.31480053720127266,0.3901442962156275
2025-06-13,South,Marketplace,6902,445,290,30.3,11.809999999999999,5099.46,99907.59,12,65051.29,0.041379310344827586,8325.6325,0.34888540500276305,0.38976897689768975
2025-06-13,South,Web,8505,666,403,42.59,16.61,7911.53,198350.66,17,131937.12,0.04218362282878412,11667.685882352942,0.33482893376810546,0.3899976520309931
2025-06-13,West,App,8902,641,387,40.59,15.83,6815.38,112583.34999999999,16,76045.45,0.041343669250646,7036.459374999999,0.3245408845979445,0.3899975363389997
2025-06-13,West,Marketplace,7965,529,336,35.2,13.73,6127.36,121412.1,14,77692.34,0.041666666666666664,8672.292857142858,0.3600939280351794,0.39005681818181814
2025-06-13,West,Web,9896,712,446,48.15,18.78,8796.26,197034.44,19,133570.7,0.042600896860986545,10370.233684210527,0.32209465512729646,0.3900311526479751
2025-06-14,East,App,7053,539,333,35.230000000000004,13.739999999999998,6615.700000000001,121560.65,14,84259.65,0.042042042042042045,8682.903571428571,0.3068509423073997,0.39000851546977
2025-06-14,East,Marketplace,6393,438,286,30.660000000000004,11.95,5243.8099999999995,69834.44,12,46694.89,0.04195804195804196,5819.536666666667,0.331348686980235,0.38975864318330067
2025-06-14,East,Web,9176,621,391,40.67,15.86,7733.58,101194.69,17,89089.68,0.043478260869565216,5952.628823529412,0.11962099987657464,0.3899680354069338
2025-06-14,North,App,10659,787,457,47.58,18.55,9141.49,109106.94,19,74377.58,0.04157549234135667,5742.470526315789,0.3183056916452794,0.3898696931483817
2025-06-14,North,Marketplace,8226,593,371,39.91,15.57,6229.360000000001,98878.57,16,71239.11,0.0431266846361186,6179.910625,0.2795293257173926,0.3901277875219244
2025-06-14,North,Web,12037,914,546,56.28,21.950000000000003,10058.99,158500.94,23,109892.64,0.04212454212454213,6891.345217391305,0.3066751528413649,0.3900142146410804
2025-06-14,South,App,8326,609,386,40.260000000000005,15.7,6897.74,120116.38,16,97908.06,0.04145077720207254,7507.27375,0.18489002082813358,0.38996522603079975
2025-06-14,South,Marketplace,7730,527,336,35.14,13.71,6101.98,106051.59,14,69715.68000000001,0.041666666666666664,7575.113571428571,0.3426248489060842,0.3901536710301651
2025-06-14,South,Web,10400,740,455,46.980000000000004,18.330000000000002,8540.66,151086.67,20,100629.79000000001,0.04395604395604396,7554.333500000001,0.33395983907779553,0.3901660280970626
2025-06-14,West,App,9343,690,412,43.29,16.88,7252.95,159325.33000000002,17,105118.18000000001,0.0412621359223301,9372.078235294119,0.34022932825558877,0.3899283899283899
2025-06-14,West,Marketplace,8746,582,374,39.36,15.350000000000001,7083.16,135525.96,16,88941.62,0.0427807486631016,8470.3725,0.34373001305432554,0.389989837398374
2025-06-14,West,Web,12264,760,505,52.78,20.59,8543.439999999999,174912.38,21,116604.98,0.041584158415841586,8329.160952380953,0.3333520474651366,0.3901098901098901
2025-06-15,East,App,8236,540,324,33.82,13.190000000000001,5710.46,178539.61,13,115945.01,0.040123456790123455,13733.816153846154,0.3505922299258971,0.3900059136605559
2025-06-15,East,Marketplace,5657,440,267,27.55,10.74,5086.35,179891.55,11,119787.62000000001,0.04119850187265917,16353.777272727271,0.3341120247171142,0.3898366606170599
2025-06-15,East,Web,8248,585,366,39.69,15.48,6341.549999999999,71263.04,16,49620.56,0.04371584699453552,4453.94,0.3036985231053853,0.3900226757369615
2025-06-15,North,App,10658,729,457,45.41,17.71,8626.55,221113.01,20,149245.81,0.0437636761487965,11055.6505,0.3250247463955197,0.390002202158115
2025-06-15,North,Marketplace,8408,612,385,40.33,15.73,7360.17,118672.19,16,78893.14,0.04155844155844156,7417.011875,0.3352011115662398,0.39003223406893134
2025-06-15,North,Web,13331,888,552,58.8,22.93,9645.69,254176.13,23,170821.91,0.041666666666666664,11051.136086956521,0.3279388194320214,0.3899659863945578
2025-06-15,South,App,9333,633,403,40.88,15.95,7916.709999999999,259975.89,17,170813.81,0.04218362282878412,15292.699411764706,0.34296288013476944,0.3901663405088062
2025-06-15,South,Marketplace,8215,508,331,34.61,13.5,5848.74,100322.3,14,76685.25,0.04229607250755287,7165.878571428571,0.23561112534301948,0.3900606761051719
2025-06-15,South,Web,11214,721,467,49.12,19.16,8677.58,124385.9,20,82452.77,0.042826552462526764,6219.295,0.33712124927343046,0.39006514657980457
2025-06-15,West,App,10127,724,438,44.59,17.39,7950.360000000001,102212.34,18,67689.98,0.0410958904109589,5678.463333333333,0.33775139087902695,0.3899977573446961
2025-06-15,West,Marketplace,8234,569,347,36.64,14.29,6613.05,74254.09,15,49215.05,0.043227665706051875,4950.272666666667,0.3372075531462307,0.39001091703056767
2025-06-15,West,Web,11941,857,523,54.42,21.22,10167.57,131661.61,21,114152.86,0.040152963671128104,6269.600476190475,0.13298295532008145,0.3899301727306137
2025-06-16,East,App,7072,471,300,31.34,12.219999999999999,5701.2,110980.24,12,73811.79,0.04,9248.353333333334,0.33491052100806423,0.38991703892788765
2025-06-16,East,Marketplace,5353,379,243,25.950000000000003,10.120000000000001,4710.07,74146.02,10,49508.74,0.0411522633744856,7414.602000000001,0.3322805458742088,0.389980732177264
2025-06-16,East,Web,8059,593,359,37.07,14.46,6595.780000000001,66558.01999999999,15,44461.47,0.04178272980501393,4437.2013333333325,0.33198929295072166,0.3900728351766928
2025-06-16,North,App,9555,657,401,43.519999999999996,16.97,6761.549999999999,129908.73999999999,17,89538.37,0.04239401496259352,7641.690588235294,0.310759460833813,0.3899356617647059
2025-06-16,North,Marketplace,8124,562,355,37.18,14.5,6766.08,159005.61000000002,15,107053.29,0.04225352112676056,10600.374000000002,0.32673262283010024,0.38999462076385155
2025-06-16,North,Web,11140,733,466,48.46,18.900000000000002,7947.93,175138.64,19,114549.98,0.0407725321888412,9217.823157894738,0.34594684531066366,0.3900123813454396
2025-06-16,South,App,9054,609,376,39.879999999999995,15.55,6736.17,176508.6,16,143810.83,0.0425531914893617,11031.7875,0.18524746103022752,0.38991975927783357
2025-06-16,South,Marketplace,6731,474,300,31.480000000000004,12.280000000000001,5556.72,103168.72,13,68412.93,0.043333333333333335,7936.055384615384,0.3368830203573332,0.3900889453621347
2025-06-16,South,Web,10651,703,454,47.239999999999995,18.43,8624.26,114976.36,19,77589.02,0.04185022026431718,6051.387368421053,0.3251741488424229,0.39013547840812873
2025-06-16,West,App,8479,604,378,39.31,15.330000000000002,6858.46,121860.24,16,91622.24,0.042328042328042326,7616.265,0.2481367179319522,0.38997710506232514
2025-06-16,West,Marketplace,7532,521,317,33.79,13.17,5448.97,73769.15000000001,14,48866.83,0.04416403785488959,5269.225,0.3375709222622194,0.3897602841077242
2025-06-16,West,Web,10488,690,450,45.58,17.78,9034.74,77457.1,19,51854.66,0.042222222222222223,4076.689473684211,0.3305370327574877,0.3900833698990786
2025-06-17,East,App,7009,481,309,32.55,12.690000000000001,5704.860000000001,122638.19,13,81069.29000000001,0.042071197411003236,9433.706923076923,0.3389555896087507,0.38986175115207383
2025-06-17,East,Marketplace,6067,360,233,24.08,9.39,4439.280000000001,75195.66,10,58534.78,0.04291845493562232,7519.566000000001,0.22156704256602047,0.38995016611295685
2025-06-17,East,Web,7879,529,339,36.519999999999996,14.24,6707.950000000001,72905.88,14,47889.13,0.04129793510324484,5207.562857142858,0.3431376179808817,0.38992332968236587
2025-06-17,North,App,8735,707,409,44.57,17.38,8253.04,165627.14,17,110851.22,0.04156479217603912,9742.772941176472,0.3307182627195036,0.38994839578191604
2025-06-17,North,Marketplace,7331,541,333,35.620000000000005,13.9,6457.22,152012.95,14,100126.51,0.042042042042042045,10858.067857142858,0.34132907755556363,0.3902302077484559
2025-06-17,North,Web,9935,724,452,48.099999999999994,18.76,8488.04,178119.13999999998,19,117453.8,0.0420353982300885,9374.691578947368,0.3405885521342624,0.3900207900207901
2025-06-17,South,App,8433,557,355,37.73,14.709999999999999,6924.92,130573.2,15,89216.38,0.04225352112676056,8704.88,0.3167328364472954,0.38987543069175723
2025-06-17,South,Marketplace,6858,476,288,29.910000000000004,11.67,5186.77,53687.05,12,34603.64,0.041666666666666664,4473.920833333334,0.35545648345364483,0.39017051153460375
2025-06-17,South,Web,10019,664,414,43.67,17.03,7867.43,199406.68,18,131492.95,0.043478260869565216,11078.148888888889,0.34057901169609756,0.389970231280055
2025-06-17,West,App,7622,580,361,37.14,14.48,6461.21,142123.51,15,92520.91,0.04155124653739612,9474.900666666666,0.34901051909005065,0.38987614431879375
2025-06-17,West,Marketplace,6603,483,298,30.95,12.07,5155.76,100537.14,12,66913.41,0.040268456375838924,8378.095,0.3344408842344232,0.389983844911147
2025-06-17,West,Web,9898,699,429,46.379999999999995,18.09,8136.52,159086.31,17,110217.62,0.039627039627039624,9358.018235294117,0.3071835030933837,0.3900388098318241
2025-06-18,East,App,6883,515,314,34.03,13.27,6237.26,57112.66,14,38821.31,0.044585987261146494,4079.4757142857147,0.3202678705561955,0.389950044078754
2025-06-18,East,Marketplace,5348,374,239,24.520000000000003,9.559999999999999,4474.54,88401.69,10,60125.27,0.04184100418410042,8840.169,0.3198628894990583,0.3898858075040782
2025-06-18,East,Web,6959,542,335,35.19,13.719999999999999,6769.3099999999995,99484.09000000001,14,63687.020000000004,0.041791044776119404,7106.00642857143,0.35982708390859286,0.38988348962773517
2025-06-18,North,App,9393,658,416,43.74,17.07,7878.88,106568.38,18,70172.0,0.04326923076923077,5920.4655555555555,0.3415307617512812,0.3902606310013717
2025-06-18,North,Marketplace,7469,524,334,35.05,13.67,6313.120000000001,149970.69,14,129896.58,0.041916167664670656,10712.192142857142,0.133853554984644,0.3900142653352354
2025-06-18,North,Web,11666,773,483,51.47,20.07,9328.41,221430.21000000002,20,145564.08000000002,0.041407867494824016,11071.5105,0.3426186968797076,0.38993588498154264
2025-06-18,South,App,7874,554,350,37.52,14.64,6041.12,207495.37,15,134452.16999999998,0.04285714285714286,13833.024666666666,0.3520232764711811,0.39019189765458423
2025-06-18,South,Marketplace,6535,488,300,31.480000000000004,12.280000000000001,5854.049999999999,95711.6,13,88978.59,0.043333333333333335,7362.430769230769,0.07034685450875347,0.3900889453621347
2025-06-18,South,Web,8814,653,398,41.86,16.330000000000002,7716.29,161877.63,17,110968.12000000001,0.04271356783919598,9522.213529411765,0.3144937938614495,0.39010989010989017
2025-06-18,West,App,9047,588,376,40.38,15.740000000000002,7251.549999999999,141119.51,16,92172.24,0.0425531914893617,8819.969375,0.34684977293359365,0.38979692917285785
2025-06-18,West,Marketplace,6605,457,293,31.520000000000003,12.29,4942.54,97072.18,12,65746.88,0.040955631399317405,8089.348333333332,0.3227011075675852,0.3899111675126903
2025-06-18,West,Web,10026,734,464,48.88,19.07,8901.689999999999,140209.61,20,92964.56,0.04310344827586207,7010.4805,0.3369601413198424,0.390139116202946
2025-06-19,East,App,6639,509,297,31.060000000000002,12.120000000000001,5276.1900000000005,96678.82,12,64355.28,0.04040404040404041,8056.568333333334,0.3343394137412931,0.39021249195106245
2025-06-19,East,Marketplace,5693,376,245,25.6,9.98,4868.03,96052.36,10,62358.5,0.04081632653061224,9605.236,0.35078638359328185,0.38984375
2025-06-19,East,Web,7919,567,353,37.07,14.46,6518.28,73498.77,15,50701.06,0.042492917847025496,4899.918000000001,0.3101781159058853,0.3900728351766928
2025-06-19,North,App,9835,688,414,43.879999999999995,17.11,8265.8,125832.42,18,85223.98,0.043478260869565216,6990.69,0.3227184218502672,0.38992707383773934
2025-06-19,North,Marketplace,6764,493,331,34.480000000000004,13.45,6333.360000000001,105175.05,14,70544.7,0.04229607250755287,7512.503571428571,0.32926392713861324,0.3900812064965197
2025-06-19,North,Web,11483,805,505,53.12,20.72,9931.39,129807.11,21,88703.37,0.041584158415841586,6181.290952380952,0.3166524545535295,0.39006024096385544
2025-06-19,South,App,7608,547,342,36.09,14.07,6313.66,111446.12,14,74837.81999999999,0.04093567251461988,7960.437142857142,0.3284842935761245,0.38985868661679135
2025-06-19,South,Marketplace,7074,452,283,29.29,11.43,5587.42,67634.1,12,45557.36,0.04240282685512368,5636.175,0.3264143383293339,0.3902355752816661
2025-06-19,South,Web,9297,681,401,42.19,16.46,7610.58,202456.56,17,130462.43,0.04239401496259352,11909.209411764707,0.355602851298076,0.39013984356482584
2025-06-19,West,App,10026,622,395,41.42,16.15,7883.860000000001,117319.68000000001,16,75874.74,0.04050632911392405,7332.4800000000005,0.3532650276577638,0.3899082568807339
2025-06-19,West,Marketplace,7495,498,315,34.5,13.46,5478.88,52971.57,13,35874.93,0.04126984126984127,4074.7361538461537,0.3227512418453899,0.3901449275362319
2025-06-19,West,Web,10266,738,442,47.81999999999999,18.65,8262.189999999999,104256.52,19,76785.64,0.042986425339366516,5487.185263157895,0.26349316090734665,0.390004182350481
2025-06-20,East,App,7141,514,322,33.76,13.17,6000.5,84225.37,13,55600.29,0.040372670807453416,6478.874615384615,0.33986291778831007,0.39010663507109006
2025-06-20,East,Marketplace,6233,446,277,28.58,11.149999999999999,5092.97,43077.53,11,28687.57,0.039711191335740074,3916.139090909091,0.3340479363603252,0.3901329601119664
2025-06-20,East,Web,8574,607,367,37.64,14.68,6979.43,103693.58,16,70410.13,0.043596730245231606,6480.84875,0.3209788879890153,0.3900106269925611
2025-06-20,North,App,9934,715,437,46.81,18.259999999999998,7309.33,170642.17,18,113708.92,0.041189931350114416,9480.120555555557,0.3336411509534836,0.39008758812219607
2025-06-20,North,Marketplace,9309,664,403,41.93,16.36,7321.09,77467.46,17,52214.08,0.04218362282878412,4556.909411764706,0.32598693696682457,0.3901740996899594
2025-06-20,North,Web,11566,855,539,58.730000000000004,22.909999999999997,10308.15,254437.09,23,165249.19,0.04267161410018553,11062.482173913044,0.3505302627065889,0.3900902434871445
2025-06-20,South,App,8222,588,369,39.120000000000005,15.26,7339.78,124868.37,15,92500.55,0.04065040650406504,8324.557999999999,0.25921552431572537,0.390081799591002
2025-06-20,South,Marketplace,7170,522,324,33.1,12.91,6200.34,117957.04,13,86876.95,0.040123456790123455,9073.61846153846,0.26348652017717633,0.39003021148036254
2025-06-20,South,Web,10293,659,440,47.16,18.39,7895.290000000001,115354.65000000001,18,74672.72,0.04090909090909091,6408.591666666667,0.3526683146279756,0.3899491094147583
2025-06-20,West,App,9898,681,431,44.55,17.38,7624.469999999999,155002.82,18,101853.86,0.04176334106728538,8611.267777777779,0.34289027773817277,0.39012345679012345
2025-06-20,West,Marketplace,7488,531,336,34.9,13.61,6071.200000000001,178568.74,14,115661.08,0.041666666666666664,12754.91,0.3522882000511399,0.38997134670487105
2025-06-20,West,Web,11438,800,479,50.769999999999996,19.810000000000002,9066.76,267497.47000000003,21,179239.19,0.04384133611691023,12737.974761904763,0.32994061588694656,0.39019105771124685
2025-06-21,East,App,8524,555,341,35.33,13.780000000000001,6711.860000000001,108859.85,14,82273.25,0.04105571847507331,7775.703571428572,0.24422778462399133,0.39003679592414386
2025-06-21,East,Marketplace,6892,457,286,30.53,11.91,5166.09,116334.67,12,75458.58,0.04195804195804196,9694.555833333334,0.3513663639566777,0.3901080904028824
2025-06-21,East,Web,9564,728,431,46.010000000000005,17.95,7706.76,74018.45,18,51169.9,0.04176334106728538,4112.136111111111,0.3086872259551503,0.3901325798739404
2025-06-21,North,App,12481,776,498,52.69,20.55,9323.14,125241.19,21,104274.87,0.04216867469879518,5963.86619047619,0.1674075437960946,0.39001708104004557
2025-06-21,North,Marketplace,10202,714,429,43.71,17.05,8020.11,137072.72,18,89227.2,0.04195804195804196,7615.151111111111,0.3490520943919403,0.3900709219858156
2025-06-21,North,Web,13962,955,602,66.24000000000001,25.84,11255.31,263271.85,26,176464.49,0.04318936877076412,10125.840384615383,0.3297251871022291,0.3900966183574879
2025-06-21,South,App,9569,671,426,44.9,17.5,7450.5,85552.82,18,56873.880000000005,0.04225352112676056,4752.934444444445,0.33521910791485304,0.3897550111358575
2025-06-21,South,Marketplace,8606,612,372,38.36,14.96,6487.52,83744.93,15,55221.35,0.04032258064516129,5582.995333333333,0.34060067875153754,0.3899895724713243
2025-06-21,South,Web,10612,807,488,49.57,19.33,9026.09,206668.81,20,141438.6,0.040983606557377046,10333.4405,0.3156267750319944,0.3899536009683276
2025-06-21,West,App,11205,761,471,51.0,19.89,9233.119999999999,159388.81,20,105374.17,0.04246284501061571,7969.4405,0.3388860234291228,0.39
2025-06-21,West,Marketplace,8905,617,402,42.04,16.4,7187.67,119098.22,17,79963.92,0.04228855721393035,7005.777647058823,0.32858845413474697,0.39010466222645096
2025-06-21,West,Web,11815,848,545,57.28999999999999,22.35,10441.26,157542.78,22,123564.25,0.04036697247706422,7161.035454545455,0.2156781161282034,0.3901204398673417
2025-06-22,East,App,6888,500,319,33.4,13.03,6683.43,88616.18,14,58956.68,0.0438871473354232,6329.727142857142,0.3346962146190458,0.3901197604790419
2025-06-22,East,Marketplace,6503,431,274,29.14,11.36,5216.09,101999.19,12,70292.37,0.043795620437956206,8499.9325,0.3108536450142399,0.3898421413864104
2025-06-22,East,Web,8821,605,386,40.83,15.93,6820.98,138324.47999999998,16,90247.86,0.04145077720207254,8645.279999999999,0.3475640754261284,0.39015429831006615
2025-06-22,North,App,10466,760,470,49.72,19.4,8674.74,192551.87,20,128182.69,0.0425531914893617,9627.593499999999,0.3342952732684445,0.3901850362027353
2025-06-22,North,Marketplace,8836,621,395,41.5,16.19,7067.620000000001,118457.78,17,79559.66,0.043037974683544304,6968.104705882353,0.32837117156846934,0.39012048192771087
2025-06-22,North,Web,12767,874,542,57.67,22.5,10121.02,204388.97,23,136778.13999999998,0.042435424354243544,8886.47695652174,0.3307949054197984,0.39015085833188834
2025-06-22,South,App,9259,629,398,41.620000000000005,16.23,8451.72,188750.43,17,127441.57,0.04271356783919598,11102.966470588235,0.3248144123433255,0.38995675156174914
2025-06-22,South,Marketplace,8422,548,340,35.620000000000005,13.89,6544.02,134163.51,14,92468.28,0.041176470588235294,9583.107857142857,0.3107792126189901,0.38994946659180235
2025-06-22,South,Web,10538,760,448,47.96,18.71,8792.07,126192.03,19,83100.45,0.04241071428571429,6641.685789473684,0.34147624061519577,0.39011676396997497
2025-06-22,West,App,10343,736,449,48.02,18.73,8584.18,133457.91,18,86941.05,0.0400890868596882,7414.328333333334,0.34855079028286895,0.390045814244065
2025-06-22,West,Marketplace,8034,550,340,35.83,13.969999999999999,6554.96,90626.97,15,59700.58,0.04411764705882353,6041.798,0.341249299187648,0.38989673457996094
2025-06-22,West,Web,11247,785,509,52.849999999999994,20.61,9020.619999999999,83257.19,22,54544.44,0.043222003929273084,3784.4177272727275,0.3448681128921118,0.38997161778618733
2025-06-23,East,App,7527,492,298,32.04,12.5,5164.6900000000005,130417.78,12,87059.96,0.040268456375838924,10868.148333333333,0.33245328972782695,0.39013732833957554
2025-06-23,East,Marketplace,5458,416,258,26.23,10.23,4792.57,99294.36,11,67104.53,0.04263565891472868,9026.76,0.32418588528089615,0.39001143728555093
2025-06-23,East,Web,7510,564,342,36.36,14.190000000000001,6303.68,179498.39,15,119363.21,0.043859649122807015,11966.559333333335,0.3350179352583608,0.3902640264026403
2025-06-23,North,App,8874,600,392,40.58,15.83,6904.07,80766.55,16,53693.29,0.04081632653061224,5047.909375,0.3352038684331571,0.3900936421882701
2025-06-23,North,Marketplace,7145,522,328,34.43,13.43,5815.59,101666.86,14,65563.0,0.042682926829268296,7261.918571428571,0.3551192591174745,0.3900668022073773
2025-06-23,North,Web,10888,755,462,47.86,18.67,7925.41,223514.13999999998,19,146010.63,0.04112554112554113,11763.902105263158,0.34674991926685256,0.39009611366485586
2025-06-23,South,App,8454,569,350,36.61,14.28,6855.79,128597.81999999999,15,84771.05,0.04285714285714286,8573.188,0.3408049218874783,0.390057361376673
2025-06-23,South,Marketplace,7112,466,296,31.28,12.190000000000001,5604.85,76127.14,12,51754.26,0.04054054054054054,6343.928333333333,0.3201601951682409,0.3897058823529412
2025-06-23,South,Web,10369,681,431,45.14,17.6,7478.9800000000005,122913.65,19,81911.66,0.04408352668213457,6469.13947368421,0.33358369879992983,0.38989809481612764
2025-06-23,West,App,9082,600,381,39.14,15.26,7555.86,63264.68,16,41082.52,0.04199475065616798,3954.0425,0.3506247087632468,0.38988247317322433
2025-06-23,West,Marketplace,7886,509,330,35.120000000000005,13.690000000000001,6427.12,144357.83,14,95842.86,0.04242424242424243,10311.27357142857,0.3360743923623678,0.38980637813211844
2025-06-23,West,Web,10395,672,440,46.16,18.0,7780.74,181319.66999999998,18,119562.36000000002,0.04090909090909091,10073.314999999999,0.34059906462437295,0.38994800693240905
2025-06-24,East,App,6269,445,282,28.41,11.08,5459.43,100435.46,12,68004.44,0.0425531914893617,8369.621666666668,0.3229040818850235,0.3900035198873636
2025-06-24,East,Marketplace,6338,407,261,27.090000000000003,10.57,5004.51,61276.0,11,40669.13,0.0421455938697318,5570.545454545455,0.33629593968274696,0.3901808785529715
2025-06-24,East,Web,8014,533,354,37.07,14.46,6449.8099999999995,97272.98000000001,15,65784.95,0.0423728813559322,6484.865333333334,0.32370787859074546,0.3900728351766928
2025-06-24,North,App,9943,671,417,42.62,16.62,7389.76,161559.21,18,107894.65,0.04316546762589928,8975.511666666665,0.33216651653594986,0.3899577663068982
2025-06-24,North,Marketplace,8593,567,359,36.64,14.29,6618.5,90195.72,15,60023.91,0.04178272980501393,6013.048,0.33451487498519883,0.39001091703056767
2025-06-24,North,Web,11568,808,497,52.480000000000004,20.47,8819.64,91443.87,21,59956.259999999995,0.04225352112676056,4354.469999999999,0.34433811692352917,0.39005335365853655
2025-06-24,South,App,8844,566,359,37.97,14.809999999999999,6294.54,122259.62000000001,16,78571.93,0.04456824512534819,7641.226250000001,0.3573353982287857,0.3900447721885699
2025-06-24,South,Marketplace,6893,474,304,31.88,12.43,4869.5,76734.59,13,54420.119999999995,0.04276315789473684,5902.660769230769,0.29080066759983997,0.3898996235884567
2025-06-24,South,Web,9319,667,421,45.620000000000005,17.79,7547.6900000000005,161146.9,18,103756.64,0.04275534441805225,8952.605555555556,0.35613629551669934,0.3899605436212187
2025-06-24,West,App,9038,603,384,39.91,15.57,7194.09,183443.99,17,127855.16,0.044270833333333336,10790.82294117647,0.30302889726722576,0.3901277875219244
2025-06-24,West,Marketplace,7460,531,331,34.69,13.53,6249.93,123881.58,13,83179.2,0.03927492447129909,9529.352307692308,0.3285587736288155,0.39002594407610264
2025-06-24,West,Web,10516,721,465,49.879999999999995,19.45,8041.57,137523.61,20,93704.43,0.043010752688172046,6876.1804999999995,0.31863023374677263,0.38993584603047315
2025-06-25,East,App,6373,441,291,30.810000000000002,12.02,5313.79,125438.49,12,83095.42,0.041237113402061855,10453.2075,0.3375604250338154,0.39013307367737743
2025-06-25,East,Marketplace,5774,371,243,26.310000000000002,10.26,4659.17,70826.45,10,47165.14,0.0411522633744856,7082.6449999999995,0.33407448770904086,0.3899657924743443
2025-06-25,East,Web,7722,548,341,34.589999999999996,13.48,6309.65,96964.04,14,62990.630000000005,0.04105571847507331,6926.002857142857,0.35037123040665374,0.38970800809482514
2025-06-25,North,App,9219,662,419,44.61,17.4,7938.28,82505.82,17,59652.05,0.0405727923627685,4853.283529411765,0.2769958531410269,0.3900470746469401
2025-06-25,North,Marketplace,7836,560,338,35.43,13.82,6462.120000000001,128465.02,14,84773.25,0.04142011834319527,9176.072857142857,0.34010635735704553,0.3900649167372284
2025-06-25,North,Web,11701,857,488,52.16,20.34,9934.17,157385.7,21,129850.78,0.0430327868852459,7494.557142857144,0.17495185394861165,0.38995398773006135
2025-06-25,South,App,8036,557,338,35.599999999999994,13.88,6156.57,84345.59,14,55394.11,0.04142011834319527,6024.6849999999995,0.34324829549476144,0.3898876404494383
2025-06-25,South,Marketplace,6759,481,303,31.83,12.41,5760.43,128626.93999999999,13,84714.6,0.0429042904290429,9894.38,0.3413930238875308,0.3898837574615143
2025-06-25,South,Web,10352,703,429,44.46,17.34,7872.85,153845.57,18,100839.07,0.04195804195804196,8546.976111111111,0.34454355754280086,0.3900134952766532
2025-06-25,West,App,8602,614,388,41.34,16.119999999999997,7317.04,109210.6,16,71873.4,0.041237113402061855,6825.6625,0.3418825645129686,0.3899371069182389
2025-06-25,West,Marketplace,6443,471,293,30.470000000000002,11.879999999999999,5258.77,89115.96,12,58030.06,0.040955631399317405,7426.330000000001,0.3488252833723612,0.38989169675090246
2025-06-25,West,Web,10498,693,446,46.989999999999995,18.330000000000002,8354.15,204216.81,19,136770.0,0.042600896860986545,10748.253157894736,0.33027060798765784,0.39008299638220906
2025-06-26,East,App,6340,472,300,31.330000000000002,12.219999999999999,5303.36,141742.63999999998,13,93057.3,0.043333333333333335,10903.279999999999,0.34347702286340925,0.39004149377593356
2025-06-26,East,Marketplace,5996,380,250,25.82,10.07,4797.16,161913.07,10,107478.95999999999,0.04,16191.307,0.33619342774490046,0.390007745933385
2025-06-26,East,Web,7215,536,329,33.980000000000004,13.260000000000002,5569.32,195012.15,14,133231.43,0.0425531914893617,13929.439285714285,0.31680446577303006,0.3902295467922307
2025-06-26,North,App,9167,631,393,41.08,16.02,7288.22,129720.79,16,85328.75,0.04071246819338423,8107.549375,0.34221222365358706,0.38997078870496593
2025-06-26,North,Marketplace,7660,547,342,34.88,13.6,5849.6,82763.76,14,58452.46,0.04093567251461988,5911.697142857142,0.2937433002077237,0.3899082568807339
2025-06-26,North,Web,10550,776,478,50.400000000000006,19.65,7870.61,201569.9,20,135832.82,0.04184100418410042,10078.494999999999,0.3261254780599682,0.38988095238095233
2025-06-26,South,App,8061,576,361,39.26,15.31,6783.52,109693.67,15,76934.31,0.04155124653739612,7312.9113333333335,0.29864403296926795,0.38996434029546617
2025-06-26,South,Marketplace,6528,479,305,31.65,12.34,5623.33,98592.49,13,64397.78,0.04262295081967213,7584.037692307693,0.3468287493296904,0.38988941548183254
2025-06-26,South,Web,8981,647,407,42.57,16.6,7769.51,94489.76,17,65752.23,0.04176904176904177,5558.221176470588,0.3041338024353115,0.3899459713413202
2025-06-26,West,App,8085,552,357,37.59,14.66,5955.92,155805.39,15,103147.75,0.04201680672268908,10387.026000000002,0.3379705926733344,0.3899973397180101
2025-06-26,West,Marketplace,7509,539,324,34.69,13.53,6038.139999999999,85440.02,14,58657.47,0.043209876543209874,6102.858571428572,0.3134661017167365,0.39002594407610264
2025-06-26,West,Web,10105,688,430,46.6,18.169999999999998,8231.9,231392.21000000002,19,150990.73,0.044186046511627906,12178.537368421054,0.34746839575973626,0.3899141630901287
2025-06-27,East,App,6491,467,285,29.39,11.46,5333.82,73727.48000000001,12,49241.22,0.042105263157894736,6143.956666666668,0.33211849909965735,0.3899285471248724
2025-06-27,East,Marketplace,5336,401,247,25.259999999999998,9.85,4251.93,110565.75,10,70874.05,0.04048582995951417,11056.575,0.3589872994123406,0.38994457640538405
2025-06-27,East,Web,7654,540,323,35.129999999999995,13.7,6173.52,85691.69,14,56530.38,0.043343653250773995,6120.835,0.34030499340134385,0.38998007401081697
2025-06-27,North,App,10383,684,417,44.260000000000005,17.259999999999998,7864.16,219799.06,18,145763.82,0.04316546762589928,12211.058888888889,0.3368314677960861,0.3899683687302304
2025-06-27,North,Marketplace,7522,500,326,33.95,13.239999999999998,6433.12,110411.58,14,83054.5,0.04294478527607362,7886.541428571429,0.24777364837999782,0.3899852724594992
2025-06-27,North,Web,10552,834,479,51.33,20.02,8814.400000000001,212268.49,20,149084.85,0.04175365344467641,10613.4245,0.29765906376400936,0.3900253263198909
2025-06-27,South,App,8667,634,383,40.269999999999996,15.709999999999999,7102.78,85182.41,16,66355.92,0.04177545691906005,5323.900625,0.2210138219850789,0.3901167121926993
2025-06-27,South,Marketplace,6659,474,297,31.71,12.36,5371.88,85259.77,12,56714.420000000006,0.04040404040404041,7104.980833333334,0.3348044452852734,0.3897824030274361
2025-06-27,South,Web,9636,719,424,44.62,17.4,7599.02,119066.02,18,80406.08,0.04245283018867924,6614.778888888889,0.3246933088046447,0.3899596593455849
2025-06-27,West,App,8619,562,366,39.230000000000004,15.299999999999999,6670.17,75228.64,15,88239.72,0.040983606557377046,5015.242666666667,-0.17295381120807185,0.39000764720876874
2025-06-27,West,Marketplace,7985,529,331,34.589999999999996,13.49,5483.6900000000005,125146.29,14,84045.54000000001,0.04229607250755287,8939.020714285714,0.32842164158442083,0.3899971089910379
2025-06-27,West,Web,11779,795,483,48.81,19.04,9514.880000000001,84419.97,20,55700.18,0.041407867494824016,4220.9985,0.3402013765226403,0.39008399918049574
2025-06-28,East,App,7491,531,326,34.14,13.309999999999999,6153.41,159729.56,14,104099.17,0.04294478527607362,11409.254285714285,0.3482786154297301,0.3898652606912712
2025-06-28,East,Marketplace,5750,417,269,28.02,10.93,4976.5,59051.13,11,39767.66,0.040892193308550186,5368.284545454545,0.32655547827789233,0.3900785153461813
2025-06-28,East,Web,9376,630,390,40.41,15.760000000000002,6716.43,148728.56,16,113894.8,0.041025641025641026,9295.535,0.23421029558815062,0.39000247463499144
2025-06-28,North,App,11059,760,479,50.55,19.71,9176.36,164178.55,21,109667.29,0.04384133611691023,7818.02619047619,0.33202425042735484,0.38991097922848666
2025-06-28,North,Marketplace,8598,619,370,38.64,15.07,6526.139999999999,101535.87999999999,15,67189.61,0.04054054054054054,6769.058666666666,0.3382673198873146,0.3900103519668737
2025-06-28,North,Web,12817,867,527,56.38,21.990000000000002,10175.759999999998,186557.88,23,136712.25,0.04364326375711575,8111.212173913043,0.26718587282402656,0.39003192621496985
2025-06-28,South,App,8677,640,398,42.28,16.490000000000002,7833.9,181694.74,17,121266.34,0.04271356783919598,10687.92588235294,0.3325819998971902,0.39001892147587514
2025-06-28,South,Marketplace,8367,550,355,37.620000000000005,14.67,6515.79,77024.37,15,50863.5,0.04225352112676056,5134.958,0.33964406330100455,0.3899521531100478
2025-06-28,South,Web,10609,759,466,49.93,19.47,9040.43,129369.73999999999,19,88836.95,0.0407725321888412,6808.933684210526,0.3133096657688266,0.3899459242940116
2025-06-28,West,App,10674,742,457,49.19,19.19,8378.93,332725.74,20,224432.21,0.0437636761487965,16636.287,0.3254738572374954,0.3901199430778614
2025-06-28,West,Marketplace,8254,540,346,36.09,14.07,6690.48,120814.94,15,80517.0,0.04335260115606936,8054.329333333333,0.3335509664615982,0.38985868661679135
2025-06-28,West,Web,11408,848,531,54.41,21.22,10018.619999999999,153919.0,23,111023.43000000001,0.04331450094161959,6692.130434782609,0.2786892456421884,0.3900018378974453
2025-06-29,East,App,7238,471,307,32.38,12.620000000000001,5778.200000000001,47327.04,13,31420.22,0.04234527687296417,3640.5415384615385,0.33610426513046243,0.3897467572575664
2025-06-29,East,Marketplace,6464,455,281,29.630000000000003,11.55,5733.64,92805.20999999999,12,61939.21,0.042704626334519574,7733.767499999999,0.3325890863239251,0.3898076274046574
2025-06-29,East,Web,8997,616,393,41.489999999999995,16.18,7536.98,95891.93,17,62569.97,0.043256997455470736,5640.701764705882,0.3474949351838053,0.3899734875873705
2025-06-29,North,App,10031,735,451,48.31,18.84,8996.9,147777.65,19,97864.92,0.04212860310421286,7777.771052631579,0.3377556078337962,0.3899813703167046
2025-06-29,North,Marketplace,8016,619,376,40.3,15.719999999999999,6561.860000000001,120964.46,16,78945.07,0.0425531914893617,7560.27875,0.34736971503861547,0.3900744416873449
2025-06-29,North,Web,12640,857,540,56.54,22.049999999999997,10161.779999999999,222036.99,22,146815.51,0.040740740740740744,10092.590454545454,0.338779047581216,0.3899893880438627
2025-06-29,South,App,9393,686,412,42.17,16.45,7653.799999999999,144777.88,18,106277.97,0.043689320388349516,8043.2155555555555,0.26592397954715186,0.39008774009959685
2025-06-29,South,Marketplace,8357,584,355,36.5,14.24,6810.99,167817.41,15,119196.03,0.04225352112676056,11187.827333333333,0.2897278655414835,0.3901369863013699
2025-06-29,South,Web,10908,721,462,48.95,19.09,8469.619999999999,142631.67,20,99309.52,0.04329004329004329,7131.583500000001,0.30373443709941844,0.3899897854954035
2025-06-29,West,App,10147,684,433,47.0,18.330000000000002,8530.12,135775.0,18,90622.67,0.04157043879907621,7543.055555555556,0.33255260541336773,0.39
2025-06-29,West,Marketplace,8374,659,395,40.980000000000004,15.98,7147.77,159614.26,17,104825.44,0.043037974683544304,9389.07411764706,0.34325767635047144,0.38994631527574425
2025-06-29,West,Web,11986,849,540,56.91,22.189999999999998,9490.67,228943.51,22,153852.05,0.040740740740740744,10406.523181818182,0.3279912149507973,0.3899138991389914
2025-06-30,East,App,6521,430,281,30.22,11.79,5125.28,64749.76,12,42976.79,0.042704626334519574,5395.8133333333335,0.3362633313235447,0.3901389808074123
2025-06-30,East,Marketplace,5200,369,233,24.39,9.51,4653.05,130917.98,10,83925.62,0.04291845493562232,13091.797999999999,0.35894504330115695,0.3899138991389914
2025-06-30,East,Web,8016,557,350,36.339999999999996,14.170000000000002,6859.07,103829.11,14,73380.26000000001,0.04,7416.365,0.2932592795989486,0.3899284534947717
2025-06-30,North,App,10081,677,424,45.74,17.84,7212.38,178738.26,18,120495.65,0.04245283018867924,9929.903333333334,0.325854184772751,0.390030607783122
2025-06-30,North,Marketplace,7953,532,353,36.64,14.29,6285.39,162315.14,15,143342.69999999998,0.042492917847025496,10821.009333333333,0.11688644694512187,0.39001091703056767
2025-06-30,North,Web,12120,795,495,50.66,19.76,10246.0,126439.69,21,83514.38,0.04242424242424243,6020.93761904762,0.33949236984051445,0.39005132254243985
2025-06-30,South,App,8720,579,362,37.43,14.600000000000001,6502.51,104997.31999999999,15,68465.44,0.04143646408839779,6999.821333333332,0.3479315472052048,0.3900614480363345
2025-06-30,South,Marketplace,7785,524,321,33.14,12.93,5957.92,134550.01,14,98375.2,0.04361370716510903,9610.715,0.26885772806705854,0.39016294508147253
2025-06-30,South,Web,10024,681,429,44.480000000000004,17.35,8403.6,274898.23,18,189417.34,0.04195804195804196,15272.123888888887,0.3109546758449481,0.39006294964028776
2025-06-30,West,App,9641,663,407,43.379999999999995,16.91,7613.81,100452.15,17,69249.66,0.04176904176904177,5908.95,0.31062042972698933,0.3898109727985247
2025-06-30,West,Marketplace,7248,524,328,35.7,13.93,6000.02,105055.46,14,66768.23999999999,0.042682926829268296,7503.961428571429,0.36444769267584964,0.3901960784313725
2025-06-30,West,Web,10402,684,427,44.480000000000004,17.35,8443.57,150064.77,18,98166.2,0.04215456674473068,8336.931666666665,0.34584113246566794,0.39006294964028776
2025-07-01,East,App,6399,448,292,30.53,11.91,5212.66,109419.18,12,74854.6,0.0410958904109589,9118.265,0.31589141867083986,0.3901080904028824
2025-07-01,East,Marketplace,5571,407,250,25.950000000000003,10.120000000000001,4436.83,149738.72,10,101413.37999999999,0.04,14973.872,0.3227310878575696,0.389980732177264
2025-07-01,East,Web,7752,595,357,36.16,14.1,6587.74,81528.1,15,54909.67,0.04201680672268908,5435.206666666667,0.3264939327667394,0.3899336283185841
2025-07-01,North,App,8451,638,397,40.85,15.93,7355.5,70776.98,17,46054.02,0.042821158690176324,4163.3517647058825,0.3493079246952894,0.38996328029375765
2025-07-01,North,Marketplace,7547,548,358,38.02,14.83,6797.09,140485.36,15,90149.18000000001,0.04189944134078212,9365.690666666665,0.35830196114385143,0.3900578642819568
2025-07-01,North,Web,11412,779,490,50.97,19.88,9232.0,136620.18,21,99558.51,0.04285714285714286,6505.722857142857,0.27127522449465374,0.3900333529527173
2025-07-01,South,App,8067,553,357,37.66,14.69,6798.62,114783.12999999999,15,90964.78,0.04201680672268908,7652.208666666666,0.20750740984324084,0.39006903876792354
2025-07-01,South,Marketplace,7922,516,309,32.72,12.760000000000002,5381.78,117266.57,13,78142.04,0.042071197411003236,9020.505384615386,0.3336375405198601,0.38997555012224944
2025-07-01,South,Web,10147,729,455,48.31,18.84,7984.54,125871.55,19,98925.98,0.041758241758241756,6624.8184210526315,0.21407196463378744,0.3899813703167046
2025-07-01,West,App,9269,627,402,42.05,16.4,7671.12,164778.47,16,109119.59,0.03980099502487562,10298.654375,0.33778005099816744,0.39001189060642094
2025-07-01,West,Marketplace,7524,517,321,33.97,13.239999999999998,6157.12,88491.45,14,63868.78,0.04361370716510903,6320.817857142857,0.2782491415837349,0.38975566676479245
2025-07-01,West,Web,10416,723,455,48.39,18.88,8356.86,116399.87,19,76590.32,0.041758241758241756,6126.30894736842,0.3420068252653546,0.39016325687125436
2025-07-02,East,App,6898,445,295,30.21,11.780000000000001,5401.52,110021.93,12,73028.19,0.04067796610169491,9168.494166666665,0.33623969330478015,0.389937106918239
2025-07-02,East,Marketplace,5834,395,247,26.12,10.190000000000001,4743.93,68074.28,10,64347.100000000006,0.04048582995951417,6807.428,0.05475166244872503,0.3901225114854518
2025-07-02,East,Web,8207,548,345,36.15,14.1,6194.24,86580.48,14,59269.990000000005,0.04057971014492753,6184.32,0.3154347261646042,0.3900414937759336
2025-07-02,North,App,10272,712,441,46.88,18.29,8253.24,133873.72,18,88310.26000000001,0.04081632653061224,7437.428888888889,0.340346559429289,0.3901450511945392
2025-07-02,North,Marketplace,7765,550,343,37.99,14.809999999999999,6566.17,132965.61000000002,15,97866.16,0.043731778425655975,8864.374000000002,0.26397389520493314,0.3898394314293235
2025-07-02,North,Web,11719,781,490,52.379999999999995,20.43,9373.689999999999,212151.71,21,136918.57,0.04285714285714286,10102.46238095238,0.35461953146642083,0.3900343642611684
2025-07-02,South,App,8167,602,345,35.1,13.690000000000001,6157.5,130668.58,14,85656.5,0.04057971014492753,9333.47,0.3444751599810758,0.39002849002849005
2025-07-02,South,Marketplace,6736,503,302,32.29,12.6,5140.9,128559.73,13,85360.66,0.04304635761589404,9889.21,0.3360233410571101,0.39021368844843607
2025-07-02,South,Web,9351,660,419,45.27,17.66,7564.33,123943.04000000001,17,83726.16,0.0405727923627685,7290.76705882353,0.32447872829325475,0.39010382151535233
2025-07-02,West,App,9162,643,389,41.19,16.07,6727.71,140384.18,16,93226.02,0.04113110539845758,8774.01125,0.3359221815449575,0.3901432386501578
2025-07-02,West,Marketplace,7338,481,320,33.9,13.219999999999999,5659.02,89940.06,13,71791.18,0.040625,6918.466153846153,0.2017886134387725,0.38997050147492623
2025-07-02,West,Web,11445,783,478,50.65,19.76,9247.01,189909.67,20,127903.92,0.04184100418410042,9495.4835,0.32650127821295255,0.39012833168805533
2025-07-03,East,App,7181,464,293,30.810000000000002,12.02,5393.15,106326.13,12,69828.19,0.040955631399317405,8860.510833333334,0.3432640687665393,0.39013307367737743
2025-07-03,East,Marketplace,5918,412,260,27.240000000000002,10.620000000000001,5092.04,57010.31,11,38050.21,0.04230769230769231,5182.755454545454,0.3325731784303576,0.38986784140969166
2025-07-03,East,Web,8015,584,352,36.62,14.28,6419.53,123786.31,15,81984.6,0.04261363636363636,8252.420666666667,0.33769251220106644,0.3899508465319498
2025-07-03,North,App,9986,635,403,42.349999999999994,16.52,7335.48,72790.03,16,49031.05,0.03970223325062035,4549.376875,0.32640431663512154,0.3900826446280992
2025-07-03,North,Marketplace,8219,529,347,36.12,14.09,6892.85,231223.82,15,151843.18,0.043227665706051875,15414.921333333334,0.3433064984394774,0.3900885935769657
2025-07-03,North,Web,12074,838,496,51.12,19.93,8346.01,217949.37,21,144215.93,0.04233870967741935,10378.541428571429,0.3383053596346711,0.38986697965571204
2025-07-03,South,App,8433,597,362,37.84,14.760000000000002,6451.15,97383.79000000001,15,64928.58,0.04143646408839779,6492.252666666667,0.3332711737754302,0.3900634249471459
2025-07-03,South,Marketplace,6372,450,278,29.310000000000002,11.43,4939.33,92189.17,12,61318.619999999995,0.04316546762589928,7682.430833333333,0.33486091696020265,0.3899692937563971
2025-07-03,South,Web,10084,676,423,43.519999999999996,16.97,7193.83,151071.41,17,98033.78,0.04018912529550828,8886.553529411765,0.35107655379664493,0.3899356617647059
2025-07-03,West,App,8488,638,381,39.96,15.59,7801.360000000001,154086.22999999998,16,105013.02,0.04199475065616798,9630.389374999999,0.31847888029968663,0.39014014014014015
2025-07-03,West,Marketplace,7579,531,334,35.0,13.65,6356.1900000000005,130919.28,14,86380.93000000001,0.041916167664670656,9351.377142857144,0.3401970282757436,0.39
2025-07-03,West,Web,10583,703,455,48.04,18.74,8776.72,239277.26,19,157461.85,0.041758241758241756,12593.54,0.34192722701689243,0.39009159034138213
2025-07-04,East,App,6605,491,305,32.16,12.54,5323.47,79389.16,13,54120.81,0.04262295081967213,6106.858461538462,0.31828463734847434,0.38992537313432835
2025-07-04,East,Marketplace,5986,386,247,26.1,10.17,4882.26,88238.03,10,58433.689999999995,0.04048582995951417,8823.803,0.33777204681473516,0.3896551724137931
2025-07-04,East,Web,7609,536,350,36.33,14.170000000000002,6138.41,233973.47,15,159549.21,0.04285714285714286,15598.231333333333,0.3180884567810188,0.390035783099367
2025-07-04,North,App,9226,603,386,42.71,16.66,7118.91,143538.63,16,95275.95,0.04145077720207254,8971.164375,0.33623478223249037,0.3900725825333645
2025-07-04,North,Marketplace,8148,577,360,36.79,14.350000000000001,6414.719999999999,206253.85,15,139412.59,0.041666666666666664,13750.256666666666,0.32407278700494563,0.39005164446860563
2025-07-04,North,Web,11576,747,466,49.19,19.19,8580.52,211201.47,20,149392.33,0.04291845493562232,10560.0735,0.292654875934339,0.3901199430778614
2025-07-04,South,App,8638,531,350,35.97,14.030000000000001,6709.41,145896.79,15,95459.3,0.04285714285714286,9726.452666666668,0.3457066464587741,0.3900472616068947
2025-07-04,South,Marketplace,6872,480,295,31.93,12.45,5563.53,86841.06,12,58103.67,0.04067796610169491,7236.755,0.3309193830660289,0.3899154400250548
2025-07-04,South,Web,8986,645,398,41.769999999999996,16.29,6947.12,79051.96,16,52372.43,0.04020100502512563,4940.7475,0.337493592821734,0.3899928178118267
2025-07-04,West,App,8307,617,379,37.97,14.809999999999999,6521.12,181622.41,15,122811.26,0.0395778364116095,12108.160666666667,0.32380998578314213,0.3900447721885699
2025-07-04,West,Marketplace,6988,505,312,33.93,13.23,5395.87,105057.48999999999,13,67802.0,0.041666666666666664,8081.345384615384,0.35462002756776306,0.38992042440318303
2025-07-04,West,Web,10473,721,460,47.98,18.71,8114.43,143752.47,19,94495.17,0.041304347826086954,7565.919473684211,0.3426535905783045,0.389954147561484
2025-07-05,East,App,8438,612,366,38.760000000000005,15.12,7162.450000000001,155995.56,15,104315.41,0.040983606557377046,10399.704,0.3312924419130903,0.3900928792569659
2025-07-05,East,Marketplace,7236,507,305,31.54,12.3,5563.76,92393.72,13,63987.31,0.04262295081967213,7107.209230769231,0.3074495755772146,0.3899809765377299
2025-07-05,East,Web,9800,659,407,42.980000000000004,16.76,7799.7,88226.1,18,59953.83,0.044226044226044224,4901.450000000001,0.3204524511454094,0.3899488134015821
2025-07-05,North,App,12141,843,553,56.9,22.189999999999998,9435.23,175068.53,22,115382.13,0.039783001808318265,7957.660454545455,0.34093163402925697,0.3899824253075571
2025-07-05,North,Marketplace,9681,664,447,46.47,18.12,9235.380000000001,136343.91,18,90529.86,0.040268456375838924,7574.661666666667,0.3360183084084944,0.3899289864428664
2025-07-05,North,Web,13788,920,605,61.74,24.07,11563.34,215362.52,25,163336.44,0.04132231404958678,8614.5008,0.2415744392292586,0.3898607061872368
2025-07-05,South,App,10600,717,448,46.04,17.95,8158.379999999999,113059.37,19,82117.24,0.04241071428571429,5950.493157894736,0.2736803681110198,0.3898783666377063
2025-07-05,South,Marketplace,8245,597,383,39.05,15.23,7344.5199999999995,55368.01,16,36394.59,0.04177545691906005,3460.500625,0.34267838053056277,0.3900128040973112
2025-07-05,South,Web,11857,827,510,52.95,20.65,9300.17,180675.74,21,118051.7,0.041176470588235294,8603.606666666667,0.34661012042900724,0.38999055712936725
2025-07-05,West,App,10531,746,466,48.88,19.07,9623.539999999999,250912.38,20,165640.9,0.04291845493562232,12545.619,0.3398456465161265,0.390139116202946
2025-07-05,West,Marketplace,8331,581,372,39.83,15.53,6634.1900000000005,68675.45,15,45005.409999999996,0.04032258064516129,4578.363333333333,0.3446652333548597,0.3899071051970876
2025-07-05,West,Web,12738,888,555,56.099999999999994,21.88,10924.39,128902.89,23,85471.65,0.04144144144144144,5604.473478260869,0.33692991677688533,0.39001782531194296
2025-07-06,East,App,7926,545,355,37.05,14.450000000000001,6883.0,58970.28,15,46863.5,0.04225352112676056,3931.352,0.20530307809289694,0.39001349527665324
2025-07-06,East,Marketplace,7743,512,307,32.38,12.620000000000001,5922.91,143857.64,13,95282.8,0.04234527687296417,11065.97230769231,0.33765909130721183,0.3897467572575664
2025-07-06,East,Web,9516,695,426,44.53,17.36,7494.23,121048.31,18,93923.46,0.04225352112676056,6724.906111111111,0.22408284758374564,0.3898495396362003
2025-07-06,North,App,11081,767,495,50.95,19.869999999999997,8715.61,158916.97,21,143099.02000000002,0.04242424242424243,7567.474761904762,0.09953594005725117,0.38999018645731104
2025-07-06,North,Marketplace,9958,631,403,42.519999999999996,16.58,7537.73,134251.27,17,91653.71,0.04218362282878412,7897.133529411764,0.3172972590873813,0.389934148635936
2025-07-06,North,Web,13966,984,619,65.69,25.619999999999997,12207.74,171844.94999999998,26,115319.91,0.0420032310177706,6609.421153846153,0.32893046900709033,0.3900137007154818
2025-07-06,South,App,9692,699,448,46.72,18.22,8185.69,137523.69,19,104027.61,0.04241071428571429,7238.088947368421,0.24356589035678144,0.38998287671232873
2025-07-06,South,Marketplace,8778,564,362,38.41,14.98,6344.469999999999,98219.93,15,65108.75,0.04143646408839779,6547.995333333333,0.3371126409884429,0.3900026034886749
2025-07-06,South,Web,12357,853,521,54.379999999999995,21.21,9774.119999999999,199147.32,22,134114.08000000002,0.04222648752399232,9052.15090909091,0.3265584492927145,0.3900331004045606
2025-07-06,West,App,11977,779,484,51.53,20.1,9074.279999999999,126186.41,21,85523.75,0.04338842975206612,6008.876666666667,0.3222427835136922,0.39006404036483605
2025-07-06,West,Marketplace,9048,638,399,42.66,16.64,7922.07,112527.53,17,80179.39,0.042606516290726815,6619.266470588235,0.28746867544324484,0.3900609470229724
2025-07-06,West,Web,12195,912,550,58.3,22.740000000000002,10022.95,182167.86,24,122614.12,0.04363636363636364,7590.327499999999,0.32691683373785035,0.39005145797598634
2025-07-07,East,App,7178,486,304,32.38,12.629999999999999,5866.719999999999,98775.51,13,66519.3,0.04276315789473684,7598.116153846154,0.3265608043937206,0.39005558987029026
2025-07-07,East,Marketplace,5674,408,254,26.3,10.26,4934.610000000001,52010.58,11,33796.1,0.04330708661417323,4728.234545454546,0.35020720784117393,0.3901140684410646
2025-07-07,East,Web,8088,586,360,38.1,14.86,6630.049999999999,112357.6,15,74032.76,0.041666666666666664,7490.506666666667,0.3410969974438757,0.3900262467191601
2025-07-07,North,App,9293,655,407,43.260000000000005,16.86,7293.74,95004.35,17,61185.97,0.04176904176904177,5588.4911764705885,0.3559666478429672,0.38973647711511783
2025-07-07,North,Marketplace,7964,528,338,35.84,13.98,6104.3099999999995,73185.56,14,48594.54,0.04142011834319527,5227.54,0.33600917995298524,0.39006696428571425
2025-07-07,North,Web,10581,767,493,50.45,19.67,9283.82,166400.44,20,113817.34,0.04056795131845842,8320.022,0.3160033711449321,0.38989098116947474
2025-07-07,South,App,7921,571,367,38.57,15.040000000000001,6748.12,195445.11000000002,15,131382.08,0.04087193460490463,13029.674,0.3277801629316795,0.3899403681617838
2025-07-07,South,Marketplace,6962,489,305,31.689999999999998,12.36,5598.12,93699.43000000001,13,62638.15,0.04262295081967213,7207.6484615384625,0.3314991350534363,0.3900284001262228
2025-07-07,South,Web,9555,681,428,44.959999999999994,17.53,8771.58,133959.66,18,90693.4,0.04205607476635514,7442.203333333334,0.3229797686855879,0.3899021352313168
2025-07-07,West,App,9584,604,393,41.09,16.02,7206.53,75729.54000000001,16,49786.909999999996,0.04071246819338423,4733.0962500000005,0.3425694913768129,0.38987588220978336
2025-07-07,West,Marketplace,7271,507,322,33.46,13.05,5194.02,225729.82,14,148408.36,0.043478260869565216,16123.558571428572,0.34253985583296004,0.3900179318589361
2025-07-07,West,Web,10690,695,467,48.93,19.08,8287.279999999999,167135.6,20,111250.41,0.042826552462526764,8356.78,0.33437035556757505,0.38994481912936846
2025-07-08,East,App,6555,460,294,31.45,12.260000000000002,5737.469999999999,76154.95,12,50270.11,0.04081632653061224,6346.245833333333,0.3398970126039082,0.389825119236884
2025-07-08,East,Marketplace,5742,402,246,25.32,9.88,4709.9,119901.78000000001,10,80454.76,0.04065040650406504,11990.178000000002,0.3289944486228646,0.3902053712480253
2025-07-08,East,Web,8386,555,357,36.93,14.41,6767.83,58834.7,15,39560.36,0.04201680672268908,3922.313333333333,0.327601568462149,0.39019767126997024
2025-07-08,North,App,9498,690,421,42.760000000000005,16.67,7478.86,120022.11,18,78001.6,0.04275534441805225,6667.895,0.35010640956070505,0.3898503274087933
2025-07-08,North,Marketplace,8308,620,381,39.400000000000006,15.36,7066.530000000001,248339.90000000002,16,168210.09,0.04199475065616798,15521.243750000001,0.3226618437069517,0.38984771573604055
2025-07-08,North,Web,11516,840,509,53.519999999999996,20.869999999999997,9808.689999999999,130475.75,21,86501.45,0.0412573673870334,6213.130952380952,0.33703044435460233,0.3899476831091181
2025-07-08,South,App,9284,591,374,38.650000000000006,15.07,6969.15,97520.72,15,65140.32,0.040106951871657755,6501.381333333334,0.3320361047375368,0.3899094437257438
2025-07-08,South,Marketplace,7709,505,315,33.879999999999995,13.21,5142.6,84167.45,13,64008.22,0.04126984126984127,6474.41923076923,0.23951337482601642,0.3899055489964582
2025-07-08,South,Web,9367,635,400,42.62,16.62,7592.23,202826.45,17,134171.58,0.0425,11930.967647058824,0.33849071459861385,0.3899577663068982
2025-07-08,West,App,9395,634,410,43.31,16.89,7297.790000000001,68385.09,17,44541.59,0.041463414634146344,4022.652352941176,0.3486651841797679,0.3899792195797737
2025-07-08,West,Marketplace,7129,524,324,34.17,13.33,6401.11,103242.04000000001,14,68726.58,0.043209876543209874,7374.431428571429,0.3343159433889528,0.39010828211881765
2025-07-08,West,Web,10451,712,459,47.879999999999995,18.67,8902.14,129877.26,20,99325.69,0.04357298474945534,6493.862999999999,0.23523417417336948,0.3899331662489558
2025-07-09,East,App,6167,460,295,31.189999999999998,12.16,5568.3099999999995,89495.3,12,62484.03,0.04067796610169491,7457.941666666667,0.3018177490884997,0.38986854761141393
2025-07-09,East,Marketplace,6648,419,262,26.79,10.45,4868.79,120547.12,11,80355.83,0.04198473282442748,10958.82909090909,0.3334073016427103,0.3900709219858156
2025-07-09,East,Web,8064,560,362,38.1,14.86,6901.889999999999,123465.45999999999,15,80184.56,0.04143646408839779,8231.030666666666,0.35055067222849207,0.3900262467191601
2025-07-09,North,App,9022,597,395,42.97,16.76,7327.049999999999,105968.27,16,71769.28,0.04050632911392405,6623.016875,0.3227285865853996,0.390039562485455
2025-07-09,North,Marketplace,7710,545,348,36.79,14.350000000000001,6891.8099999999995,175362.19,15,113046.59,0.04310344827586207,11690.812666666667,0.3553536825697718,0.39005164446860563
2025-07-09,North,Web,11027,814,488,51.47,20.07,10534.119999999999,230429.62,21,155422.51,0.0430327868852459,10972.839047619047,0.3255098454790664,0.38993588498154264
2025-07-09,South,App,7565,555,350,37.05,14.450000000000001,6045.58,85982.93000000001,14,65022.6,0.04,6141.637857142858,0.24377315357827428,0.39001349527665324
2025-07-09,South,Marketplace,7102,504,310,31.92,12.45,5418.47,162079.47999999998,13,105556.01999999999,0.041935483870967745,12467.652307692306,0.34873914945926526,0.39003759398496235
2025-07-09,South,Web,10048,678,417,44.980000000000004,17.54,7864.02,100491.26000000001,18,66467.56,0.04316546762589928,5582.847777777778,0.3385737227297181,0.3899510893730546
2025-07-09,West,App,9011,681,410,43.480000000000004,16.96,7881.5,96342.53,17,64596.56,0.041463414634146344,5667.207647058824,0.3295114836614733,0.39006439742410304
2025-07-09,West,Marketplace,6740,519,321,32.71,12.760000000000002,6030.639999999999,64420.619999999995,14,42970.14,0.04361370716510903,4601.472857142857,0.3329753734130469,0.39009477224090494
2025-07-09,West,Web,10388,795,466,48.620000000000005,18.96,8795.45,160181.92,19,107001.4,0.0407725321888412,8430.627368421054,0.3320007651300472,0.3899629781982723
2025-07-10,East,App,7033,500,307,32.36,12.620000000000001,5733.1,133750.44,13,90236.83,0.04234527687296417,10288.495384615384,0.32533433161042313,0.38998763906056866
2025-07-10,East,Marketplace,5604,405,252,25.92,10.11,4467.58,71536.96,11,47202.49,0.04365079365079365,6503.360000000001,0.3401663979011689,0.3900462962962962
2025-07-10,East,Web,8876,604,364,37.48,14.620000000000001,6958.780000000001,89416.42,15,58404.67,0.04120879120879121,5961.094666666667,0.3468238831301902,0.3900747065101388
2025-07-10,North,App,10076,661,417,44.6,17.4,7730.64,91804.41,18,59909.32,0.04316546762589928,5100.245,0.3474243775435189,0.390134529147982
2025-07-10,North,Marketplace,8079,564,353,37.48,14.620000000000001,6631.57,145573.69,15,93340.9,0.042492917847025496,9704.912666666667,0.35880652609685176,0.3900747065101388
2025-07-10,North,Web,11962,795,476,50.519999999999996,19.7,7957.58,166508.83,20,110007.12,0.04201680672268908,8325.441499999999,0.33933161382492444,0.38994457640538405
2025-07-10,South,App,8447,607,388,43.209999999999994,16.85,7354.74,74530.23,16,48503.8,0.041237113402061855,4658.139375,0.34920635559557506,0.389956028697061
2025-07-10,South,Marketplace,6953,512,312,33.910000000000004,13.219999999999999,5871.1900000000005,106614.81,13,69503.19,0.041666666666666664,8201.139230769231,0.3480906639518468,0.3898554998525508
2025-07-10,South,Web,11043,707,447,47.33,18.46,8751.36,150625.63,19,102474.26999999999,0.042505592841163314,7927.664736842105,0.3196757417711714,0.3900274667230087
2025-07-10,West,App,8298,612,392,41.55,16.21,7101.33,144899.5,17,100242.25,0.04336734693877551,8523.5,0.30819464525412443,0.39013237063778583
2025-07-10,West,Marketplace,8402,542,343,36.76,14.33,5805.33,140429.58,15,94613.83,0.043731778425655975,9361.972,0.32625426922162687,0.38982589771490755
2025-07-10,West,Web,10288,769,460,48.739999999999995,19.009999999999998,8596.09,130455.67,19,84898.53,0.041304347826086954,6866.087894736842,0.34921548446303635,0.39002872384078785
2025-07-11,East,App,7535,486,305,31.66,12.350000000000001,5577.09,56369.72,13,37062.020000000004,0.04262295081967213,4336.132307692308,0.3425189977881742,0.3900821225521163
2025-07-11,East,Marketplace,5551,397,248,25.66,10.0,4828.0,46412.03,10,29906.48,0.04032258064516129,4641.2029999999995,0.35563085691360624,0.3897116134060795
2025-07-11,East,Web,8356,552,345,35.54,13.86,5878.98,89514.4,14,58939.95,0.04057971014492753,6393.885714285714,0.3415590117344248,0.3899831176139561
2025-07-11,North,App,10014,659,414,43.81,17.09,7370.57,72515.36,17,48095.56,0.04106280193236715,4265.609411764706,0.3367534822967162,0.3900935859392832
2025-07-11,North,Marketplace,8379,546,338,35.67,13.91,5910.38,75503.95,14,52712.44,0.04142011834319527,5393.1392857142855,0.30185851203811187,0.38996355480796185
2025-07-11,North,Web,11819,776,495,51.53,20.1,9660.17,114020.46,21,75491.33,0.04242424242424243,5429.545714285715,0.3379141778589562,0.39006404036483605
2025-07-11,South,App,8669,607,385,41.0,15.989999999999998,6237.139999999999,82189.28,16,56703.619999999995,0.04155844155844156,5136.83,0.31008496485186393,0.38999999999999996
2025-07-11,South,Marketplace,7435,527,326,33.69,13.14,5805.21,39058.38,14,25686.06,0.04294478527607362,2789.8842857142854,0.3423675021851904,0.39002671415850404
2025-07-11,South,Web,9512,653,421,43.95,17.14,8069.070000000001,133511.33000000002,17,88313.99,0.040380047505938245,7853.607647058824,0.3385281234184395,0.3899886234357224
2025-07-11,West,App,9309,640,400,42.08,16.41,7421.72,208630.9,16,136772.41,0.04,13039.43125,0.34442879746001187,0.3899714828897339
2025-07-11,West,Marketplace,7296,579,331,34.38,13.41,6303.33,91337.95,14,60471.770000000004,0.04229607250755287,6524.1392857142855,0.33793379422244524,0.3900523560209424
2025-07-11,West,Web,10743,681,460,50.26,19.6,8624.41,121427.9,20,78208.64,0.043478260869565216,6071.3949999999995,0.3559252857045209,0.3899721448467967
2025-07-12,East,App,7395,557,328,34.19,13.33,6315.12,126430.04,14,95807.19,0.042682926829268296,9030.717142857142,0.24221181927965849,0.38988008189529105
2025-07-12,East,Marketplace,6395,426,286,29.76,11.600000000000001,5367.030000000001,85190.24,12,60848.93,0.04195804195804196,7099.186666666667,0.28572885814149607,0.3897849462365592
2025-07-12,East,Web,8374,602,389,40.9,15.95,6791.59,132286.13,16,88036.15,0.04113110539845758,8267.883125,0.3345020373640079,0.3899755501222494
2025-07-12,North,App,10958,703,465,49.260000000000005,19.21,9038.86,150981.0,20,103332.93,0.043010752688172046,7549.05,0.31558984243050453,0.38997157937474625
2025-07-12,North,Marketplace,10108,686,421,45.47,17.74,7333.45,137470.02,19,89642.29000000001,0.04513064133016627,7235.264210526315,0.34791389424399577,0.3901473499010336
2025-07-12,North,Web,12376,831,536,54.620000000000005,21.299999999999997,9952.86,171567.93,22,114573.58,0.041044776119402986,7798.542272727273,0.33219699042822276,0.38996704503844737
2025-07-12,South,App,8586,600,381,39.980000000000004,15.59,7440.219999999999,150248.49,16,97995.12,0.04199475065616798,9390.530625,0.3477796682016571,0.3899449724862431
2025-07-12,South,Marketplace,8148,566,348,34.98,13.64,6160.280000000001,185897.8,14,124702.41,0.040229885057471264,13278.414285714285,0.329188349727646,0.389937106918239
2025-07-12,South,Web,10667,736,464,48.21,18.8,8632.88,218140.32,19,145533.18,0.040948275862068964,11481.06947368421,0.33284603231534643,0.38996058908940057
2025-07-12,West,App,10388,690,419,43.08,16.81,7535.93,76869.39,17,51336.87,0.0405727923627685,4521.728823529412,0.3321545806464706,0.39020427112349115
2025-07-12,West,Marketplace,7720,526,343,35.89,14.0,5872.88,96318.86,14,63906.58,0.04081632653061224,6879.918571428571,0.33651021201870535,0.3900808024519365
2025-07-12,West,Web,12190,873,533,55.79,21.759999999999998,10079.380000000001,137098.1,23,118529.33,0.043151969981238276,5960.78695652174,0.13544148314236304,0.3900340562824879
2025-07-13,East,App,7631,545,326,34.5,13.45,6405.3099999999995,95643.20999999999,13,63424.01,0.03987730061349693,7357.169999999999,0.3368686600962054,0.3898550724637681
2025-07-13,East,Marketplace,6544,455,293,29.97,11.690000000000001,5629.91,148699.05,12,97040.77,0.040955631399317405,12391.5875,0.3474015469500309,0.39005672339005676
2025-07-13,East,Web,9149,655,412,43.79,17.08,7557.6,112819.92,17,74030.28,0.0412621359223301,6636.465882352941,0.3438190702492964,0.3900433889015757
2025-07-13,North,App,9960,783,466,49.5,19.31,8503.46,140829.09,20,99711.86,0.04291845493562232,7041.4545,0.29196545969302223,0.39010101010101006
2025-07-13,North,Marketplace,8786,614,398,40.93,15.96,7821.62,146047.28,16,96548.42,0.04020100502512563,9127.955,0.3389235321602703,0.3899340337161007
2025-07-13,North,Web,13086,960,586,62.15,24.240000000000002,11017.900000000001,208051.56,25,140234.74,0.042662116040955635,8322.0624,0.32596160297956916,0.39002413515687856
2025-07-13,South,App,10066,655,410,42.5,16.57,7414.119999999999,169449.64,17,111014.62,0.041463414634146344,9967.625882352942,0.3448518391659021,0.38988235294117646
2025-07-13,South,Marketplace,8241,545,359,37.89,14.780000000000001,6472.24,76335.1,15,50607.270000000004,0.04178272980501393,5089.006666666667,0.33703800741729556,0.3900765373449459
2025-07-13,South,Web,10593,740,481,50.14,19.55,8941.880000000001,115157.77,21,86186.86,0.04365904365904366,5483.703333333334,0.2515758163778267,0.38990825688073394
2025-07-13,West,App,10352,750,443,46.959999999999994,18.31,7531.8099999999995,237196.39,19,161100.47,0.04288939051918736,12484.02052631579,0.32081398877950884,0.3899063032367973
2025-07-13,West,Marketplace,8261,593,383,40.78,15.9,6929.1,266456.12,16,176918.5,0.04177545691906005,16653.5075,0.3360313885828556,0.3898970083374203
2025-07-13,West,Web,12066,807,529,54.07,21.09,9866.96,179862.53,22,122956.5,0.04158790170132325,8175.569545454546,0.3163862423151726,0.3900499352690956
2025-07-14,East,App,7274,496,307,31.83,12.41,5735.43,94567.43,13,62337.87,0.04234527687296417,7274.417692307692,0.34081036145319793,0.3898837574615143
2025-07-14,East,Marketplace,5893,407,254,26.86,10.48,4684.33,102767.19,11,67979.4,0.04330708661417323,9342.471818181819,0.33851066668262514,0.39017125837676847
2025-07-14,East,Web,8441,553,353,38.370000000000005,14.96,6299.3099999999995,177324.17,15,114787.98999999999,0.042492917847025496,11821.611333333334,0.35266585485780094,0.38988793328120924
2025-07-14,North,App,9905,650,405,42.64,16.62,7664.619999999999,125053.81999999999,17,81530.43,0.04197530864197531,7356.107058823529,0.34803726907342775,0.3897748592870544
2025-07-14,North,Marketplace,8043,560,343,35.16,13.71,6281.45,177290.26,14,117782.01000000001,0.04081632653061224,12663.59,0.3356543670250131,0.38993174061433455
2025-07-14,North,Web,10907,797,496,52.07,20.31,8216.33,122202.26000000001,21,80693.43000000001,0.04233870967741935,5819.155238095239,0.339673177893764,0.39005185327443825
2025-07-14,South,App,8320,613,372,39.84,15.54,6858.88,143738.44,15,94674.73,0.04032258064516129,9582.562666666667,0.34134021490702143,0.3900602409638554
2025-07-14,South,Marketplace,7955,488,312,32.660000000000004,12.739999999999998,5785.07,168397.8,13,117401.84000000001,0.041666666666666664,12953.676923076922,0.3028303220113326,0.39007960808328224
2025-07-14,South,Web,10391,746,464,48.41,18.88,8313.400000000001,177139.02000000002,19,118733.90000000001,0.040948275862068964,9323.106315789475,0.3297134645997251,0.3900020656889073
2025-07-14,West,App,9265,679,421,43.54,16.98,7438.35,166264.61,18,113686.06999999999,0.04275534441805225,9236.922777777778,0.3162341041788749,0.38998621956821317
2025-07-14,West,Marketplace,7338,497,316,31.79,12.4,5705.030000000001,115524.98999999999,13,77446.52,0.04113924050632911,8886.537692307691,0.329612406804796,0.390059767222397
2025-07-14,West,Web,10550,714,450,46.34,18.07,9017.31,184019.71,18,123284.92,0.04,10223.317222222222,0.3300450261550787,0.389943892965041
2025-07-15,East,App,6671,498,305,32.17,12.55,5386.29,174303.08000000002,13,113117.92,0.04262295081967213,13407.929230769232,0.35102741730094505,0.39011501398818776
2025-07-15,East,Marketplace,5755,426,261,26.46,10.31,4896.23,87935.36,11,58341.54,0.0421455938697318,7994.123636363636,0.33654061346880254,0.3896447467876039
2025-07-15,East,Web,7761,578,361,39.19,15.29,6771.85,135466.62,16,88532.76000000001,0.0443213296398892,8466.66375,0.34646070006028046,0.3901505486093391
2025-07-15,North,App,9840,726,445,45.879999999999995,17.9,8543.74,150113.15,19,99862.97,0.04269662921348315,7900.692105263158,0.33474868790642254,0.3901482127288579
2025-07-15,North,Marketplace,7788,562,350,37.64,14.68,6421.57,164069.23,14,111384.97,0.04,11719.230714285715,0.32110993633602114,0.3900106269925611
2025-07-15,North,Web,11067,728,465,47.620000000000005,18.57,9057.96,109139.70999999999,20,73494.59,0.043010752688172046,5456.9855,0.32660083117318156,0.38996220075598487
2025-07-15,South,App,8153,584,353,37.0,14.43,6637.8,151840.25,15,104665.98,0.042492917847025496,10122.683333333332,0.3106835638113083,0.39
2025-07-15,South,Marketplace,6564,492,295,31.019999999999996,12.1,5383.83,67036.51000000001,12,44333.3,0.04067796610169491,5586.375833333334,0.3386693310854041,0.39007092198581567
2025-07-15,South,Web,10012,667,441,46.15,18.0,8477.17,76426.31,19,49713.37,0.04308390022675737,4022.4373684210527,0.3495254448369939,0.39003250270855905
2025-07-15,West,App,9578,693,410,42.49,16.57,7335.72,150499.48,17,102268.33,0.041463414634146344,8852.910588235294,0.32047386476019724,0.38997411155566014
2025-07-15,West,Marketplace,8341,539,350,37.14,14.48,6599.4,85173.05,15,57367.43,0.04285714285714286,5678.203333333334,0.3264603063997356,0.38987614431879375
2025-07-15,West,Web,10668,719,461,49.57,19.33,7412.19,181491.02,19,117463.98,0.04121475054229935,9552.15894736842,0.35278351512928846,0.3899536009683276
2025-07-16,East,App,7498,526,310,32.76,12.780000000000001,5635.780000000001,103887.69,13,70231.75,0.041935483870967745,7991.36076923077,0.3239646583729025,0.39010989010989017
2025-07-16,East,Marketplace,6089,412,259,27.11,10.57,4792.05,115842.27,11,74422.78,0.04247104247104247,10531.115454545456,0.35755074550938964,0.38989302840280343
2025-07-16,East,Web,8181,590,360,38.0,14.82,7166.639999999999,61690.71,15,45018.5,0.041666666666666664,4112.714,0.2702547920100125,0.39
2025-07-16,North,App,10019,688,424,44.64,17.41,6667.5,157761.32,18,109217.92,0.04245283018867924,8764.517777777779,0.30770153292327934,0.3900089605734767
2025-07-16,North,Marketplace,8251,581,352,37.19,14.5,7033.12,96191.66,15,62536.67,0.04261363636363636,6412.777333333333,0.34987430303209244,0.38988975531056735
2025-07-16,North,Web,11426,815,502,53.0,20.67,8951.33,179327.79,21,118493.37000000001,0.04183266932270916,8539.418571428572,0.33923587638034236,0.39
2025-07-16,South,App,8803,574,362,38.16,14.88,6966.33,147716.61,15,97199.68,0.04143646408839779,9847.774,0.3419854409060701,0.3899371069182391
2025-07-16,South,Marketplace,6649,493,312,33.72,13.149999999999999,5918.91,53970.46,13,35305.42,0.041666666666666664,4151.573846153846,0.34583807512479975,0.3899762752075919
2025-07-16,South,Web,9733,708,432,43.260000000000005,16.88,7645.0,82879.81999999999,19,56510.54,0.04398148148148148,4362.095789473684,0.3181628531529146,0.3901987979657882
2025-07-16,West,App,8881,626,398,41.42,16.15,8069.64,113153.25,17,76551.98999999999,0.04271356783919598,6656.073529411765,0.32346627251095317,0.3899082568807339
2025-07-16,West,Marketplace,9033,572,351,36.16,14.1,5606.22,117477.19,15,82419.55,0.042735042735042736,7831.812666666667,0.2984208253534154,0.3899336283185841
2025-07-16,West,Web,10141,733,464,49.91,19.47,8140.5,113342.89,19,76606.56,0.040948275862068964,5965.4152631578945,0.32411675756635466,0.39010218393107593
2025-07-17,East,App,6716,466,300,31.55,12.309999999999999,5317.38,183316.45,13,120235.06,0.043333333333333335,14101.265384615386,0.3441119986776965,0.39017432646592703
2025-07-17,East,Marketplace,5302,410,238,25.22,9.84,4320.139999999999,96094.25,10,63801.24,0.04201680672268908,9609.425,0.33605559125546014,0.3901665344964314
2025-07-17,East,Web,7631,543,338,35.82,13.969999999999999,6562.5,105087.89,14,70607.74,0.04142011834319527,7506.277857142857,0.3281077391505339,0.39000558347292014
2025-07-17,North,App,9541,662,428,45.599999999999994,17.78,7707.1900000000005,162347.65,18,108367.79,0.04205607476635514,9019.313888888888,0.33249548114801786,0.38991228070175443
2025-07-17,North,Marketplace,7236,536,331,34.22,13.350000000000001,5667.8099999999995,107971.86,14,72217.97,0.04229607250755287,7712.2757142857145,0.3311408176167383,0.39012273524254826
2025-07-17,North,Web,11251,798,472,49.599999999999994,19.35,8710.76,201081.66,20,136521.94,0.0423728813559322,10054.083,0.3210621993074853,0.39012096774193555
2025-07-17,South,App,8884,617,386,41.269999999999996,16.1,6937.969999999999,106971.48,16,69941.52,0.04145077720207254,6685.7175,0.3461666604967978,0.39011388417736864
2025-07-17,South,Marketplace,6912,474,298,30.86,12.04,5502.9,136785.47,13,95323.47,0.0436241610738255,10521.959230769231,0.30311699042303253,0.390149060272197
2025-07-17,South,Web,9212,642,409,42.08,16.41,6407.4,178339.25,17,118309.35,0.04156479217603912,10490.54411764706,0.33660509394314486,0.3899714828897339
2025-07-17,West,App,8355,583,361,38.29,14.93,6531.35,106834.85,15,76001.83,0.04155124653739612,7122.323333333334,0.28860451435088835,0.38991903891355445
2025-07-17,West,Marketplace,7660,536,347,37.019999999999996,14.43,6542.93,84057.8,15,55914.61,0.043227665706051875,5603.8533333333335,0.3348075966775243,0.38978930307941656
2025-07-17,West,Web,11811,741,476,50.65,19.76,9349.55,188378.68,20,125706.51,0.04201680672268908,9418.934,0.3326924787879393,0.39012833168805533
2025-07-18,East,App,7412,512,319,33.19,12.95,6136.97,94521.15,14,63901.28,0.0438871473354232,6751.510714285714,0.32394728587199795,0.3901777643868635
2025-07-18,East,Marketplace,5159,367,228,23.9,9.32,4028.67,87627.6,10,59737.6,0.043859649122807015,8762.76,0.3182787158383889,0.38995815899581593
2025-07-18,East,Web,7857,558,355,38.09,14.86,6393.120000000001,100981.77,15,67170.13,0.04225352112676056,6732.118,0.3348291478749085,0.3901286426883696
2025-07-18,North,App,9389,647,412,42.0,16.38,7141.1900000000005,138435.26,17,100051.17,0.0412621359223301,8143.250588235294,0.2772710507424193,0.38999999999999996
2025-07-18,North,Marketplace,8172,585,367,38.739999999999995,15.11,6889.219999999999,155475.72999999998,16,105549.84,0.043596730245231606,9717.233124999999,0.32111693574296124,0.39003613835828604
2025-07-18,North,Web,11607,813,519,53.81,20.98,9642.1,196316.74,22,130599.33,0.04238921001926782,8923.488181818182,0.3347519421930091,0.38989035495261104
2025-07-18,South,App,8779,617,377,38.239999999999995,14.92,6813.83,114165.73999999999,16,77151.48,0.042440318302387266,7135.358749999999,0.32421512793592894,0.39016736401673646
2025-07-18,South,Marketplace,6959,510,314,32.71,12.760000000000002,5919.71,144495.54,13,98173.99,0.041401273885350316,11115.041538461539,0.32057425440259263,0.39009477224090494
2025-07-18,South,Web,10409,692,433,45.31,17.67,8275.74,162278.88,18,108395.38,0.04157043879907621,9015.493333333334,0.3320425923570584,0.38998013683513577
2025-07-18,West,App,8186,623,395,43.17,16.84,7191.42,106149.82,17,72512.04,0.043037974683544304,6244.10705882353,0.3168896565250889,0.39008570766736156
2025-07-18,West,Marketplace,7904,531,332,35.45,13.829999999999998,5906.83,114446.72,14,113550.33,0.04216867469879518,8174.765714285714,0.007832378245527695,0.3901269393511988
2025-07-18,West,Web,11179,759,479,49.31,19.23,8727.59,135272.17,20,90623.09,0.04175365344467641,6763.6085,0.3300684834138464,0.38998174812411274
2025-07-19,East,App,7926,554,345,35.39,13.809999999999999,6130.47,148090.72,15,99127.83,0.043478260869565216,9872.714666666667,0.33062767201077825,0.3902232269002543
2025-07-19,East,Marketplace,6502,447,279,28.810000000000002,11.239999999999998,5467.530000000001,71794.26,12,46790.42,0.043010752688172046,5982.855,0.34827073919279894,0.3901423116973272
2025-07-19,East,Web,9340,627,395,41.19,16.07,6363.33,100864.0,16,69596.56,0.04050632911392405,6304.0,0.30999603426395944,0.3901432386501578
2025-07-19,North,App,10472,722,477,48.93,19.08,9150.26,228310.66999999998,21,152673.49,0.0440251572327044,10871.936666666666,0.33129060503392155,0.38994481912936846
2025-07-19,North,Marketplace,8800,689,408,43.239999999999995,16.86,7639.209999999999,92446.15,17,95444.26,0.041666666666666664,5438.0088235294115,-0.03243088003123982,0.3899167437557817
2025-07-19,North,Web,12486,867,545,57.08,22.259999999999998,10022.59,276078.1,22,195770.29,0.04036697247706422,12549.004545454545,0.2908880132107544,0.389978976874562
2025-07-19,South,App,10183,688,414,43.7,17.05,8720.26,161326.37,18,107000.81,0.043478260869565216,8962.576111111111,0.3367432119125968,0.3901601830663615
2025-07-19,South,Marketplace,7498,586,348,37.36,14.57,6141.280000000001,100369.6,15,65837.81,0.04310344827586207,6691.306666666667,0.3440463048572477,0.38998929336188437
2025-07-19,South,Web,10302,736,468,49.95,19.48,8729.16,167543.26,19,110815.31,0.0405982905982906,8818.066315789474,0.3385868819790185,0.38998998998998996
2025-07-19,West,App,9559,691,417,44.43,17.330000000000002,6552.36,139365.13,17,91998.74,0.0407673860911271,8197.948823529412,0.3398726065838707,0.39005176682421794
2025-07-19,West,Marketplace,8128,569,360,38.45,15.0,6780.83,153655.06,15,100145.70999999999,0.041666666666666664,10243.670666666667,0.34824333152452,0.39011703511053314
2025-07-19,West,Web,12199,795,488,51.29,20.0,8454.29,225538.64,20,149578.15,0.040983606557377046,11276.932,0.3367959033538555,0.38993955936829794
2025-07-20,East,App,8590,576,355,36.55,14.26,5922.549999999999,76462.54000000001,15,60026.66,0.04225352112676056,5097.502666666667,0.21495336147609015,0.39015047879616965
2025-07-20,East,Marketplace,6711,490,307,31.29,12.21,5402.16,193939.01,13,130926.97,0.04234527687296417,14918.385384615385,0.3249064744632862,0.3902205177372963
2025-07-20,East,Web,8966,614,404,41.55,16.21,6767.34,155188.96,17,104181.92,0.04207920792079208,9128.762352941176,0.32867698836308973,0.39013237063778583
2025-07-20,North,App,10927,778,488,50.56,19.72,9878.74,127981.91,20,87556.77,0.040983606557377046,6399.0955,0.31586604700617454,0.3900316455696202
2025-07-20,North,Marketplace,9843,690,429,45.0,17.55,7782.23,182500.26,18,120673.85,0.04195804195804196,10138.903333333334,0.3387743666776146,0.39
2025-07-20,North,Web,14255,938,595,62.410000000000004,24.34,11290.15,228995.31,26,155736.08000000002,0.043697478991596636,8807.511923076923,0.31991585329848016,0.3900016023073225
2025-07-20,South,App,9793,716,437,47.16,18.4,7818.77,105116.4,19,68222.56,0.043478260869565216,5532.442105263158,0.3509808174556967,0.39016115351993214
2025-07-20,South,Marketplace,8826,547,364,37.980000000000004,14.809999999999999,6576.02,125351.37,15,82932.33,0.04120879120879121,8356.758,0.3384010880774577,0.3899420747761979
2025-07-20,South,Web,11176,726,474,49.620000000000005,19.36,9570.31,206757.48,19,136809.28,0.04008438818565401,10881.972631578948,0.3383103721326068,0.39016525594518336
2025-07-20,West,App,10076,753,474,51.74,20.18,8690.4,226885.16999999998,20,150573.77,0.04219409282700422,11344.2585,0.3363437107855044,0.3900270583687669
2025-07-20,West,Marketplace,9409,665,419,43.43,16.93,7193.92,106627.4,17,70611.98000000001,0.0405727923627685,6272.2,0.3377689036776662,0.3898227032005526
2025-07-20,West,Web,12798,921,574,61.09,23.83,11101.55,195752.48,24,126544.08,0.041811846689895474,8156.3533333333335,0.35355056548964287,0.39008020952692746
2025-07-21,East,App,7559,512,324,34.86,13.6,6178.83,48572.7,13,32079.73,0.040123456790123455,3736.361538461538,0.3395522587791084,0.39013195639701664
2025-07-21,East,Marketplace,5854,431,252,26.53,10.35,4687.54,124645.53,10,83406.94,0.03968253968253968,12464.553,0.33084692246886027,0.39012438748586503
2025-07-21,East,Web,8550,600,386,39.65,15.46,6625.91,98634.04999999999,16,65339.8,0.04145077720207254,6164.628124999999,0.3375533094301612,0.38991172761664566
2025-07-21,North,App,11511,734,457,47.74,18.62,8095.63,161473.89,20,118329.43000000001,0.0437636761487965,8073.6945000000005,0.267191556480122,0.39002932551319647
2025-07-21,North,Marketplace,7981,567,366,37.45,14.600000000000001,6832.1900000000005,91358.22,15,60773.75,0.040983606557377046,6090.548,0.33477523971023077,0.38985313751668893
2025-07-21,North,Web,11774,779,501,53.260000000000005,20.770000000000003,9534.69,228168.67,21,153815.58,0.041916167664670656,10865.174761904762,0.325868972282654,0.3899737138565528
2025-07-21,South,App,8843,631,389,40.38,15.740000000000002,7295.8099999999995,144879.48,16,92782.58,0.04113110539845758,9054.9675,0.35958784501435265,0.38979692917285785
2025-07-21,South,Marketplace,7490,545,328,35.5,13.84,6136.51,153675.86000000002,14,115413.54,0.042682926829268296,10976.847142857145,0.24898067920361738,0.38985915492957746
2025-07-21,South,Web,10683,702,454,48.21,18.810000000000002,8784.650000000001,69823.49,19,48966.23,0.04185022026431718,3674.9205263157896,0.29871408604754646,0.3901680149346609
2025-07-21,West,App,9134,692,417,44.07,17.19,7899.38,203566.87,17,138628.98,0.0407673860911271,11974.521764705882,0.31900028722748447,0.3900612661674609
2025-07-21,West,Marketplace,8381,593,360,37.76,14.73,6099.879999999999,167515.97,16,110118.27,0.044444444444444446,10469.748125,0.34264016738225017,0.3900953389830509
2025-07-21,West,Web,11690,829,520,53.59,20.9,9984.67,209535.24000000002,22,146758.35,0.04230769230769231,9524.329090909092,0.29960063042378937,0.38999813398022015
2025-07-22,East,App,7627,502,323,32.55,12.690000000000001,5999.93,128905.94,14,85055.15000000001,0.043343653250773995,9207.567142857142,0.34017664352783117,0.38986175115207383
2025-07-22,East,Marketplace,5547,386,246,26.0,10.14,4697.030000000001,65024.57000000001,10,41071.09,0.04065040650406504,6502.457,0.3683758308590123,0.39
2025-07-22,East,Web,7712,603,364,38.19,14.89,6465.5,106756.89,15,69359.3,0.04120879120879121,7117.126,0.35030610202301693,0.3898926420528935
2025-07-22,North,App,10757,726,439,46.4,18.09,8596.71,157614.57,18,103071.34,0.04100227790432802,8756.365,0.34605449229725405,0.3898706896551724
2025-07-22,North,Marketplace,8526,572,362,39.29,15.330000000000002,6403.9,108111.89,15,72739.84,0.04143646408839779,7207.459333333333,0.32718001692505794,0.39017561720539584
2025-07-22,North,Web,10528,743,486,51.16,19.950000000000003,9343.85,159552.2,20,122756.28,0.0411522633744856,7977.610000000001,0.2306199475782848,0.38995308835027376
2025-07-22,South,App,8279,593,372,38.879999999999995,15.170000000000002,6710.76,53906.2,15,46980.71,0.04032258064516129,3593.7466666666664,0.12847297713435557,0.39017489711934167
2025-07-22,South,Marketplace,7535,538,328,34.67,13.52,6475.9,110280.05,14,81915.11,0.042682926829268296,7877.146428571429,0.25720826205646447,0.3899625036054225
2025-07-22,South,Web,9888,648,417,42.41,16.54,7815.41,137786.51,18,91355.08,0.04316546762589928,7654.806111111112,0.3369809569891857,0.39000235793444943
2025-07-22,West,App,7990,622,395,42.19,16.45,6793.67,87705.75,17,57537.79,0.043037974683544304,5159.161764705882,0.3439678698374964,0.38990282057359565
2025-07-22,West,Marketplace,7841,509,326,34.49,13.45,6055.97,90008.98,14,58413.520000000004,0.04294478527607362,6429.212857142857,0.351025642108154,0.38996810669759346
2025-07-22,West,Web,10505,750,464,47.64,18.57,8402.970000000001,83913.53,19,54892.31,0.040948275862068964,4416.501578947368,0.3458467305570389,0.3897984886649874
2025-07-23,East,App,6476,488,297,30.880000000000003,12.04,5243.57,61172.41,12,40728.22,0.04040404040404041,5097.700833333333,0.33420605792709496,0.38989637305699476
2025-07-23,East,Marketplace,5389,388,245,25.57,9.97,4782.06,74869.05,10,49507.12,0.04081632653061224,7486.905000000001,0.3387505250834624,0.38991005084082914
2025-07-23,East,Web,8883,583,360,36.78,14.34,6247.91,177859.11,15,115662.26,0.041666666666666664,11857.274,0.34969729692226614,0.3898858075040783
2025-07-23,North,App,9651,704,429,45.260000000000005,17.65,8083.83,95170.01,18,63573.51,0.04195804195804196,5287.222777777777,0.33200059556576694,0.389969067609368
2025-07-23,North,Marketplace,7467,543,334,34.739999999999995,13.55,6168.45,153060.04,13,101924.56,0.038922155688622756,11773.849230769232,0.33408772139351334,0.3900402993667243
2025-07-23,North,Web,12488,766,502,50.95,19.86,9366.34,193418.84,22,125726.72,0.043824701195219126,8791.765454545455,0.34997686885103846,0.3897939156035328
2025-07-23,South,App,8533,587,364,37.73,14.709999999999999,6639.17,147710.49,15,95815.54,0.04120879120879121,9847.366,0.35132880542201167,0.38987543069175723
2025-07-23,South,Marketplace,6445,469,291,30.759999999999998,12.0,4943.21,128996.85,12,86258.76,0.041237113402061855,10749.737500000001,0.33131111341090896,0.3901170351105332
2025-07-23,South,Web,10221,690,443,47.260000000000005,18.43,8066.620000000001,169205.29,18,109758.22,0.040632054176072234,9400.29388888889,0.3513310369906284,0.38997037663986456
2025-07-23,West,App,9478,681,413,44.4,17.31,7946.24,199637.67,18,136360.93,0.043583535108958835,11090.981666666667,0.3169579168099889,0.3898648648648648
2025-07-23,West,Marketplace,6729,486,315,32.61,12.719999999999999,6033.02,188471.55,13,125422.59,0.04126984126984127,14497.811538461538,0.3345277311084882,0.390064397424103
2025-07-23,West,Web,9986,631,419,43.86,17.11,7708.1900000000005,162510.14,18,107844.13,0.04295942720763723,9028.341111111113,0.33638522494657874,0.3901048791609667
2025-07-24,East,App,7198,472,302,31.740000000000002,12.379999999999999,5696.57,103837.73,13,68613.11,0.04304635761589404,7987.517692307692,0.3392275620817211,0.3900441083805923
2025-07-24,East,Marketplace,5550,398,243,25.64,10.0,4367.549999999999,125477.42,10,83472.14,0.0411522633744856,12547.742,0.33476365707869987,0.39001560062402496
2025-07-24,East,Web,7831,573,345,37.5,14.620000000000001,6360.17,72670.65,15,48411.95,0.043478260869565216,4844.71,0.33381702241551436,0.3898666666666667
2025-07-24,North,App,10188,731,443,45.59,17.78,8556.12,152988.49,18,104188.73,0.040632054176072234,8499.360555555555,0.31897667595777957,0.38999780653652116
2025-07-24,North,Marketplace,7997,576,359,38.49,15.010000000000002,6691.049999999999,86119.38,15,61225.25,0.04178272980501393,5741.292,0.28906536484586864,0.38997142114835026
2025-07-24,North,Web,10419,734,491,51.989999999999995,20.28,8730.23,185826.91,21,121145.5,0.04276985743380855,8848.900476190476,0.3480734302690606,0.3900750144258512
2025-07-24,South,App,8067,562,354,36.480000000000004,14.23,6806.1,118061.26,15,79242.91,0.0423728813559322,7870.750666666666,0.3287983712862288,0.3900767543859649
2025-07-24,South,Marketplace,6955,517,312,33.27,12.98,5170.209999999999,145394.2,13,94051.85,0.041666666666666664,11184.169230769232,0.353125159050361,0.3901412684099789
2025-07-24,South,Web,9855,684,427,44.519999999999996,17.36,7797.32,161528.66,18,105767.62,0.04215456674473068,8973.814444444444,0.34520833640296406,0.389937106918239
2025-07-24,West,App,9228,652,402,41.05,16.009999999999998,7595.6900000000005,76036.53,16,50916.590000000004,0.03980099502487562,4752.283125,0.3303667329374446,0.39001218026796586
2025-07-24,West,Marketplace,7264,510,329,36.11,14.09,6413.1,135341.31,14,90058.89,0.0425531914893617,9667.236428571428,0.33457944215258445,0.3901966214345057
2025-07-24,West,Web,10409,821,483,49.97,19.490000000000002,8505.74,152868.33000000002,20,101178.35,0.041407867494824016,7643.416500000001,0.33813400067888494,0.3900340204122474
2025-07-25,East,App,6683,484,298,31.57,12.309999999999999,5625.07,80919.38,12,53872.340000000004,0.040268456375838924,6743.281666666667,0.3342467527556439,0.38992714602470696
2025-07-25,East,Marketplace,6038,380,250,26.090000000000003,10.17,3991.88,59433.89,10,37968.92,0.04,5943.389,0.3611570772163828,0.3898045228056726
2025-07-25,East,Web,7335,533,339,35.61,13.88,6276.22,119214.03,14,79528.23,0.04129793510324484,8515.287857142857,0.33289538152514436,0.389778152204437
2025-07-25,North,App,9340,669,411,42.81,16.689999999999998,7927.209999999999,121533.12,18,82120.98,0.043795620437956206,6751.84,0.3242913536655687,0.38986218173323983
2025-07-25,North,Marketplace,8367,591,352,36.93,14.399999999999999,6431.0,75050.05,15,49487.43,0.04261363636363636,5003.336666666667,0.3406076345052402,0.38992688870836717
2025-07-25,North,Web,10895,764,476,51.03,19.9,9504.5,165589.32,20,107515.94,0.04201680672268908,8279.466,0.3507072799139462,0.38996668626298253
2025-07-25,South,App,8476,583,370,38.59,15.05,6368.74,84519.27,16,55743.71,0.043243243243243246,5282.454375,0.34046153025221354,0.38999740865509197
2025-07-25,South,Marketplace,7531,519,324,34.88,13.6,6129.43,158927.2,14,106376.47,0.043209876543209874,11351.942857142858,0.33065913197992547,0.3899082568807339
2025-07-25,South,Web,9726,712,436,45.64,17.79,8386.220000000001,135596.73,19,89920.55,0.04357798165137615,7136.670000000001,0.3368531084783535,0.3897896581945661
2025-07-25,West,App,10221,686,419,44.099999999999994,17.2,7732.53,75100.99,18,58078.19,0.04295942720763723,4172.277222222223,0.22666545407723657,0.3900226757369615
2025-07-25,West,Marketplace,7210,481,322,34.15,13.32,5773.65,184941.97,13,120584.92,0.040372670807453416,14226.305384615385,0.34798510040744135,0.3900439238653002
2025-07-25,West,Web,10662,712,464,47.97,18.71,9236.46,149789.69999999998,20,99253.29999999999,0.04310344827586207,7489.484999999999,0.33738234337875034,0.39003543881592667
2025-07-26,East,App,7813,554,348,35.81,13.969999999999999,6475.08,165371.29,15,110838.71,0.04310344827586207,11024.752666666667,0.329758448398147,0.39011449315833563
2025-07-26,East,Marketplace,6222,433,285,29.409999999999997,11.47,5154.12,80135.09,12,52981.229999999996,0.042105263157894736,6677.924166666667,0.3388510576328048,0.3900034002040123
2025-07-26,East,Web,9290,659,395,41.64,16.240000000000002,7473.380000000001,78982.31,16,53265.89,0.04050632911392405,4936.394375,0.3255972128442432,0.39000960614793473
2025-07-26,North,App,11097,791,462,47.5,18.52,7762.22,122458.77,19,80628.62,0.04112554112554113,6445.198421052632,0.3415855801916025,0.38989473684210524
2025-07-26,North,Marketplace,8964,693,407,42.34,16.52,7488.59,214102.31,16,142585.11,0.03931203931203931,13381.394375,0.33403282757668523,0.39017477562588565
2025-07-26,North,Web,12740,855,550,59.5,23.21,9437.27,146004.34,24,96265.59,0.04363636363636364,6083.514166666667,0.34066624320893474,0.3900840336134454
2025-07-26,South,App,10455,622,402,42.19,16.45,7411.959999999999,142061.8,16,103838.41,0.03980099502487562,8878.8625,0.2690617041315821,0.38990282057359565
2025-07-26,South,Marketplace,8033,538,348,36.5,14.23,6622.9,138928.73,14,94173.91,0.040229885057471264,9923.480714285715,0.32214229554966783,0.38986301369863013
2025-07-26,South,Web,10114,745,476,51.28,20.0,9706.93,127711.86,20,83994.22,0.04201680672268908,6385.593,0.34231464485757235,0.39001560062402496
2025-07-26,West,App,10169,733,450,46.83,18.259999999999998,8638.460000000001,173563.78,19,117063.53,0.042222222222222223,9134.935789473684,0.32553018838377457,0.38992099081785175
2025-07-26,West,Marketplace,8672,592,363,39.0,15.21,6461.3099999999995,94308.68,15,67258.56,0.04132231404958678,6287.245333333333,0.2868253484196788,0.39
2025-07-26,West,Web,11596,786,513,52.83,20.6,8811.23,199297.11,20,130750.01999999999,0.03898635477582846,9964.8555,0.3439442247807808,0.3899299640355859
2025-07-27,East,App,6947,521,323,33.11,12.91,6116.049999999999,84253.81,13,56611.810000000005,0.04024767801857585,6481.0623076923075,0.3280801188694018,0.3899124131682271
2025-07-27,East,Marketplace,6776,447,288,30.52,11.9,5561.74,103958.0,12,87046.59,0.041666666666666664,8663.166666666666,0.16267540737605574,0.38990825688073394
2025-07-27,East,Web,9581,642,391,42.44,16.55,7744.210000000001,162725.80000000002,16,107678.93000000001,0.04092071611253197,10170.362500000001,0.3382799162763373,0.38996229971724794
2025-07-27,North,App,11219,761,480,50.15,19.55,8903.880000000001,210329.47999999998,20,149884.07,0.041666666666666664,10516.473999999998,0.2873843932861907,0.3898305084745763
2025-07-27,North,Marketplace,10235,641,409,42.47,16.57,6976.67,92869.54,17,60964.5,0.04156479217603912,5462.914117647058,0.3435468723114166,0.3901577584177066
2025-07-27,North,Web,13303,938,569,61.260000000000005,23.89,9508.81,150930.01,24,99794.17,0.0421792618629174,6288.750416666667,0.3388049864967213,0.38997714658831206
2025-07-27,South,App,10105,701,424,45.209999999999994,17.64,7580.51,144653.41999999998,18,96811.25,0.04245283018867924,8036.30111111111,0.3307365287319165,0.3901791639017917
2025-07-27,South,Marketplace,8084,540,347,37.120000000000005,14.48,7422.64,99223.69,15,67001.61,0.043227665706051875,6614.912666666667,0.32474180309158024,0.3900862068965517
2025-07-27,South,Web,10576,755,474,50.19,19.57,8410.119999999999,171049.75,20,114415.14,0.04219409282700422,8552.4875,0.3311002208421819,0.3899183104204025
2025-07-27,West,App,10816,719,459,47.57,18.55,8939.2,195577.16999999998,19,129707.72,0.04139433551198257,10293.535263157893,0.3367951893362604,0.38995165019970573
2025-07-27,West,Marketplace,7860,592,348,36.260000000000005,14.14,6484.16,150238.87,15,99920.65,0.04310344827586207,10015.924666666666,0.33492144875690294,0.3899613899613899
2025-07-27,West,Web,12236,805,515,52.05,20.299999999999997,8836.099999999999,141105.83000000002,22,94668.14,0.04271844660194175,6413.901363636364,0.32909830869497037,0.3900096061479346
2025-07-28,East,App,6595,505,313,33.69,13.14,6004.0,123050.07,13,78723.26,0.04153354632587859,9465.390000000001,0.36023392753860284,0.39002671415850404
2025-07-28,East,Marketplace,5733,414,259,26.83,10.46,4430.39,101934.9,11,66455.69,0.04247104247104247,9266.80909090909,0.34805753475993007,0.38986209467014543
2025-07-28,East,Web,7731,541,338,35.9,14.0,5950.969999999999,157974.16,14,105171.67,0.04142011834319527,11283.868571428571,0.33424763898095744,0.38997214484679665
2025-07-28,North,App,10257,724,429,44.36,17.299999999999997,7565.97,153868.61,18,104554.61,0.04195804195804196,8548.25611111111,0.32049421906131464,0.3899909828674481
2025-07-28,North,Marketplace,9157,578,360,38.05,14.84,6371.77,150074.96,15,111496.89,0.041666666666666664,10004.997333333333,0.25705867254603965,0.39001314060446785
2025-07-28,North,Web,11133,752,466,47.97,18.71,8775.130000000001,150372.71,19,99981.87,0.0407725321888412,7914.353157894737,0.33510628358031186,0.39003543881592667
2025-07-28,South,App,8661,600,358,38.3,14.93,6362.35,191902.8,15,126174.40000000001,0.04189944134078212,12793.519999999999,0.3425088117526163,0.38981723237597915
2025-07-28,South,Marketplace,7974,536,328,34.17,13.33,6097.24,106187.95,14,71122.19,0.042682926829268296,7584.853571428571,0.33022353289615247,0.39010828211881765
2025-07-28,South,Web,10621,728,450,47.17,18.4,8018.95,160643.59,19,105912.02,0.042222222222222223,8454.925789473684,0.3407018605597646,0.39007843968624123
2025-07-28,West,App,9941,667,403,42.53,16.59,7594.5199999999995,72598.54,17,48523.020000000004,0.04218362282878412,4270.5023529411765,0.3316254018331497,0.3900775922877968
2025-07-28,West,Marketplace,7467,531,321,34.2,13.34,6154.69,96075.53,14,63006.0,0.04361370716510903,6862.537857142857,0.3442034615890227,0.3900584795321637
2025-07-28,West,Web,11488,795,488,50.480000000000004,19.689999999999998,9922.57,112231.25,20,73601.39,0.040983606557377046,5611.5625,0.3441987859887509,0.3900554675118858
2025-07-29,East,App,7079,514,311,32.480000000000004,12.67,5753.5,147273.81,13,117939.26,0.04180064308681672,11328.754615384616,0.1991837516799491,0.39008620689655166
2025-07-29,East,Marketplace,6159,441,264,27.310000000000002,10.649999999999999,4715.4,85757.17,11,58284.810000000005,0.041666666666666664,7796.106363636363,0.32035058992734944,0.38996704503844737
2025-07-29,East,Web,8057,578,360,37.76,14.719999999999999,6760.47,124792.11,15,83610.39,0.041666666666666664,8319.474,0.3300025939139902,0.3898305084745763
2025-07-29,North,App,9714,660,414,44.57,17.38,7203.849999999999,107852.13,17,69886.49,0.04106280193236715,6344.242941176471,0.3520156718277145,0.38994839578191604
2025-07-29,North,Marketplace,7700,555,347,37.15,14.49,6516.860000000001,154026.24,15,99797.13,0.043227665706051875,10268.416,0.352077087644287,0.39004037685060566
2025-07-29,North,Web,10391,790,495,52.120000000000005,20.33,9251.85,232791.13,21,154312.4,0.04242424242424243,11085.291904761905,0.3371207915009477,0.3900613967766692
2025-07-29,South,App,8197,584,362,39.35,15.350000000000001,6732.4,149927.53,15,111076.61,0.04143646408839779,9995.168666666666,0.2591313283157536,0.39008894536213473
2025-07-29,South,Marketplace,7581,557,329,35.8,13.96,5933.74,116693.97,14,77389.65,0.0425531914893617,8335.283571428572,0.33681534701407456,0.3899441340782123
2025-07-29,South,Web,9950,702,441,46.24,18.03,7387.62,123992.56,19,81570.03,0.04308390022675737,6525.924210526316,0.3421377056816957,0.3899221453287197
2025-07-29,West,App,9305,678,419,42.71,16.66,7227.17,191565.25,17,132620.43,0.0405727923627685,11268.54411764706,0.30770100527105,0.3900725825333645
2025-07-29,West,Marketplace,7219,564,340,36.5,14.23,6422.48,125017.15000000001,14,85579.81999999999,0.041176470588235294,8929.79642857143,0.3154553595246733,0.38986301369863013
2025-07-29,West,Web,10607,762,481,50.21,19.58,8349.880000000001,164692.26,20,111489.11,0.04158004158004158,8234.613000000001,0.3230458431987029,0.38996215893248354
2025-07-30,East,App,6872,479,295,30.900000000000002,12.05,5294.91,125315.9,12,83577.97,0.04067796610169491,10442.991666666667,0.3330617264050292,0.38996763754045305
2025-07-30,East,Marketplace,5797,419,253,26.89,10.48,4370.86,113023.12,11,74240.54999999999,0.043478260869565216,10274.82909090909,0.34313837735146585,0.38973596132391225
2025-07-30,East,Web,7984,516,333,34.18,13.33,6243.6900000000005,98421.11,14,66882.04,0.042042042042042045,7030.079285714286,0.32045025706375396,0.3899941486249269
2025-07-30,North,App,9650,716,440,46.26,18.04,7518.289999999999,144196.71,18,103670.21,0.04090909090909091,8010.928333333333,0.2810501016285322,0.3899697362732382
2025-07-30,North,Marketplace,8709,607,364,37.83,14.760000000000002,7155.17,188041.09,16,124156.41,0.04395604395604396,11752.568125,0.3397378732488734,0.39016653449643146
2025-07-30,North,Web,11198,785,486,49.82,19.43,9325.45,208555.25,21,136595.6,0.043209876543209874,9931.202380952382,0.34503878468655186,0.3900040144520273
2025-07-30,South,App,8729,622,381,39.78,15.52,6622.83,128612.86,16,84462.70999999999,0.04199475065616798,8038.30375,0.3432794356645207,0.3901458019105078
2025-07-30,South,Marketplace,7235,517,302,31.71,12.36,5389.48,66834.48,13,43941.08,0.04304635761589404,5141.113846153846,0.342538761429729,0.3897824030274361
2025-07-30,South,Web,9172,621,403,43.120000000000005,16.81,7683.860000000001,103292.71,17,82468.25,0.04218362282878412,6076.041764705883,0.20160628954356996,0.3898423005565862
2025-07-30,West,App,8672,617,395,42.83,16.71,6992.67,105587.15,16,74096.49,0.04050632911392405,6599.196875,0.29824329949240974,0.39014709315900076
2025-07-30,West,Marketplace,8019,558,340,36.5,14.24,5712.07,81368.95999999999,14,54278.56,0.041176470588235294,5812.068571428571,0.3329328530191365,0.3901369863013699
2025-07-30,West,Web,10951,724,450,47.29,18.45,7688.5,102026.59,19,90416.69,0.042222222222222223,5369.82052631579,0.11379288477640971,0.39014590822584055
2025-07-31,East,App,7249,477,305,32.45,12.649999999999999,5487.84,66467.71,13,43561.66,0.04262295081967213,5112.90076923077,0.34461921435235243,0.3898305084745762
2025-07-31,East,Marketplace,5528,398,248,25.53,9.96,4097.04,112010.31,10,74334.42,0.04032258064516129,11201.030999999999,0.33636091177678196,0.3901292596944771
2025-07-31,East,Web,7812,570,348,36.38,14.190000000000001,5698.219999999999,122436.32,15,102466.59000000001,0.04310344827586207,8162.421333333334,0.16310299100789696,0.39004947773501925
2025-07-31,North,App,10062,709,431,46.480000000000004,18.12,8277.3,115090.70999999999,18,81053.0,0.04176334106728538,6393.928333333333,0.29574680701856815,0.3898450946643718
2025-07-31,North,Marketplace,7931,566,350,37.16,14.5,6337.4,93083.66,15,68214.35,0.04285714285714286,6205.577333333334,0.2671715959600213,0.3902045209903122
2025-07-31,North,Web,11472,779,502,51.620000000000005,20.14,9211.43,144892.06,21,95728.57,0.04183266932270916,6899.621904761904,0.3393111396166221,0.3901588531576908
2025-07-31,South,App,9199,618,377,39.57,15.43,6789.15,100556.79,16,66818.47,0.042440318302387266,6284.799375,0.3355150855551375,0.3899418751579479
2025-07-31,South,Marketplace,6974,495,317,32.81,12.8,6404.34,111232.95,13,73176.12,0.04100946372239748,8556.38076923077,0.3421363004397528,0.3901249619018592
2025-07-31,South,Web,9845,639,412,43.79,17.08,7297.43,101481.07,18,66685.28,0.043689320388349516,5637.837222222222,0.34287961291697067,0.3900433889015757
2025-07-31,West,App,9022,636,403,41.09,16.02,7462.81,77846.09999999999,17,51008.34,0.04218362282878412,4579.182352941176,0.3447540724583505,0.38987588220978336
2025-07-31,West,Marketplace,7814,509,328,35.39,13.809999999999999,6092.6900000000005,76229.54,14,50531.37,0.042682926829268296,5444.967142857143,0.3371156378485295,0.3902232269002543
2025-07-31,West,Web,10357,724,447,45.84,17.88,8062.5,216001.95,19,142953.96,0.042505592841163314,11368.523684210528,0.33818208585616943,0.39005235602094235
2025-08-01,East,App,7012,479,312,33.15,12.93,5855.24,89580.94,13,59081.69,0.041666666666666664,6890.841538461538,0.3404658401664461,0.3900452488687783
2025-08-01,East,Marketplace,5964,429,276,29.14,11.36,5706.67,170225.55000000002,12,114298.73999999999,0.043478260869565216,14185.462500000001,0.3285453329420878,0.3898421413864104
2025-08-01,East,Web,8291,590,371,39.34,15.34,6804.91,97388.47,16,64157.16,0.0431266846361186,6086.779375,0.34122427429037544,0.3899339095068632
2025-08-01,North,App,9441,662,414,43.71,17.05,7839.76,110709.15,17,72170.14,0.04106280193236715,6512.30294117647,0.34811043170325123,0.3900709219858156
2025-08-01,North,Marketplace,8245,576,355,37.34,14.57,6780.09,53691.09,15,40120.869999999995,0.04225352112676056,3579.406,0.25274621915852336,0.39019817889662556
2025-08-01,North,Web,12381,826,519,53.67,20.93,9903.380000000001,195317.92,22,127368.96,0.04238921001926782,8878.087272727273,0.34788902114050774,0.38997577790199367
2025-08-01,South,App,8304,609,381,40.459999999999994,15.780000000000001,7175.450000000001,131306.84,16,86813.19,0.04199475065616798,8206.6775,0.33885249237587317,0.3900148294611963
2025-08-01,South,Marketplace,7843,521,336,35.95,14.02,6735.46,90823.37,14,64317.47,0.041666666666666664,6487.3835714285715,0.2918400847711332,0.3899860917941585
2025-08-01,South,Web,9971,652,423,42.56,16.6,7487.549999999999,130687.99,18,88721.34,0.0425531914893617,7260.443888888889,0.3211209385039896,0.3900375939849624
2025-08-01,West,App,9967,699,422,42.980000000000004,16.76,7675.74,121889.73,18,81207.69,0.04265402843601896,6771.651666666667,0.33376101497640526,0.3899488134015821
2025-08-01,West,Marketplace,7574,564,342,35.57,13.88,6449.85,149787.47,14,98675.71,0.04093567251461988,10699.105,0.3412285420135609,0.39021647455721115
2025-08-01,West,Web,11088,781,485,49.72,19.39,9552.460000000001,245487.56,21,161201.92,0.04329896907216495,11689.88380952381,0.34333976027135543,0.3899839098954143
2025-08-02,East,App,7914,558,343,36.0,14.040000000000001,6323.24,67572.66,14,44369.04,0.04081632653061224,4826.618571428572,0.34338769555616133,0.39
2025-08-02,East,Marketplace,6767,500,317,33.76,13.17,5928.36,102260.99,14,66676.67,0.04416403785488959,7304.356428571429,0.3479755085492523,0.39010663507109006
2025-08-02,East,Web,10224,685,419,43.33,16.9,7474.83,196059.6,18,130339.9,0.04295942720763723,10892.2,0.3352026628637415,0.3900300023078698
2025-08-02,North,App,11207,762,491,52.349999999999994,20.41,8838.54,253469.04,21,167200.21,0.04276985743380855,12069.954285714286,0.3403525337847968,0.38987583572110796
2025-08-02,North,Marketplace,9590,665,410,43.81,17.09,7647.03,183688.65,18,160006.07,0.04390243902439024,10204.925,0.12892783522552967,0.3900935859392832
2025-08-02,North,Web,12636,905,576,62.19,24.259999999999998,10906.029999999999,211955.77,24,142343.82,0.041666666666666664,8831.490416666666,0.3284267750767058,0.3900948705579675
2025-08-02,South,App,10519,718,450,47.81,18.65,8867.54,168245.41,18,111469.98999999999,0.04,9346.967222222222,0.3374559817114774,0.3900857561179669
2025-08-02,South,Marketplace,7897,552,340,35.76,13.95,6223.219999999999,83552.91,14,56057.1,0.041176470588235294,5968.0650000000005,0.3290826136396686,0.3901006711409396
2025-08-02,South,Web,11633,791,500,51.74,20.17,9156.43,115363.32,22,76074.98,0.044,5243.787272727273,0.34056180075261366,0.3898337843061461
2025-08-02,West,App,10216,683,427,42.45,16.55,8478.55,255922.76,18,165917.09,0.04215456674473068,14217.931111111111,0.3516907601340342,0.38987043580683156
2025-08-02,West,Marketplace,8236,574,352,37.83,14.760000000000002,6663.24,129621.76,15,86900.9,0.04261363636363636,8641.450666666666,0.3295809283873325,0.39016653449643146
2025-08-02,West,Web,13173,943,557,53.54,20.88,10495.64,190570.09,23,130864.13,0.04129263913824058,8285.656086956522,0.3133018408082821,0.38998879342547627
2025-08-03,East,App,7950,562,342,36.19,14.12,5824.3099999999995,69141.19,15,45765.56,0.043859649122807015,4609.412666666667,0.3380854451593906,0.3901630284609008
2025-08-03,East,Marketplace,6334,443,286,29.839999999999996,11.64,5784.5,164845.38,12,109457.15,0.04195804195804196,13737.115,0.3360011060061253,0.3900804289544237
2025-08-03,East,Web,9017,629,397,41.74,16.28,7487.6,132546.59,16,85210.17,0.04030226700251889,8284.161875,0.35713042485664853,0.3900335409678965
2025-08-03,North,App,9733,728,455,46.97,18.31,7791.110000000001,126243.62000000001,19,83840.75,0.041758241758241756,6644.40105263158,0.33588129047630294,0.3898232914626357
2025-08-03,North,Marketplace,9788,652,415,44.19,17.240000000000002,7138.67,106323.62,17,73874.9,0.04096385542168675,6254.330588235294,0.30518825450074033,0.39013351436976695
2025-08-03,North,Web,13860,928,560,59.56999999999999,23.240000000000002,9421.949999999999,315648.23,24,210419.65,0.04285714285714286,13152.009583333333,0.33337294493937125,0.39012925969447715
2025-08-03,South,App,10026,710,431,44.980000000000004,17.54,8059.6900000000005,186398.19,18,121782.5,0.04176334106728538,10355.455,0.3466540635399947,0.3899510893730546
2025-08-03,South,Marketplace,7926,576,355,37.1,14.47,6660.5,73892.95,15,49528.73,0.04225352112676056,4926.196666666667,0.32972320092782864,0.39002695417789757
2025-08-03,South,Web,11299,790,491,51.239999999999995,19.98,8223.5,93155.98999999999,20,61032.14,0.04073319755600815,4657.799499999999,0.34483933883371315,0.3899297423887588
2025-08-03,West,App,11926,797,488,50.980000000000004,19.88,8873.4,135084.57,20,92588.34,0.040983606557377046,6754.2285,0.3145898158464731,0.3899568458218909
2025-08-03,West,Marketplace,9264,624,414,43.120000000000005,16.81,7747.83,139890.74,17,91796.26,0.04106280193236715,8228.867058823529,0.34380031158602775,0.3898423005565862
2025-08-03,West,Web,11829,779,502,54.0,21.07,9964.0,144882.0,21,96933.45,0.04183266932270916,6899.142857142857,0.330948979169255,0.3901851851851852
2025-08-04,East,App,6173,482,291,30.93,12.07,5500.4,176468.83,12,118117.49,0.041237113402061855,14705.735833333332,0.33066088781797887,0.39023601681215647
2025-08-04,East,Marketplace,6327,435,267,28.4,11.07,5221.08,137349.42,11,89198.35,0.04119850187265917,12486.310909090911,0.3505735226257235,0.38978873239436623
2025-08-04,East,Web,7707,529,334,36.04,14.05,6197.79,130826.13,14,88036.26,0.041916167664670656,9344.723571428573,0.3270743390483232,0.38984461709211987
2025-08-04,North,App,10190,686,440,46.57,18.16,8538.07,130586.8,18,85790.4,0.04090909090909091,7254.822222222222,0.3430392658369759,0.3899506119819626
2025-08-04,North,Marketplace,9626,574,376,39.81,15.53,5902.91,157615.76,16,101492.83,0.0425531914893617,9850.985,0.3560743544934847,0.39010298919869374
2025-08-04,North,Web,11567,779,502,53.36,20.810000000000002,9813.33,154898.48,20,99705.41,0.0398406374501992,7744.924000000001,0.3563176991794884,0.389992503748126
2025-08-04,South,App,9988,614,381,40.06999999999999,15.620000000000001,7331.1900000000005,98145.22,16,65165.45,0.04199475065616798,6134.07625,0.3360303232291904,0.3898178188170702
2025-08-04,South,Marketplace,7724,490,320,33.24,12.96,5425.0,53585.74,14,83743.64,0.04375,3827.552857142857,-0.5627971172927724,0.3898916967509025
2025-08-04,South,Web,10516,710,438,45.53,17.76,8090.76,141872.26,18,94848.75,0.0410958904109589,7881.792222222222,0.33144964350324724,0.39007247968372505
2025-08-04,West,App,10031,647,415,44.55,17.38,7806.01,103115.0,17,67788.35,0.04096385542168675,6065.588235294118,0.3425946758473548,0.39012345679012345
2025-08-04,West,Marketplace,8069,495,346,36.19,14.12,6136.43,131144.22,15,87065.20999999999,0.04335260115606936,8742.948,0.33611096241984595,0.3901630284609008
2025-08-04,West,Web,10932,783,491,50.08,19.53,8280.09,272803.02999999997,20,176100.54,0.04073319755600815,13640.151499999998,0.3544773311352149,0.3899760383386582
2025-08-05,East,App,7572,552,341,35.92,14.0,7000.469999999999,89928.52,14,58446.71,0.04105571847507331,6423.465714285715,0.3500759269695532,0.3897550111358574
2025-08-05,East,Marketplace,6676,438,277,29.449999999999996,11.48,4773.04,40501.33,12,26415.59,0.04332129963898917,3375.1108333333336,0.347784628307268,0.3898132427843804
2025-08-05,East,Web,9800,630,407,42.290000000000006,16.5,7525.88,126932.52,18,94192.89,0.044226044226044224,7051.806666666667,0.2579294100518922,0.39016315913927635
2025-08-05,North,App,10843,762,474,51.29,20.0,8553.5,154888.96,20,101712.49,0.04219409282700422,7744.447999999999,0.34331994998223236,0.38993955936829794
2025-08-05,North,Marketplace,9916,710,412,43.14,16.83,7825.23,102455.09,17,67485.69,0.0412621359223301,6026.7699999999995,0.3413144237148198,0.39012517385257295
2025-08-05,North,Web,14817,941,595,61.7,24.07,11299.09,218315.86,25,153312.43,0.04201680672268908,8732.634399999999,0.2977494626363838,0.39011345218800647
2025-08-05,South,App,9126,648,405,41.66,16.240000000000002,6947.67,158247.93,17,103008.9,0.04197530864197531,9308.701764705882,0.34906636693446796,0.38982237157945276
2025-08-05,South,Marketplace,8117,608,364,37.599999999999994,14.67,6917.62,179852.91,15,118861.61,0.04120879120879121,11990.194,0.3391176712125481,0.3901595744680852
2025-08-05,South,Web,11716,757,482,50.760000000000005,19.8,8966.27,227362.3,21,149307.52,0.043568464730290454,10826.77619047619,0.34330572834634415,0.39007092198581556
2025-08-05,West,App,11273,774,472,50.099999999999994,19.54,8930.4,107188.15,20,81119.82,0.0423728813559322,5359.407499999999,0.2432016039086409,0.39001996007984036
2025-08-05,West,Marketplace,8562,591,365,38.16,14.88,6847.08,97290.85,15,64473.39,0.0410958904109589,6486.056666666667,0.3373129127764842,0.3899371069182391
2025-08-05,West,Web,11398,787,508,53.19,20.740000000000002,8957.74,182619.59,21,120173.02,0.04133858267716536,8696.170952380951,0.34194891139554084,0.38992291784169963
2025-08-06,East,App,8036,555,333,34.95,13.620000000000001,6393.29,130005.06,14,84872.08,0.042042042042042045,9286.075714285715,0.3471632565686289,0.38969957081545065
2025-08-06,East,Marketplace,6886,460,293,30.19,11.77,5743.76,71902.56999999999,12,47571.45,0.040955631399317405,5991.880833333333,0.3383901298660117,0.3898641934415369
2025-08-06,East,Web,8720,631,405,43.019999999999996,16.78,7878.24,74479.91,17,48966.19,0.04197530864197531,4381.171176470589,0.3425584160883116,0.39005113900511396
2025-08-06,North,App,10849,755,480,52.81,20.6,9294.36,118879.06,20,78339.79000000001,0.041666666666666664,5943.9529999999995,0.34101270652712085,0.39007763681121
2025-08-06,North,Marketplace,8419,604,379,39.99,15.600000000000001,7090.219999999999,156539.08,16,103586.06,0.04221635883905013,9783.6925,0.33827348416765957,0.3900975243810953
2025-08-06,North,Web,12330,814,541,56.95,22.21,9359.46,143481.07,22,97932.69,0.04066543438077634,6521.866818181818,0.3174521907315021,0.3899912203687445
2025-08-06,South,App,9430,671,402,42.16,16.45,7329.1,87997.42,17,60640.14,0.04228855721393035,5176.318823529412,0.31088729646846464,0.390180265654649
2025-08-06,South,Marketplace,8298,562,352,37.980000000000004,14.809999999999999,6817.73,119944.19,15,79585.14,0.04261363636363636,7996.279333333334,0.33648190879441514,0.3899420747761979
2025-08-06,South,Web,10190,678,443,45.91,17.9,8578.65,234901.15,19,157380.28,0.04288939051918736,12363.218421052632,0.3300148594419397,0.3898932694402091
2025-08-06,West,App,10257,684,445,46.93,18.31,9223.86,153451.58000000002,19,113215.83,0.04269662921348315,8076.398947368422,0.26220485966974083,0.39015555082037073
2025-08-06,West,Marketplace,9351,638,385,39.93,15.57,6950.57,105898.3,16,68993.02,0.04155844155844156,6618.64375,0.3484973790891827,0.3899323816679189
2025-08-06,West,Web,11382,826,485,52.22,20.36,8849.76,150047.03,20,97347.38,0.041237113402061855,7502.3515,0.3512208805465859,0.38988893144389125
2025-08-07,East,App,7382,499,315,33.14,12.93,5839.780000000001,71127.42,13,53242.29,0.04126984126984127,5471.34,0.2514519716868684,0.39016294508147253
2025-08-07,East,Marketplace,5633,397,259,28.54,11.129999999999999,5178.530000000001,145283.85,11,95280.24,0.04247104247104247,13207.622727272728,0.3441787232373041,0.389978976874562
2025-08-07,East,Web,8741,622,383,40.62,15.84,7148.5,125590.08,16,83660.26999999999,0.04177545691906005,7849.38,0.3338624356318589,0.38995568685376664
2025-08-07,North,App,11002,731,460,50.16,19.57,8669.81,226586.51,19,156505.57,0.041304347826086954,11925.605789473684,0.3092899925948813,0.3901515151515152
2025-08-07,North,Marketplace,9098,602,376,41.0,15.989999999999998,7536.71,109767.54000000001,16,72435.67,0.0425531914893617,6860.4712500000005,0.3400993590637087,0.38999999999999996
2025-08-07,North,Web,12109,865,528,55.370000000000005,21.59,9593.16,202485.92,22,135598.6,0.041666666666666664,9203.905454545455,0.33033072126694046,0.38992234061766295
2025-08-07,South,App,8800,641,381,39.81,15.53,6924.76,63702.880000000005,16,41493.71,0.04199475065616798,3981.4300000000003,0.3486368277227027,0.39010298919869374
2025-08-07,South,Marketplace,7476,526,315,32.55,12.690000000000001,5846.450000000001,63209.81,13,42353.55,0.04126984126984127,4862.293076923077,0.3299528981340079,0.38986175115207383
2025-08-07,South,Web,10267,711,438,47.47,18.52,8333.09,181127.0,18,118428.36,0.0410958904109589,10062.611111111111,0.34615844131465767,0.39014114177375186
2025-08-07,West,App,9598,635,417,43.65,17.02,7466.610000000001,178522.71,18,122678.73999999999,0.04316546762589928,9917.928333333333,0.3128115745050028,0.38991981672394044
2025-08-07,West,Marketplace,7657,537,329,35.09,13.690000000000001,5760.719999999999,66180.99,14,50600.4,0.0425531914893617,4727.213571428571,0.235423948780458,0.39013964092333997
2025-08-07,West,Web,10872,741,461,49.21,19.19,8482.95,143236.36000000002,20,93982.31,0.04338394793926247,7161.818000000001,0.34386555201486557,0.38996138996138996
2025-08-08,East,App,6991,476,312,32.35,12.620000000000001,5651.1900000000005,60479.12,13,45533.65,0.041666666666666664,4652.24,0.24711784827557015,0.39010819165378674
2025-08-08,East,Marketplace,6018,374,254,26.55,10.36,5039.0,49303.43,11,32555.489999999998,0.04330708661417323,4482.13,0.3396911736161156,0.39020715630885117
2025-08-08,East,Web,8438,612,367,38.45,15.0,6859.95,58218.99,15,44764.59,0.04087193460490463,3881.266,0.23109985247081755,0.39011703511053314
2025-08-08,North,App,9833,719,409,42.21,16.46,7874.41,158419.63,17,104118.38,0.04156479217603912,9318.801764705882,0.3427684435319032,0.3899549869699124
2025-08-08,North,Marketplace,7884,535,336,34.12,13.309999999999999,6436.83,99866.36,14,65626.20999999999,0.041666666666666664,7133.311428571428,0.34285969770000635,0.39009378663540445
2025-08-08,North,Web,9608,790,476,50.519999999999996,19.71,8155.65,170813.68,20,113004.20999999999,0.04201680672268908,8540.684,0.3384358325398762,0.39014251781472686
2025-08-08,South,App,8584,635,374,40.5,15.79,6452.610000000001,150264.99,16,98852.42,0.0427807486631016,9391.561875,0.34214603148744094,0.3898765432098765
2025-08-08,South,Marketplace,7666,555,331,34.76,13.55,5895.360000000001,124264.44,14,82543.77,0.04229607250755287,8876.031428571428,0.3357410213251675,0.3898158803222095
2025-08-08,South,Web,9560,738,443,47.27,18.43,7842.67,151528.47,19,98664.43,0.04288939051918736,7975.182631578948,0.34887199745367986,0.38988787814681614
2025-08-08,West,App,8614,589,379,40.05,15.620000000000001,7338.960000000001,115046.61,16,76885.91,0.04221635883905013,7190.413125,0.3316977353787304,0.3900124843945069
2025-08-08,West,Marketplace,7557,498,326,35.26,13.739999999999998,6091.47,93928.25,14,64058.14,0.04294478527607362,6709.160714285715,0.31800986391208186,0.38967668746454903
2025-08-08,West,Web,11276,766,486,50.6,19.74,8927.98,106763.66,21,68762.92,0.043209876543209874,5083.98380952381,0.35593328291667786,0.3901185770750988
2025-08-09,East,App,7569,559,341,36.19,14.12,6217.219999999999,84226.14,14,55867.97,0.04105571847507331,6016.152857142857,0.33669084205924665,0.3901630284609008
2025-08-09,East,Marketplace,6797,514,314,32.12,12.52,5789.139999999999,62748.75,13,45020.07,0.041401273885350316,4826.826923076923,0.2825343931154007,0.38978829389788294
2025-08-09,East,Web,9603,650,410,44.290000000000006,17.28,8193.92,66265.79000000001,17,75684.74,0.041463414634146344,3897.987647058824,-0.14213895284429562,0.3901557913750282
2025-08-09,North,App,11374,808,498,50.93,19.86,8773.55,163353.59,21,110034.75,0.04216867469879518,7778.742380952381,0.32640139711652494,0.38994698605929706
2025-08-09,North,Marketplace,8898,601,386,41.120000000000005,16.04,7387.34,91124.73999999999,16,60836.39,0.04145077720207254,5695.296249999999,0.33238339006509093,0.3900778210116731
2025-08-09,North,Web,13536,831,574,61.19,23.86,10579.95,188779.67,25,143727.25,0.04355400696864112,7551.1868,0.23865080387098891,0.3899329955875143
2025-08-09,South,App,10012,650,424,44.4,17.31,7192.3099999999995,114265.19,18,75524.09999999999,0.04245283018867924,6348.066111111111,0.3390454258204096,0.3898648648648648
2025-08-09,South,Marketplace,8645,540,362,37.59,14.66,6733.3099999999995,150595.42,15,100607.31999999999,0.04143646408839779,10039.694666666668,0.33193638956616356,0.3899973397180101
2025-08-09,South,Web,11496,760,478,48.72,19.0,9279.19,115791.68,21,75761.94,0.043933054393305436,5513.889523809524,0.34570480366119566,0.3899835796387521
2025-08-09,West,App,11188,714,448,45.93,17.91,8120.68,144844.52,19,96084.02,0.04241071428571429,7623.395789473684,0.33664028159297976,0.38994121489222733
2025-08-09,West,Marketplace,8955,651,393,40.47,15.79,7086.9,116172.11,17,76717.41,0.043256997455470736,6833.653529411765,0.33962282341260736,0.3901655547319002
2025-08-09,West,Web,12705,849,533,55.41,21.61,10283.98,128590.05,22,84197.7,0.04127579737335835,5845.002272727273,0.3452238334147938,0.3900018047283884
2025-08-10,East,App,8672,577,362,37.33,14.559999999999999,7007.24,96523.44,15,61186.479999999996,0.04143646408839779,6434.896,0.36609718841350875,0.39003482453790517
2025-08-10,East,Marketplace,7146,467,289,30.0,11.7,5158.76,115833.06,12,75312.59,0.04152249134948097,9652.755,0.34981783266366273,0.38999999999999996
2025-08-10,East,Web,9191,664,409,42.65,16.64,7089.07,273369.29000000004,17,180638.7,0.04156479217603912,16080.546470588237,0.3392136329578206,0.39015240328253226
2025-08-10,North,App,10823,769,495,52.73,20.57,9452.19,205161.86000000002,20,136282.5,0.04040404040404041,10258.093,0.3357317973233427,0.3901005120424806
2025-08-10,North,Marketplace,9179,633,395,42.019999999999996,16.38,6819.15,148651.74,17,101200.63,0.043037974683544304,8744.22,0.31920991977625013,0.38981437410756786
2025-08-10,North,Web,13128,940,559,58.83,22.950000000000003,9897.17,219192.30000000002,24,148200.38,0.04293381037567084,9133.0125,0.3238796253335542,0.39010708822029583
2025-08-10,South,App,9053,640,414,43.71,17.05,6828.67,146665.74,17,96984.47,0.04106280193236715,8627.396470588235,0.3387380720269096,0.3900709219858156
2025-08-10,South,Marketplace,8415,531,339,36.09,14.07,6511.3099999999995,126538.94,14,87327.29,0.04129793510324484,9038.495714285715,0.3098781292146118,0.38985868661679135
2025-08-10,South,Web,11271,688,450,46.43,18.11,9155.28,130712.66,19,85056.59,0.042222222222222223,6879.613684210526,0.3492857539583389,0.39004953693732497
2025-08-10,West,App,10150,738,455,47.93,18.689999999999998,8332.74,112657.33,19,75181.84,0.041758241758241756,5929.333157894737,0.3326502589756033,0.38994366784894635
2025-08-10,West,Marketplace,9104,638,404,41.54,16.2,7001.639999999999,80917.83,17,52720.32,0.04207920792079208,4759.872352941176,0.34847091178792117,0.38998555609051516
2025-08-10,West,Web,13067,841,538,59.08,23.04,9819.48,174533.32,23,115318.89,0.04275092936802974,7588.405217391305,0.33927292507814555,0.3899796885578876
2025-08-11,East,App,7346,552,334,34.88,13.6,5687.26,111320.64,13,84655.48,0.038922155688622756,8563.126153846153,0.2395347349781676,0.3899082568807339
2025-08-11,East,Marketplace,5935,443,264,27.71,10.809999999999999,4723.7300000000005,63841.03,11,42017.93,0.041666666666666664,5803.73,0.34183502365171736,0.39011187297004685
2025-08-11,East,Web,8074,598,354,36.36,14.170000000000002,6297.15,66568.29,15,46644.1,0.0423728813559322,4437.8859999999995,0.29930451871303887,0.38971397139713976
2025-08-11,North,App,10074,659,415,43.96,17.14,7965.74,109796.47,17,73307.63,0.04096385542168675,6458.615882352941,0.33233163142676625,0.38989990900818927
2025-08-11,North,Marketplace,7838,596,364,38.879999999999995,15.16,6790.6900000000005,146611.28,15,96637.78,0.04120879120879121,9774.085333333333,0.3408571291376762,0.38991769547325106
2025-08-11,North,Web,12362,862,543,58.120000000000005,22.67,10548.5,128165.63,23,86098.9,0.0423572744014733,5572.418695652174,0.3282216144843201,0.3900550584996559
2025-08-11,South,App,9235,662,402,43.81,17.09,7570.879999999999,88438.65,17,58321.22,0.04228855721393035,5202.273529411765,0.34054601692811903,0.3900935859392832
2025-08-11,South,Marketplace,6557,521,314,32.45,12.66,5647.74,115977.24,13,76257.7,0.041401273885350316,8921.326153846154,0.3424770239402145,0.39013867488443754
2025-08-11,South,Web,10095,738,441,44.519999999999996,17.36,7748.03,163853.96,18,108118.68000000001,0.04081632653061224,9102.997777777777,0.34015216965156037,0.389937106918239
2025-08-11,West,App,9362,724,429,44.83,17.48,7231.05,107686.07,18,71097.11,0.04195804195804196,5982.559444444445,0.3397743087847853,0.38991746598260096
2025-08-11,West,Marketplace,7067,536,347,36.41,14.2,6171.450000000001,128157.45000000001,14,108325.44,0.040345821325648415,9154.103571428572,0.15474722694622908,0.3900027464982148
2025-08-11,West,Web,11154,829,486,48.47,18.900000000000002,9290.77,234129.34,21,155392.77,0.043209876543209874,11149.01619047619,0.3362951862419294,0.38993191664947396
2025-08-12,East,App,7374,483,309,31.98,12.48,5705.360000000001,131110.06,13,91114.46,0.042071197411003236,10085.389230769231,0.30505363204013475,0.3902439024390244
2025-08-12,East,Marketplace,6522,440,274,28.83,11.239999999999998,5000.17,101638.62000000001,11,67987.41,0.040145985401459854,9239.874545454546,0.33108684474464534,0.389871661463753
2025-08-12,East,Web,8227,581,355,37.93,14.79,6944.79,79566.41,15,72509.61,0.04225352112676056,5304.427333333334,0.08869069246683371,0.3899288162404429
2025-08-12,North,App,10254,659,415,43.620000000000005,17.009999999999998,7761.12,147854.29,18,97276.34,0.043373493975903614,8214.127222222223,0.3420796921076826,0.38995873452544694
2025-08-12,North,Marketplace,8286,574,364,37.230000000000004,14.52,7009.1900000000005,130774.45,15,87987.67,0.04120879120879121,8718.296666666667,0.3271799651996242,0.3900080580177276
2025-08-12,North,Web,11511,840,509,51.46,20.07,9802.04,126696.67,21,83584.14,0.0412573673870334,6033.174761904762,0.3402814770111953,0.3900116595413914
2025-08-12,South,App,9121,638,400,42.1,16.42,7099.17,138747.07,17,93642.45,0.0425,8161.592352941177,0.325085207204736,0.3900237529691212
2025-08-12,South,Marketplace,7209,471,300,31.04,12.1,5931.9,111243.57,13,73536.18,0.043333333333333335,8557.197692307693,0.33896242272699456,0.389819587628866
2025-08-12,South,Web,9786,707,440,46.67,18.2,8472.35,158396.93,18,106468.2,0.04090909090909091,8799.829444444444,0.32783924536921266,0.38997214484679665
2025-08-12,West,App,10188,654,410,43.03,16.78,7916.39,157749.52,17,103348.51,0.041463414634146344,9279.383529411763,0.3448568971873892,0.3899604926795259
2025-08-12,West,Marketplace,7485,536,341,34.88,13.6,6252.52,123967.88,14,82945.27,0.04105571847507331,8854.848571428573,0.33091321719787414,0.3899082568807339
2025-08-12,West,Web,10550,753,472,50.44,19.67,8725.54,206296.21,20,134756.63,0.0423728813559322,10314.8105,0.3467808739675828,0.38996827914353693
2025-08-13,East,App,7443,464,310,33.62,13.11,5950.8099999999995,94089.48999999999,13,62177.9,0.041935483870967745,7237.653076923076,0.339162110454632,0.3899464604402142
2025-08-13,East,Marketplace,5814,429,266,28.28,11.030000000000001,5539.5,56558.01,11,37471.45,0.041353383458646614,5141.637272727273,0.3374687334296239,0.39002828854314003
2025-08-13,East,Web,9585,585,367,38.95,15.190000000000001,6123.17,96102.66,15,69141.17,0.04087193460490463,6406.844,0.28054884224848725,0.389987163029525
2025-08-13,North,App,11324,736,457,47.47,18.52,8092.96,168208.32,19,109948.09,0.04157549234135667,8853.06947368421,0.34635759990944565,0.39014114177375186
2025-08-13,North,Marketplace,8133,584,362,38.81,15.14,6942.34,70943.73000000001,15,47274.64,0.04143646408839779,4729.582,0.3336318798010763,0.39010564287554755
2025-08-13,North,Web,12805,886,529,54.980000000000004,21.45,9762.759999999998,187212.72,22,122982.12,0.04158790170132325,8509.66909090909,0.34308886703852176,0.3901418697708257
2025-08-13,South,App,8330,597,373,38.89,15.170000000000002,7054.46,142403.54,16,92993.02,0.04289544235924933,8900.22125,0.34697536311246197,0.3900745692980201
2025-08-13,South,Marketplace,7002,486,305,32.77,12.780000000000001,5769.66,67488.83,13,44559.770000000004,0.04262295081967213,5191.448461538462,0.33974599944909395,0.38999084528532196
2025-08-13,South,Web,9988,708,457,47.93,18.689999999999998,7966.58,130516.09,19,88278.15,0.04157549234135667,6869.267894736842,0.3236224744397415,0.38994366784894635
2025-08-13,West,App,9038,621,403,42.370000000000005,16.52,7989.07,88402.68,17,58714.06,0.04218362282878412,5200.157647058823,0.33583393625623115,0.3898985130988907
2025-08-13,West,Marketplace,7703,505,321,33.8,13.190000000000001,5580.85,111661.46,14,80533.41,0.04361370716510903,7975.818571428572,0.278771654964927,0.3902366863905326
2025-08-13,West,Web,10522,710,456,47.01,18.330000000000002,8942.26,123366.58,19,90792.12,0.041666666666666664,6492.977894736842,0.2640460649877788,0.38991703892788776
2025-08-14,East,App,7077,467,292,29.839999999999996,11.64,5497.280000000001,82804.92,12,55336.55,0.0410958904109589,6900.41,0.33172388790424523,0.3900804289544237
2025-08-14,East,Marketplace,5745,402,259,27.5,10.719999999999999,4591.43,57193.71,11,39575.48,0.04247104247104247,5199.428181818182,0.3080448881529105,0.3898181818181818
2025-08-14,East,Web,8079,579,381,39.79,15.52,7101.639999999999,80994.2,16,53392.08,0.04199475065616798,5062.1375,0.3407913159213869,0.3900477506911284
2025-08-14,North,App,11390,717,469,48.959999999999994,19.09,7939.28,126890.96,20,84181.97,0.042643923240938165,6344.548000000001,0.33658024180761187,0.3899101307189543
2025-08-14,North,Marketplace,8793,631,374,39.26,15.31,7317.51,144120.37,16,96461.89,0.0427807486631016,9007.523125,0.33068524595100607,0.38996434029546617
2025-08-14,North,Web,11759,885,536,56.07000000000001,21.86,9577.26,155807.68,22,105691.93000000001,0.041044776119402986,7082.167272727273,0.3216513460697187,0.3898698056001426
2025-08-14,South,App,8143,584,362,38.08,14.85,6614.46,65955.73,15,50530.74,0.04143646408839779,4397.048666666667,0.2338688389924575,0.389968487394958
2025-08-14,South,Marketplace,8331,559,347,36.12,14.09,6379.99,91807.71,14,61380.15,0.040345821325648415,6557.693571428572,0.331427066419585,0.3900885935769657
2025-08-14,South,Web,10428,779,472,49.09,19.14,8711.11,223181.26,19,151614.6,0.04025423728813559,11746.38210526316,0.3206660810141497,0.38989610918720713
2025-08-14,West,App,9331,698,416,45.42,17.71,7393.14,110590.7,17,104131.21,0.040865384615384616,6505.335294117647,0.05840898014028296,0.3899163364156759
2025-08-14,West,Marketplace,8247,532,341,36.36,14.190000000000001,6566.530000000001,36174.29,14,29725.9,0.04105571847507331,2583.877857142857,0.17825892367203336,0.3902640264026403
2025-08-14,West,Web,11759,796,497,51.989999999999995,20.28,9360.17,246628.43,21,178234.35,0.04225352112676056,11744.210952380952,0.2773162850690003,0.3900750144258512
2025-08-15,East,App,6791,505,309,31.67,12.350000000000001,6043.26,57681.36,13,38200.98,0.042071197411003236,4437.027692307693,0.3377240065074748,0.3899589516892959
2025-08-15,East,Marketplace,5859,431,271,28.470000000000002,11.100000000000001,4779.96,76129.86,11,60085.16,0.04059040590405904,6920.896363636363,0.21075436103521006,0.3898840885142255
2025-08-15,East,Web,8317,614,362,38.260000000000005,14.92,6236.58,96999.07,16,64059.25,0.04419889502762431,6062.441875,0.3395890290494538,0.38996340825927855
2025-08-15,North,App,9531,726,432,44.5,17.36,8658.720000000001,149973.78,19,103558.89,0.04398148148148148,7893.356842105263,0.3094866982748584,0.3901123595505618
2025-08-15,North,Marketplace,8653,586,374,38.95,15.190000000000001,7636.26,101018.53,15,70401.51999999999,0.040106951871657755,6734.568666666667,0.3030831076239182,0.389987163029525
2025-08-15,North,Web,12155,831,528,55.14,21.5,10639.67,134776.38,23,100967.56,0.043560606060606064,5859.842608695652,0.2508512248214413,0.3899165759883932
2025-08-15,South,App,8188,610,376,39.93,15.57,6637.72,117010.12,16,78393.05,0.0425531914893617,7313.1325,0.3300318810031132,0.3899323816679189
2025-08-15,South,Marketplace,7672,554,341,34.83,13.59,6774.85,86825.32,14,57617.58,0.04105571847507331,6201.808571428572,0.33639657187557737,0.39018087855297157
2025-08-15,South,Web,10366,710,445,47.28,18.43,7512.71,118660.64,20,80185.53,0.0449438202247191,5933.032,0.3242449223263923,0.38980541455160744
2025-08-15,West,App,9891,662,436,44.91,17.52,8095.01,132694.93,19,88053.77,0.04357798165137615,6983.943684210526,0.3364194849042084,0.39011356045424184
2025-08-15,West,Marketplace,8255,529,331,34.730000000000004,13.55,6542.049999999999,69320.92,14,44845.79,0.04229607250755287,4951.494285714286,0.35306989578326425,0.3901526058162971
2025-08-15,West,Web,10752,771,491,51.379999999999995,20.03,8902.21,184233.76,21,122086.84,0.04276985743380855,8773.03619047619,0.3373264487464187,0.3898404048267809
2025-08-16,East,App,7721,562,341,36.01,14.05,6352.48,53655.28,14,61746.840000000004,0.04105571847507331,3832.52,-0.15080640712339968,0.39016939738961404
2025-08-16,East,Marketplace,7262,490,305,31.93,12.45,5921.91,54751.83,13,35846.38,0.04262295081967213,4211.679230769231,0.34529348151468187,0.3899154400250548
2025-08-16,East,Web,9743,667,417,43.58,17.0,7844.42,106182.4,18,75849.95,0.04316546762589928,5899.022222222222,0.28566363163763486,0.3900871959614502
2025-08-16,North,App,12495,818,515,52.95,20.65,9983.09,178329.18,22,130615.76,0.04271844660194175,8105.871818181818,0.26755811920404726,0.38999055712936725
2025-08-16,North,Marketplace,9747,643,397,41.55,16.21,7418.83,135066.54,17,91630.05,0.042821158690176324,7945.0905882352945,0.3215932680292247,0.39013237063778583
2025-08-16,North,Web,13203,909,569,56.71,22.119999999999997,10854.64,178859.31,24,119614.45999999999,0.0421792618629174,7452.47125,0.33123716064878034,0.39005466408040906
2025-08-16,South,App,9969,697,435,46.760000000000005,18.240000000000002,8115.43,103131.8,18,67233.29,0.041379310344827586,5729.544444444445,0.348083811200813,0.3900769888793841
2025-08-16,South,Marketplace,8526,633,378,39.71,15.48,7548.43,141537.32,16,102850.31,0.042328042328042326,8846.0825,0.27333434037044085,0.3898262402417527
2025-08-16,South,Web,11867,834,499,53.480000000000004,20.86,9635.380000000001,143593.16999999998,21,94656.03,0.04208416833667335,6837.7699999999995,0.3408040925623412,0.39005235602094235
2025-08-16,West,App,10373,714,472,49.67,19.380000000000003,8830.05,201009.38,20,132298.82,0.0423728813559322,10050.469000000001,0.34182763013347933,0.3901751560297967
2025-08-16,West,Marketplace,8386,593,374,37.64,14.68,6892.99,79151.68000000001,16,51189.67,0.0427807486631016,4946.9800000000005,0.35327121294203745,0.3900106269925611
2025-08-16,West,Web,13102,857,512,53.900000000000006,21.02,9779.98,115158.0,22,78977.02,0.04296875,5234.454545454545,0.3141855537609197,0.3899814471243042
2025-08-17,East,App,7765,534,331,34.24,13.350000000000001,5792.71,124195.24,14,87700.44,0.04229607250755287,8871.088571428572,0.2938502312971093,0.38989485981308414
2025-08-17,East,Marketplace,7164,488,303,32.519999999999996,12.68,5819.49,94829.20999999999,13,63473.04,0.0429042904290429,7294.554615384614,0.33065940336316196,0.38991389913899144
2025-08-17,East,Web,9077,597,397,42.019999999999996,16.38,7099.84,233102.79,17,162884.05000000002,0.042821158690176324,13711.928823529412,0.3012350903221707,0.38981437410756786
2025-08-17,North,App,10681,750,481,50.42,19.66,8858.67,228616.24,21,150600.35,0.04365904365904366,10886.487619047619,0.3412526161745989,0.3899246330821103
2025-08-17,North,Marketplace,9752,683,424,43.67,17.03,7698.11,187600.18,18,124315.78,0.04245283018867924,10422.232222222221,0.33733656332312684,0.389970231280055
2025-08-17,North,Web,13983,924,566,59.0,23.0,10125.58,148227.46,23,101304.79,0.04063604240282685,6444.6721739130435,0.3165585512967705,0.3898305084745763
2025-08-17,South,App,10567,715,445,49.19,19.19,8808.720000000001,139868.98,19,95488.19,0.04269662921348315,7361.525263157895,0.31730259275501976,0.3901199430778614
2025-08-17,South,Marketplace,8246,598,369,38.81,15.14,6639.38,97684.68,16,64214.0,0.04336043360433604,6105.2925,0.3426400127430422,0.39010564287554755
2025-08-17,South,Web,10818,790,462,49.239999999999995,19.200000000000003,8517.0,114522.95999999999,19,77464.36,0.04112554112554113,6027.524210526315,0.3235910074276808,0.3899268887083673
2025-08-17,West,App,11193,696,455,48.88,19.07,8302.24,133900.0,19,89061.34999999999,0.041758241758241756,7047.368421052632,0.3348666915608664,0.390139116202946
2025-08-17,West,Marketplace,9205,640,405,41.53,16.19,7053.91,221520.84,17,144581.05,0.04197530864197531,13030.637647058824,0.3473252900268887,0.3898386708403564
2025-08-17,West,Web,13488,824,555,58.77,22.92,10740.98,183365.41,24,127732.11,0.043243243243243246,7640.225416666667,0.30340127944523454,0.38999489535477283
2025-08-18,East,App,6659,505,312,31.58,12.309999999999999,5921.66,93946.91,13,61812.94,0.041666666666666664,7226.6853846153845,0.34204392672414663,0.38980367321089293
2025-08-18,East,Marketplace,5700,388,243,25.64,10.0,4405.639999999999,65594.5,10,42938.409999999996,0.0411522633744856,6559.45,0.34539618413129153,0.39001560062402496
2025-08-18,East,Web,7733,558,354,38.21,14.9,6945.950000000001,122957.83,15,91494.36,0.0423728813559322,8197.188666666667,0.25588829926487805,0.38995027479717354
2025-08-18,North,App,8813,678,437,47.36,18.47,8073.13,160649.09,18,109284.59999999999,0.041189931350114416,8924.949444444444,0.31973097388849203,0.38999155405405406
2025-08-18,North,Marketplace,8383,574,367,38.29,14.93,6421.58,129755.29999999999,15,85893.69,0.04087193460490463,8650.353333333333,0.3380332826481846,0.38991903891355445
2025-08-18,North,Web,11573,759,481,51.17,19.96,9182.22,138097.7,20,91685.98,0.04158004158004158,6904.885,0.33607887749035653,0.3900723079929646
2025-08-18,South,App,8579,633,381,40.3,15.719999999999999,6442.54,101514.59,16,66616.42,0.04199475065616798,6344.661875,0.3437749194475395,0.3900744416873449
2025-08-18,South,Marketplace,7359,500,326,33.480000000000004,13.06,6358.57,72039.24,14,47943.869999999995,0.04294478527607362,5145.660000000001,0.3344756274497067,0.39008363201911583
2025-08-18,South,Web,10000,705,443,46.36,18.08,8455.57,128523.08,19,83350.31,0.04288939051918736,6764.372631578947,0.3514759372402218,0.3899913718723037
2025-08-18,West,App,10086,654,417,44.39,17.31,8349.57,155606.13,18,100790.81999999999,0.04316546762589928,8644.785,0.35226960531696283,0.38995269204775845
2025-08-18,West,Marketplace,7428,562,338,35.370000000000005,13.79,6177.38,119561.88,14,79159.05,0.04142011834319527,8540.134285714286,0.33792401056256394,0.3898784280463669
2025-08-18,West,Web,10546,755,472,49.81,19.43,9086.71,136410.75,20,96048.53,0.0423728813559322,6820.5375,0.2958873842420777,0.3900823127885966
2025-08-19,East,App,7365,507,310,32.69,12.739999999999998,5647.8099999999995,46149.6,13,30062.879999999997,0.041935483870967745,3549.9692307692308,0.34857766914556143,0.3897216274089936
2025-08-19,East,Marketplace,5848,419,266,27.67,10.79,4870.05,131210.34,11,86784.98,0.041353383458646614,11928.212727272727,0.3385812429111913,0.3899530177087097
2025-08-19,East,Web,7955,589,367,38.230000000000004,14.91,6675.51,133474.86,16,89055.44,0.043596730245231606,8342.17875,0.33279240749906003,0.3900078472403871
2025-08-19,North,App,9854,654,417,43.76,17.07,7662.28,89093.72,17,71337.39,0.0407673860911271,5240.80705882353,0.19929945679673047,0.39008226691042047
2025-08-19,North,Marketplace,7712,564,334,35.07,13.67,5860.95,100915.0,14,66480.44,0.041916167664670656,7208.214285714285,0.3412234058365951,0.38979184488166524
2025-08-19,North,Web,12186,859,524,55.77,21.759999999999998,9563.02,189276.86,21,124191.13,0.04007633587786259,9013.183809523809,0.34386522472953107,0.390173928635467
2025-08-19,South,App,8860,593,379,40.84,15.93,6635.83,184070.98,16,122661.76999999999,0.04221635883905013,11504.43625,0.33361701013380823,0.3900587659157688
2025-08-19,South,Marketplace,7131,498,317,33.17,12.93,6017.360000000001,117902.85,13,75317.31,0.04100946372239748,9069.45,0.3611917778068979,0.3898100693397648
2025-08-19,South,Web,10886,709,452,47.39,18.48,8388.189999999999,201101.01,19,146798.68,0.0420353982300885,10584.263684210528,0.2700251480586796,0.38995568685376664
2025-08-19,West,App,9264,686,423,43.69,17.04,7642.610000000001,179060.4,17,118406.9,0.04018912529550828,10532.964705882352,0.33873207029583313,0.39002059967956054
2025-08-19,West,Marketplace,8683,545,361,37.72,14.709999999999999,6542.549999999999,106467.09,16,69379.3,0.0443213296398892,6654.193125,0.34834980462037607,0.38997879109225875
2025-08-19,West,Web,10540,726,478,50.31,19.62,8510.67,131966.87,20,87907.04000000001,0.04184100418410042,6598.3435,0.33387038731766533,0.38998211091234347
2025-08-20,East,App,7354,534,324,33.76,13.16,5915.62,109806.04000000001,13,76973.27,0.040123456790123455,8446.618461538463,0.2990069580871872,0.38981042654028436
2025-08-20,East,Marketplace,6757,426,274,28.1,10.96,5507.16,58191.59,11,38584.11,0.040145985401459854,5290.144545454546,0.3369469712032271,0.3900355871886121
2025-08-20,East,Web,9181,612,388,39.849999999999994,15.54,7343.34,107932.44,16,78498.14,0.041237113402061855,6745.7775,0.27271041032705273,0.3899623588456713
2025-08-20,North,App,10722,728,469,49.95,19.48,8490.15,153999.19,20,103069.07,0.042643923240938165,7699.9595,0.3307168044195557,0.38998998998998996
2025-08-20,North,Marketplace,8402,669,393,40.38,15.740000000000002,7461.74,146760.31,16,98671.17,0.04071246819338423,9172.519375,0.3276712893288383,0.38979692917285785
2025-08-20,North,Web,13459,919,588,58.519999999999996,22.83,12164.55,143107.71,25,96613.06,0.04251700680272109,5724.3084,0.3248926979545686,0.390123034859877
2025-08-20,South,App,9481,666,419,42.88,16.73,7187.74,86968.89,17,56691.93,0.0405727923627685,5115.81705882353,0.34813552294389405,0.39015858208955223
2025-08-20,South,Marketplace,7924,547,324,33.26,12.969999999999999,6223.07,64772.450000000004,13,48259.16,0.040123456790123455,4982.496153846154,0.25494311238806006,0.3899579073962718
2025-08-20,South,Web,11005,789,467,48.7,19.0,8588.26,285582.58,20,189744.1,0.042826552462526764,14279.129,0.3355893766349474,0.3901437371663244
2025-08-20,West,App,10277,717,462,48.739999999999995,19.0,8388.91,89336.69,19,59234.0,0.04112554112554113,4701.931052631579,0.33695774938605855,0.3898235535494461
2025-08-20,West,Marketplace,7526,570,357,37.65,14.69,6461.32,107120.73,15,72404.3,0.04201680672268908,7141.382,0.32408694376896047,0.3901726427622842
2025-08-20,West,Web,12290,865,516,53.86,21.0,9324.36,176856.36,22,116446.35,0.04263565891472868,8038.925454545454,0.3415766896932629,0.38989974006684
2025-08-21,East,App,8484,576,343,35.19,13.719999999999999,6205.360000000001,144635.48,14,97112.25,0.04081632653061224,10331.105714285715,0.32857242220235316,0.38988348962773517
2025-08-21,East,Marketplace,7097,460,291,30.380000000000003,11.850000000000001,5283.08,90427.45,12,60349.94,0.041237113402061855,7535.620833333333,0.3326148199468192,0.39005924950625415
2025-08-21,East,Web,9479,641,402,41.53,16.2,7378.9800000000005,77561.31,17,51618.13,0.04228855721393035,4562.43,0.3344860988036432,0.39007946063086923
2025-08-21,North,App,10791,658,435,45.45,17.72,8473.95,221153.76,19,144693.08,0.04367816091954023,11639.67157894737,0.34573538338213206,0.38987898789878983
2025-08-21,North,Marketplace,8840,666,409,42.64,16.630000000000003,7523.51,140208.31,18,95384.52,0.044009779951100246,7789.350555555556,0.31969424636813604,0.39000938086303943
2025-08-21,North,Web,12510,940,579,60.12,23.45,11298.29,291613.18,25,199056.51,0.04317789291882556,11664.5272,0.3173953591535197,0.39005322687957417
2025-08-21,South,App,9586,636,391,40.5,15.79,7762.93,63318.74,16,42494.31,0.04092071611253197,3957.42125,0.32888257094187284,0.3898765432098765
2025-08-21,South,Marketplace,8005,550,348,37.03,14.450000000000001,6347.0,141498.95,14,91415.40000000001,0.040229885057471264,10107.067857142858,0.3539499763072447,0.39022414258709154
2025-08-21,South,Web,10969,759,490,52.379999999999995,20.43,9842.55,110206.46,21,73077.48,0.04285714285714286,5247.926666666667,0.33690384393074607,0.3900343642611684
2025-08-21,West,App,10281,697,452,47.51,18.53,9208.76,133929.57,19,88927.40000000001,0.0420353982300885,7048.924736842106,0.3360136973485392,0.3900231530204168
2025-08-21,West,Marketplace,8400,648,386,40.45,15.780000000000001,6872.3099999999995,84812.37,16,57331.45,0.04145077720207254,5300.773125,0.3240201871495868,0.3901112484548826
2025-08-21,West,Web,12509,773,505,52.980000000000004,20.66,10193.9,123145.21,21,81234.11,0.041584158415841586,5864.0576190476195,0.34033885686662113,0.38995847489618723
2025-08-22,East,App,7236,491,312,32.81,12.79,5634.64,102135.21,13,73124.48,0.041666666666666664,7856.554615384616,0.2840423983071069,0.3898201767753733
2025-08-22,East,Marketplace,6262,420,260,28.549999999999997,11.14,4579.84,55444.0,11,42120.32,0.04230769230769231,5040.363636363636,0.24030878003030084,0.3901926444833626
2025-08-22,East,Web,8060,593,367,38.64,15.07,6647.6900000000005,105432.32,15,71638.51,0.04087193460490463,7028.821333333334,0.3205260967414926,0.3900103519668737
2025-08-22,North,App,9072,660,421,43.67,17.03,7121.77,166436.13,17,121885.14,0.040380047505938245,9790.360588235295,0.26767619506653995,0.389970231280055
2025-08-22,North,Marketplace,8381,603,376,39.78,15.51,6833.5,109072.52,16,71616.84999999999,0.0425531914893617,6817.0325,0.34340152771752236,0.389894419306184
2025-08-22,North,Web,13002,838,530,54.41,21.22,9787.84,232327.67,22,153254.25,0.04150943396226415,10560.348636363637,0.34035300229197846,0.3900018378974453
2025-08-22,South,App,8843,612,374,39.230000000000004,15.299999999999999,7282.46,73820.37000000001,16,71273.61,0.0427807486631016,4613.773125000001,0.03449942068835484,0.39000764720876874
2025-08-22,South,Marketplace,7462,496,314,32.480000000000004,12.67,6114.0,86806.47,13,58138.98,0.041401273885350316,6677.420769230769,0.3302460058564759,0.39008620689655166
2025-08-22,South,Web,10131,792,473,49.989999999999995,19.5,8595.69,167925.09,19,111816.44,0.040169133192389,8838.162631578947,0.3341290452784631,0.39007801560312066
2025-08-22,West,App,8918,661,408,43.59,17.0,7622.2300000000005,152863.44,17,103518.94,0.041666666666666664,8991.96705882353,0.3228011877791053,0.38999770589584765
2025-08-22,West,Marketplace,8401,550,345,35.82,13.969999999999999,6481.91,65749.77,14,44233.12,0.04057971014492753,4696.412142857143,0.32725057441265576,0.39000558347292014
2025-08-22,West,Web,11253,762,498,49.74,19.4,8324.58,121333.84000000001,21,81549.57,0.04216867469879518,5777.8019047619055,0.32789096594981254,0.3900281463610776
2025-08-23,East,App,8261,577,359,37.36,14.57,6361.43,126087.57,14,82883.73,0.03899721448467967,9006.255000000001,0.34264947766064496,0.38998929336188437
2025-08-23,East,Marketplace,6231,438,276,29.36,11.45,5038.0,36415.8,11,37996.11,0.03985507246376811,3310.527272727273,-0.04339627304631499,0.38998637602179836
2025-08-23,East,Web,9267,624,405,42.4,16.53,7921.3,93410.48,17,61397.47,0.04197530864197531,5494.734117647058,0.3427132587264298,0.3898584905660378
2025-08-23,North,App,9999,834,502,49.989999999999995,19.5,9143.03,189016.55,22,123094.15,0.043824701195219126,8591.661363636364,0.3487652271719064,0.39007801560312066
2025-08-23,North,Marketplace,9301,676,429,44.980000000000004,17.54,8654.53,70363.15,18,50321.0,0.04195804195804196,3909.0638888888884,0.28483872595243387,0.3899510893730546
2025-08-23,North,Web,13901,960,606,64.53,25.17,10779.24,212183.9,26,137228.93,0.0429042904290429,8160.91923076923,0.3532547474148604,0.3900511390051139
2025-08-23,South,App,9842,676,426,46.099999999999994,17.98,7393.14,118919.09,18,79864.56,0.04225352112676056,6606.6161111111105,0.3284126207154797,0.3900216919739697
2025-08-23,South,Marketplace,7830,601,364,38.239999999999995,14.91,6528.09,107744.70999999999,15,71609.85,0.04120879120879121,7182.980666666666,0.33537479473470194,0.38990585774058584
2025-08-23,South,Web,12527,806,496,53.74,20.96,8731.98,181228.66,21,123426.59,0.04233870967741935,8629.93619047619,0.3189455243999487,0.39002605135839225
2025-08-23,West,App,10626,708,443,45.379999999999995,17.689999999999998,8061.43,234804.28,19,154247.85,0.04288939051918736,12358.12,0.34307905290312424,0.3898193036579991
2025-08-23,West,Marketplace,8222,572,374,38.4,14.98,6955.639999999999,70426.47,16,65091.38,0.0427807486631016,4401.654375,0.07575404531847192,0.3901041666666667
2025-08-23,West,Web,12374,889,539,55.47,21.64,9907.65,121247.01000000001,23,91864.54,0.04267161410018553,5271.609130434783,0.24233562543109322,0.39012078601045613
2025-08-24,East,App,7859,550,345,35.81,13.96,6149.47,62983.51,15,59250.729999999996,0.043478260869565216,4198.900666666666,0.05926598882786949,0.38983524155263893
2025-08-24,East,Marketplace,6645,457,284,29.55,11.52,4744.39,84682.39,12,61212.07,0.04225352112676056,7056.865833333333,0.2771570334753188,0.3898477157360406
2025-08-24,East,Web,8973,647,387,40.72,15.88,7441.52,148255.14,16,97090.07,0.041343669250646,9265.94625,0.3451149821854406,0.3899803536345776
2025-08-24,North,App,11614,865,504,52.93,20.64,8855.15,183185.13,21,118955.57,0.041666666666666664,8723.101428571428,0.35062649462868517,0.3899489892310599
2025-08-24,North,Marketplace,10557,638,420,44.67,17.42,7544.6900000000005,85878.65,18,72530.4,0.04285714285714286,4771.036111111111,0.15543153042112332,0.38997089769420196
2025-08-24,North,Web,12891,856,550,56.88,22.189999999999998,10833.939999999999,253693.32,23,165248.69999999998,0.04181818181818182,11030.144347826088,0.34862809947065226,0.39011954992967646
2025-08-24,South,App,10766,716,448,46.83,18.259999999999998,7709.53,152876.33,19,105100.89,0.04241071428571429,8046.122631578946,0.3125103801222857,0.38992099081785175
2025-08-24,South,Marketplace,7674,555,345,36.07,14.07,5964.24,121007.83,15,79785.15,0.043478260869565216,8067.188666666667,0.3406612613415182,0.3900748544496812
2025-08-24,South,Web,10916,739,481,50.17,19.57,8806.66,187421.37,20,120712.96,0.04158004158004158,9371.0685,0.35592744840142826,0.39007374925254135
2025-08-24,West,App,11580,776,488,52.22,20.36,9850.36,191464.28,21,125892.43,0.0430327868852459,9117.346666666666,0.34247563044135443,0.38988893144389125
2025-08-24,West,Marketplace,8584,612,385,40.93,15.969999999999999,7010.91,117826.52,17,102071.11,0.04415584415584416,6930.971764705882,0.13371701039799871,0.3901783532860982
2025-08-24,West,Web,13616,915,559,59.480000000000004,23.189999999999998,11313.45,176011.43,23,118020.47,0.04114490161001789,7652.670869565217,0.32947269390402656,0.3898789509078681
2025-08-25,East,App,7485,526,324,33.379999999999995,13.02,5909.83,100993.79000000001,14,78369.2,0.043209876543209874,7213.842142857144,0.22401961546348553,0.3900539245056921
2025-08-25,East,Marketplace,5658,388,248,25.71,10.030000000000001,4393.74,38507.41,11,25208.440000000002,0.04435483870967742,3500.673636363637,0.3453613213664591,0.3901205756514975
2025-08-25,East,Web,8215,583,357,37.26,14.53,6706.360000000001,108723.94,15,75501.05,0.04201680672268908,7248.2626666666665,0.3055710637418033,0.38996242619431026
2025-08-25,North,App,11248,733,443,45.4,17.71,8768.86,162726.57,19,107597.48999999999,0.04288939051918736,8564.556315789474,0.33878351888078273,0.3900881057268723
2025-08-25,North,Marketplace,8395,618,369,37.95,14.8,7311.81,112752.02,16,75002.99,0.04336043360433604,7047.00125,0.33479692869360567,0.38998682476943347
2025-08-25,North,Web,10968,783,467,48.89,19.07,9375.86,176586.91,19,116737.52,0.04068522483940043,9294.047894736843,0.3389231398861897,0.3900593168337083
2025-08-25,South,App,8767,622,402,41.91,16.34,7244.889999999999,140430.13999999998,17,92599.67,0.04228855721393035,8260.596470588234,0.3405997458950051,0.38988308279646866
2025-08-25,South,Marketplace,7228,498,324,34.45,13.43,5662.1,79627.51,14,52865.25,0.043209876543209874,5687.6792857142855,0.3360931416793015,0.38984034833091435
2025-08-25,South,Web,10342,630,414,43.93,17.14,7871.33,124308.62,17,81834.37,0.04106280193236715,7312.271764705882,0.34168386713648663,0.39016617345777377
2025-08-25,West,App,8831,628,391,40.71,15.88,7013.450000000001,113706.52,17,74121.04000000001,0.043478260869565216,6688.618823529412,0.3481372923909728,0.39007614836649473
2025-08-25,West,Marketplace,7471,540,336,35.67,13.91,6674.96,83871.89,14,57303.37,0.041666666666666664,5990.8492857142855,0.3167750243854049,0.38996355480796185
2025-08-25,West,Web,11116,781,490,49.95,19.48,8364.59,130804.68,21,90200.54,0.04285714285714286,6228.794285714285,0.3104180981903706,0.38998998998998996
2025-08-26,East,App,7173,469,293,30.41,11.86,6105.16,52394.64,12,44368.35,0.040955631399317405,4366.22,0.15318914301157524,0.3900032883919763
2025-08-26,East,Marketplace,6174,455,271,28.84,11.239999999999998,4852.79,122314.09,11,79758.72,0.04059040590405904,11119.462727272727,0.34791878842413,0.38973647711511783
2025-08-26,East,Web,9238,609,370,39.24,15.31,7432.46,162922.08,15,131962.29,0.04054054054054054,10861.472,0.190028202438859,0.3901630988786952
2025-08-26,North,App,10488,750,462,48.620000000000005,18.96,9068.85,173720.27,19,120553.39,0.04112554112554113,9143.172105263156,0.3060487990261585,0.3899629781982723
2025-08-26,North,Marketplace,8240,576,365,38.349999999999994,14.95,7298.07,79884.28,15,52577.17,0.0410958904109589,5325.618666666666,0.34183333692185747,0.3898305084745763
2025-08-26,North,Web,12167,820,512,53.14,20.72,10030.380000000001,191158.59,21,127166.06000000001,0.041015625,9102.789999999999,0.3347614669055677,0.38991343620624763
2025-08-26,South,App,9579,605,383,38.55,15.040000000000001,7479.6,116247.34,16,76951.75,0.04177545691906005,7265.45875,0.33803431545186324,0.39014267185473417
2025-08-26,South,Marketplace,7464,529,321,34.14,13.309999999999999,6097.96,126288.81,13,88116.6,0.040498442367601244,9714.523846153847,0.3022612217186938,0.3898652606912712
2025-08-26,South,Web,10228,652,424,43.86,17.11,8064.2699999999995,136023.65,18,90960.43,0.04245283018867924,7556.8694444444445,0.33128959559605997,0.3901048791609667
2025-08-26,West,App,9562,688,415,43.260000000000005,16.88,8034.5,108866.33,18,71311.63,0.043373493975903614,6048.129444444445,0.3449615689258561,0.3901987979657882
2025-08-26,West,Marketplace,7005,512,317,33.09,12.91,6035.88,56327.07,13,38740.880000000005,0.04100946372239748,4332.851538461538,0.3122156007759678,0.390148080991236
2025-08-26,West,Web,11138,788,486,48.93,19.08,9401.189999999999,103435.73999999999,20,72233.67,0.0411522633744856,5171.786999999999,0.30165656474251545,0.38994481912936846
2025-08-27,East,App,7050,476,312,31.98,12.47,5814.950000000001,99008.51,13,65459.100000000006,0.041666666666666664,7616.03923076923,0.33885380155705797,0.3899312070043778
2025-08-27,East,Marketplace,6242,427,267,27.189999999999998,10.600000000000001,4985.01,44991.34,11,30148.87,0.04119850187265917,4090.121818181818,0.32989615334862216,0.38984920926811334
2025-08-27,East,Web,8139,536,351,37.67,14.69,6806.950000000001,67721.01,15,45134.21,0.042735042735042736,4514.7339999999995,0.3335272170335321,0.3899654897796655
2025-08-27,North,App,10419,698,438,45.34,17.689999999999998,7813.820000000001,229457.33000000002,18,151452.7,0.0410958904109589,12747.629444444445,0.3399526613510233,0.3901632112924569
2025-08-27,North,Marketplace,7940,572,354,37.72,14.709999999999999,6005.95,176533.05,15,116308.48,0.0423728813559322,11768.869999999999,0.3411518126492461,0.38997879109225875
2025-08-27,North,Web,12695,874,531,55.69,21.72,10334.2,153959.11,23,101862.75,0.04331450094161959,6693.874347826087,0.3383778978717141,0.3900161608906446
2025-08-27,South,App,9560,633,398,42.22,16.47,6883.23,145129.98,17,97782.78,0.04271356783919598,8537.057647058824,0.3262399677861184,0.3900994789199431
2025-08-27,South,Marketplace,7491,517,317,33.57,13.09,5996.299999999999,66219.98,13,53846.26,0.04100946372239748,5093.844615384615,0.18685780333971702,0.38993148644623177
2025-08-27,South,Web,10560,749,462,48.53,18.93,8012.450000000001,200546.26,19,135708.76,0.04112554112554113,10555.066315789474,0.3233044585324104,0.39006799917576757
2025-08-27,West,App,9302,652,412,43.1,16.81,7677.43,131292.87,17,93510.4,0.0412621359223301,7723.11,0.2877724433931561,0.39002320185614847
2025-08-27,West,Marketplace,9860,608,374,38.95,15.190000000000001,6677.12,115455.69,16,75616.1,0.0427807486631016,7215.980625,0.3450638942091117,0.389987163029525
2025-08-27,West,Web,10836,767,488,50.400000000000006,19.66,8845.95,178629.48,21,118797.3,0.0430327868852459,8506.165714285715,0.33495131934549666,0.390079365079365
2025-08-28,East,App,7743,526,328,34.36,13.399999999999999,6196.64,86649.44,13,56521.149999999994,0.039634146341463415,6665.341538461538,0.34770322808779847,0.38998835855646097
2025-08-28,East,Marketplace,6047,419,260,27.07,10.56,4890.04,88909.09999999999,11,57466.85,0.04230769230769231,8082.6454545454535,0.35364490249029623,0.3900997414111563
2025-08-28,East,Web,8145,607,362,37.74,14.719999999999999,6666.860000000001,189964.57,15,126211.86,0.04143646408839779,12664.304666666667,0.3356031601050659,0.3900370959194488
2025-08-28,North,App,10352,700,431,45.83,17.88,8613.400000000001,165356.97,17,109018.32,0.03944315545243619,9726.880588235294,0.3407092546507111,0.39013746454287584
2025-08-28,North,Marketplace,8362,611,362,38.83,15.14,6885.45,81391.07,15,56901.97,0.04143646408839779,5426.071333333334,0.30088190264607656,0.3899047128508885
2025-08-28,North,Web,11603,771,485,50.07,19.53,9346.07,204260.88,20,135573.75,0.041237113402061855,10213.044,0.3362715856310812,0.39005392450569204
2025-08-28,South,App,8871,609,380,39.599999999999994,15.450000000000001,7108.17,138471.14,16,92750.97,0.042105263157894736,8654.44625,0.3301783317447954,0.39015151515151525
2025-08-28,South,Marketplace,7093,554,328,34.54,13.469999999999999,6261.92,107786.2,14,72236.35,0.042682926829268296,7699.0142857142855,0.329818195650278,0.389982628836132
2025-08-28,South,Web,10565,702,457,48.17,18.79,8534.48,118499.12,19,81954.14,0.04157549234135667,6236.795789473684,0.3083987459147376,0.39007681129333605
2025-08-28,West,App,8905,633,404,43.260000000000005,16.88,7088.049999999999,113902.4,17,76035.31,0.04207920792079208,6700.141176470588,0.3324520817822978,0.3901987979657882
2025-08-28,West,Marketplace,7914,591,360,37.66,14.69,6474.23,169878.08000000002,15,111520.45999999999,0.041666666666666664,11325.205333333335,0.34352648676038733,0.39006903876792354
2025-08-28,West,Web,10804,769,489,52.04,20.29,8773.91,207497.08000000002,21,152829.75,0.04294478527607362,9880.813333333334,0.26346071954361966,0.3898923904688701
2025-08-29,East,App,8086,516,326,34.21,13.34,6511.45,93254.09,14,60780.71,0.04294478527607362,6661.006428571428,0.3482247266581015,0.3899444606840105
2025-08-29,East,Marketplace,5617,419,272,28.78,11.219999999999999,4799.860000000001,104876.0,11,71676.17,0.04044117647058824,9534.181818181818,0.3165627026202372,0.38985406532314104
2025-08-29,East,Web,8022,581,359,36.93,14.399999999999999,6991.9400000000005,128942.67,15,85144.65,0.04178272980501393,8596.178,0.3396704907692698,0.38992688870836717
2025-08-29,North,App,9505,683,426,45.4,17.71,8377.83,145884.9,18,96309.86,0.04225352112676056,8104.716666666666,0.3398229700263701,0.3900881057268723
2025-08-29,North,Marketplace,8207,564,364,38.28,14.93,6353.3099999999995,130708.93,16,91822.95999999999,0.04395604395604396,8169.308125,0.2975004844734021,0.3900208986415883
2025-08-29,North,Web,12117,826,526,55.71,21.72,10064.470000000001,173116.93,22,114541.76,0.04182509505703422,7868.951363636364,0.3383561041661263,0.38987614431879375
2025-08-29,South,App,8901,609,390,41.41,16.15,7193.879999999999,170057.36,16,120702.07,0.041025641025641026,10628.585,0.2902273091855594,0.3900024148756339
2025-08-29,South,Marketplace,7074,528,321,34.01,13.260000000000002,5566.76,124996.63,14,83367.52,0.04361370716510903,8928.330714285714,0.33304185880851345,0.3898853278447516
2025-08-29,South,Web,9636,655,421,43.84,17.1,7188.21,127955.08,18,91455.2,0.04275534441805225,7108.615555555556,0.28525541932371895,0.39005474452554745
2025-08-29,West,App,9112,638,398,41.019999999999996,16.0,7192.4,140724.41,17,94422.04000000001,0.04271356783919598,8277.906470588236,0.32902870226991887,0.3900536323744515
2025-08-29,West,Marketplace,8322,528,341,35.33,13.780000000000001,6825.889999999999,119621.70999999999,14,80940.39,0.04105571847507331,8544.407857142856,0.32336371048365714,0.39003679592414386
2025-08-29,West,Web,11638,767,486,51.53,20.1,8430.970000000001,197819.22,20,128694.98,0.0411522633744856,9890.961,0.3494313646570844,0.39006404036483605
2025-08-30,East,App,8152,567,354,36.96,14.41,6471.450000000001,142093.13,15,93464.38,0.0423728813559322,9472.875333333333,0.3422315350502871,0.3898809523809524
2025-08-30,East,Marketplace,6750,471,295,30.65,11.95,5298.69,81696.38,12,65526.35,0.04067796610169491,6808.031666666667,0.19792835374101037,0.3898858075040783
2025-08-30,East,Web,10121,674,433,45.27,17.65,7673.9,209681.9,18,140378.79,0.04157043879907621,11648.994444444445,0.33051546175420954,0.3898829246741771
2025-08-30,North,App,12397,810,498,52.97,20.66,8981.93,183484.88,21,118847.19,0.04216867469879518,8737.37523809524,0.35227801876645093,0.39003209363790825
2025-08-30,North,Marketplace,9842,650,419,42.83,16.7,8015.07,151747.48,18,99850.31,0.04295942720763723,8430.415555555555,0.3419969148746326,0.3899136119542377
2025-08-30,North,Web,12934,933,573,61.45,23.96,11206.880000000001,184724.4,24,134434.74000000002,0.041884816753926704,7696.849999999999,0.2722415663550672,0.38991049633848657
2025-08-30,South,App,9519,629,414,44.41,17.31,7476.01,138990.25,17,91867.07,0.04106280193236715,8175.89705882353,0.33903946499844406,0.389777077234857
2025-08-30,South,Marketplace,8164,602,364,39.400000000000006,15.36,6613.6900000000005,97959.02,15,64021.69,0.04120879120879121,6530.601333333334,0.3464441559337772,0.38984771573604055
2025-08-30,South,Web,10831,807,486,50.84,19.83,9948.310000000001,181292.64,20,124890.86,0.0411522633744856,9064.632000000001,0.3111090444708622,0.39004720692368205
2025-08-30,West,App,10374,705,448,47.019999999999996,18.34,8937.45,188446.18,19,124024.33,0.04241071428571429,9918.22,0.3418580838306194,0.3900467886005955
2025-08-30,West,Marketplace,8519,612,386,40.41,15.760000000000002,6720.91,109392.69,16,79201.67,0.04145077720207254,6837.043125,0.27598754542008247,0.39000247463499144
2025-08-30,West,Web,11766,838,528,53.55,20.88,9928.19,224502.04,22,145348.18,0.041666666666666664,10204.638181818182,0.35257523717824574,0.3899159663865546
2025-08-31,East,App,7315,552,338,35.22,13.739999999999998,6293.21,89963.90000000001,14,59053.18,0.04142011834319527,6425.992857142858,0.34359026231632916,0.39011925042589435
2025-08-31,East,Marketplace,6970,460,288,29.93,11.67,5215.4,104842.45999999999,12,69228.02,0.041666666666666664,8736.871666666666,0.33969481448642075,0.389909789508854
2025-08-31,East,Web,9846,688,427,43.019999999999996,16.78,7859.8099999999995,208004.64,18,151393.69,0.04215456674473068,11555.813333333334,0.2721619575409472,0.39005113900511396
2025-08-31,North,App,11319,854,515,53.64,20.92,9845.82,97906.96,21,65136.729999999996,0.040776699029126215,4662.236190476191,0.334707869593745,0.3900074571215511
2025-08-31,North,Marketplace,10298,657,412,43.0,16.77,8554.83,164443.4,18,108105.76,0.043689320388349516,9135.744444444445,0.34259593270389693,0.39
2025-08-31,North,Web,12398,867,521,56.15,21.9,9096.78,195151.7,22,125734.26999999999,0.04222648752399232,8870.531818181818,0.35571009629944306,0.390026714158504
2025-08-31,South,App,9428,666,409,42.78,16.689999999999998,7811.34,73152.11,18,53957.85,0.044009779951100246,4064.0061111111113,0.26238833028876407,0.39013557737260396
2025-08-31,South,Marketplace,7872,545,335,34.89,13.61,6576.23,73324.62,14,49042.380000000005,0.041791044776119404,5237.472857142857,0.3311608024698934,0.39008311837202636
2025-08-31,South,Web,11712,805,520,53.55,20.88,10417.41,183246.54,22,122174.12,0.04230769230769231,8329.388181818182,0.3332800717546973,0.3899159663865546
2025-08-31,West,App,10457,752,473,48.33,18.85,9001.810000000001,238178.0,20,157092.41,0.042283298097251586,11908.9,0.34044114065950676,0.3900268984067867
2025-08-31,West,Marketplace,8155,598,376,38.14,14.88,6606.21,118202.69,16,107685.29000000001,0.0425531914893617,7387.668125,0.08897767047433518,0.3901415836392239
2025-08-31,West,Web,13104,879,538,57.0,22.23,9742.73,236727.0,23,156551.08000000002,0.04275092936802974,10292.478260869566,0.33868515209502925,0.39
2025-09-01,East,App,6974,472,307,31.79,12.4,5619.59,135467.29,13,87400.20999999999,0.04234527687296417,10420.56076923077,0.35482425314627625,0.390059767222397
2025-09-01,East,Marketplace,6303,438,272,28.83,11.239999999999998,4989.24,82379.61,11,55133.74,0.04044117647058824,7489.055454545454,0.3307356031425738,0.389871661463753
2025-09-01,East,Web,9214,583,385,40.06999999999999,15.620000000000001,6808.58,115652.28,16,78707.67000000001,0.04155844155844156,7228.2675,0.319445582914578,0.3898178188170702
2025-09-01,North,App,9700,717,449,47.34,18.46,8590.279999999999,123692.66,19,83653.2,0.042316258351893093,6510.14,0.32370118000534553,0.3899450781580059
2025-09-01,North,Marketplace,8460,555,362,37.45,14.600000000000001,6658.04,127892.38,14,92318.73000000001,0.03867403314917127,9135.17,0.2781530064574605,0.38985313751668893
2025-09-01,North,Web,11823,867,524,55.1,21.48,9318.81,257074.35,22,167095.69,0.04198473282442748,11685.197727272727,0.3500102596777936,0.3898366606170599
2025-09-01,South,App,8731,688,395,40.33,15.73,7863.41,137249.19,16,90220.38,0.04050632911392405,8578.074375,0.3426527325953617,0.39003223406893134
2025-09-01,South,Marketplace,6589,526,326,33.81,13.190000000000001,5470.88,148580.4,14,97685.22,0.04294478527607362,10612.885714285714,0.3425430272095108,0.39012126589766344
2025-09-01,South,Web,10160,731,457,48.81,19.03,8688.779999999999,100437.55,19,73150.85,0.04157549234135667,5286.186842105263,0.27167827172208,0.38987912313050604
2025-09-01,West,App,9822,641,414,44.62,17.4,8152.709999999999,89634.14,17,59278.53,0.04106280193236715,5272.596470588235,0.3386612511705919,0.3899596593455849
2025-09-01,West,Marketplace,7298,544,328,34.51,13.46,6385.66,233980.76,14,155767.47,0.042682926829268296,16712.911428571428,0.3342723136722866,0.3900318748188931
2025-09-01,West,Web,10693,774,469,48.86,19.05,8870.64,233684.76,20,158043.13999999998,0.042643923240938165,11684.238000000001,0.3236908560061855,0.3898894801473598
2025-09-02,East,App,6792,517,329,34.69,13.53,5788.860000000001,178082.42,14,119133.92,0.0425531914893617,12720.172857142858,0.33101807578760445,0.39002594407610264
2025-09-02,East,Marketplace,5571,441,279,29.330000000000002,11.45,5125.74,74709.15,12,76458.35,0.043010752688172046,6225.7625,-0.0234134640803705,0.39038527105352877
2025-09-02,East,Web,8436,626,377,39.120000000000005,15.26,7104.45,104672.18000000001,16,67783.99,0.042440318302387266,6542.0112500000005,0.35241637271718235,0.390081799591002
2025-09-02,North,App,11319,750,469,50.41,19.66,8765.5,211215.23,20,139126.48,0.042643923240938165,10560.7615,0.3413046966357492,0.39000198373338624
2025-09-02,North,Marketplace,7450,550,347,37.0,14.43,6079.33,97263.23,15,66990.74,0.043227665706051875,6484.215333333333,0.31124290237945,0.39
2025-09-02,North,Web,11150,812,509,54.03,21.07,9230.83,244199.06,21,161938.98,0.0412573673870334,11628.526666666667,0.3368566611190067,0.38996853599851933
2025-09-02,South,App,8829,638,398,42.59,16.61,7301.709999999999,95178.45,17,63338.41,0.04271356783919598,5598.732352941176,0.33452992773048934,0.3899976520309931
2025-09-02,South,Marketplace,7733,548,334,35.64,13.9,6059.04,73822.85,14,48159.25,0.041916167664670656,5273.060714285714,0.3476376216848849,0.3900112233445567
2025-09-02,South,Web,10333,738,462,48.0,18.72,9162.189999999999,177055.99,19,114505.81,0.04112554112554113,9318.736315789472,0.3532790954996778,0.38999999999999996
2025-09-02,West,App,8555,626,405,41.45,16.17,7408.650000000001,166614.93,17,112247.03,0.04197530864197531,9800.878235294118,0.3263086927444017,0.39010856453558507
2025-09-02,West,Marketplace,8409,565,374,39.43,15.379999999999999,6827.24,65364.7,15,43941.61,0.040106951871657755,4357.6466666666665,0.32774708673029934,0.3900583312198833
2025-09-02,West,Web,11376,795,500,53.38,20.810000000000002,9443.91,138253.09,21,93061.49,0.042,6583.480476190476,0.32687587669830737,0.3898463844136381
2025-09-03,East,App,7102,521,327,34.58,13.48,6973.33,162009.41,13,117482.56,0.039755351681957186,12462.262307692308,0.27484113422794393,0.38982070561017934
2025-09-03,East,Marketplace,5840,398,260,27.15,10.59,4727.26,75166.76000000001,11,47646.17,0.04230769230769231,6833.341818181819,0.3661271285339425,0.39005524861878454
2025-09-03,East,Web,9097,600,371,37.79,14.740000000000002,6636.33,104673.88,16,71994.56999999999,0.0431266846361186,6542.1175,0.3122011909752463,0.3900502778512835
2025-09-03,North,App,9799,688,440,45.53,17.76,7418.5,163931.4,19,107677.47,0.04318181818181818,8627.968421052632,0.34315530764697916,0.39007247968372505
2025-09-03,North,Marketplace,9059,645,391,41.31,16.11,6809.05,118280.61,16,83950.53,0.04092071611253197,7392.538125,0.2902426695296888,0.38997821350762524
2025-09-03,North,Web,12451,874,543,56.38,21.98,8977.99,144417.29,22,93525.03,0.040515653775322284,6564.422272727273,0.3523972787468869,0.3898545583540262
2025-09-03,South,App,8372,562,357,37.76,14.719999999999999,6719.09,88177.39,15,57494.84,0.04201680672268908,5878.492666666667,0.34796391682720484,0.3898305084745763
2025-09-03,South,Marketplace,8167,583,346,36.64,14.29,6259.85,63397.05,15,41520.67,0.04335260115606936,4226.47,0.34506936836966395,0.39001091703056767
2025-09-03,South,Web,10657,693,455,47.59,18.57,8736.9,144980.28,19,99418.87,0.041758241758241756,7630.541052631579,0.3142593599626101,0.39020802689640677
2025-09-03,West,App,10141,702,429,45.1,17.59,8190.57,225291.28,18,163229.2,0.04195804195804196,12516.182222222222,0.2754748430565088,0.3900221729490022
2025-09-03,West,Marketplace,8047,579,357,38.61,15.05,6539.209999999999,103446.43000000001,15,69224.92,0.04201680672268908,6896.428666666668,0.33081383282149035,0.3897953897953898
2025-09-03,West,Web,12376,846,521,54.47,21.240000000000002,9777.61,272866.71,22,220676.87,0.04222648752399232,12403.032272727274,0.19126495863126733,0.3899394161923995
2025-09-04,East,App,6953,507,307,31.630000000000003,12.33,5686.610000000001,110160.27,13,74503.94,0.04234527687296417,8473.866923076923,0.3236768573642748,0.38981979133733796
2025-09-04,East,Marketplace,6259,428,272,29.05,11.33,4672.67,95611.6,12,62079.62,0.04411764705882353,7967.633333333334,0.35071037405503097,0.3900172117039587
2025-09-04,East,Web,8178,579,362,38.120000000000005,14.86,7073.84,70853.24,15,46960.7,0.04143646408839779,4723.549333333333,0.33721167867552715,0.38982161594963266
2025-09-04,North,App,10407,698,429,45.260000000000005,17.65,7683.03,167292.63,17,109129.46,0.039627039627039624,9840.742941176472,0.347673235814393,0.389969067609368
2025-09-04,North,Marketplace,8067,550,343,35.73,13.93,6561.72,111189.99,15,74303.26,0.043731778425655975,7412.666,0.33174506086384226,0.38986845787853347
2025-09-04,North,Web,12074,840,533,55.12,21.5,9570.71,132837.85,22,108994.03,0.04127579737335835,6038.084090909091,0.1794956783778118,0.3900580551523948
2025-09-04,South,App,8654,676,408,43.379999999999995,16.92,7891.95,156321.5,17,106545.26000000001,0.041666666666666664,9195.382352941177,0.3184222259893872,0.39004149377593367
2025-09-04,South,Marketplace,7062,550,324,33.36,13.02,6198.030000000001,213091.88,14,139978.66,0.043209876543209874,15220.848571428573,0.34310655103329135,0.3902877697841727
2025-09-04,South,Web,11050,726,454,47.64,18.58,8355.43,156269.1,18,103845.61,0.039647577092511016,8681.616666666667,0.33546932822931724,0.3900083963056255
2025-09-04,West,App,9512,645,423,45.43,17.72,7675.6,151153.27,18,98936.09,0.0425531914893617,8397.403888888888,0.3454584872692466,0.3900506273387629
2025-09-04,West,Marketplace,7890,579,347,37.0,14.43,6832.09,125848.53,14,82790.85,0.040345821325648415,8989.180714285714,0.3421389189051314,0.39
2025-09-04,West,Web,12584,810,507,52.0,20.28,9292.95,166868.26,22,110110.48,0.04339250493096647,7584.92090909091,0.340135265987672,0.39
2025-09-05,East,App,7864,550,341,35.57,13.88,5975.85,136044.48,14,89930.11,0.04105571847507331,9717.462857142858,0.33896538837885964,0.39021647455721115
2025-09-05,East,Marketplace,6272,446,283,29.4,11.47,5472.780000000001,47088.1,12,31237.16,0.04240282685512368,3924.008333333333,0.33662305338291415,0.39013605442176874
2025-09-05,East,Web,8308,591,362,38.02,14.83,6203.200000000001,86468.79,16,57047.3,0.04419889502762431,5404.299375,0.3402555997371999,0.3900578642819568
2025-09-05,North,App,11138,774,488,49.620000000000005,19.35,9168.97,102827.20999999999,20,67906.99,0.040983606557377046,5141.3605,0.33960096748710766,0.3899637243047158
2025-09-05,North,Marketplace,9535,698,424,44.14,17.21,7130.789999999999,111526.18,18,97465.73,0.04245283018867924,6195.898888888889,0.12607308884783822,0.38989578613502496
2025-09-05,North,Web,13591,908,583,60.98,23.78,10637.45,156269.03,25,118108.39,0.04288164665523156,6250.7612,0.24419835459399727,0.389963922597573
2025-09-05,South,App,9298,681,419,42.91,16.740000000000002,8080.84,140043.2,18,94041.4,0.04295942720763723,7780.177777777779,0.3284829252687743,0.39011885341412267
2025-09-05,South,Marketplace,8474,558,371,39.93,15.57,6122.85,123589.57,16,80654.18000000001,0.0431266846361186,7724.348125,0.3474030211449073,0.3899323816679189
2025-09-05,South,Web,11134,795,493,52.41,20.43,9915.26,109778.29000000001,21,71576.92,0.04259634888438134,5227.537619047619,0.34798656455661686,0.3898111047510017
2025-09-05,West,App,10343,740,462,49.45,19.29,9057.33,243921.54,20,161045.34,0.04329004329004329,12196.077000000001,0.33976581158023195,0.3900910010111223
2025-09-05,West,Marketplace,8285,573,367,38.04,14.83,6714.98,165241.04,15,108890.42,0.04087193460490463,11016.069333333335,0.3410207294749537,0.3898527865404837
2025-09-05,West,Web,13236,945,553,57.31,22.36,10167.95,240552.06,23,156636.55,0.04159132007233273,10458.785217391303,0.348845526411206,0.39015878555225963
2025-09-06,East,App,8567,572,374,40.120000000000005,15.65,7362.21,135731.5,16,90742.02,0.0427807486631016,8483.21875,0.33145938857229157,0.39007976071784645
2025-09-06,East,Marketplace,6522,493,312,33.050000000000004,12.89,5811.65,90149.84999999999,13,69828.61,0.041666666666666664,6934.603846153846,0.22541623752008452,0.3900151285930408
2025-09-06,East,Web,9912,695,445,47.98,18.71,8636.029999999999,127307.82,19,81027.87,0.04269662921348315,6700.411578947369,0.3635279435308845,0.389954147561484
2025-09-06,North,App,12043,808,517,54.9,21.41,9693.55,180035.27,22,121623.14,0.0425531914893617,8183.421363636363,0.3244482594993747,0.3899817850637523
2025-09-06,North,Marketplace,10965,758,462,47.45,18.5,8348.55,103420.01,19,69264.66,0.04112554112554113,5443.158421052632,0.33025862209837337,0.38988408851422546
2025-09-06,North,Web,13306,984,629,65.95,25.72,11948.310000000001,187407.61,27,124532.08,0.04292527821939587,6941.022592592592,0.335501477234569,0.38999241849886274
2025-09-06,South,App,10602,750,467,46.78,18.240000000000002,8546.67,203149.31,19,137737.56,0.04068522483940043,10692.068947368422,0.32198854133445004,0.3899102180418983
2025-09-06,South,Marketplace,8805,610,393,40.290000000000006,15.709999999999999,7880.46,209793.51,17,159498.96,0.043256997455470736,12340.794705882354,0.23973358375099407,0.38992305783072717
2025-09-06,South,Web,12859,933,571,61.34,23.93,10257.34,184799.09,23,123743.09,0.040280210157618214,8034.743043478261,0.33039123731615777,0.3901206390609716
2025-09-06,West,App,11200,852,509,52.41,20.439999999999998,9345.79,150869.07,22,98455.58,0.043222003929273084,6857.685,0.3474104400590525,0.39000190803281815
2025-09-06,West,Marketplace,9541,676,415,43.239999999999995,16.86,8086.12,150297.93,18,103381.31,0.043373493975903614,8349.885,0.3121574595205669,0.3899167437557817
2025-09-06,West,Web,14924,976,631,68.14,26.57,11551.119999999999,190502.11000000002,26,125095.01000000001,0.04120443740095087,7327.004230769231,0.34334055407575276,0.38993249192838275
2025-09-07,East,App,7962,562,347,35.7,13.93,7219.34,93738.48,14,62635.92,0.040345821325648415,6695.605714285714,0.33180141175747674,0.3901960784313725
2025-09-07,East,Marketplace,6948,471,305,31.93,12.45,5594.04,102999.93,13,65940.21,0.04262295081967213,7923.071538461538,0.35980335132266583,0.3899154400250548
2025-09-07,East,Web,10538,699,438,45.78,17.86,7890.3099999999995,139136.27,19,92359.16,0.04337899543378995,7322.961578947368,0.33619637783879064,0.39012669287898644
2025-09-07,North,App,10905,774,502,53.38,20.82,9682.24,185486.83,21,126723.5,0.04183266932270916,8832.70619047619,0.31680594250276417,0.39003372049456725
2025-09-07,North,Marketplace,9512,669,414,41.769999999999996,16.29,7725.19,150378.1,17,103699.58,0.04106280193236715,8845.770588235295,0.310407698993404,0.3899928178118267
2025-09-07,North,Web,13516,852,576,58.19,22.689999999999998,10962.17,178567.11,24,163766.63999999998,0.041666666666666664,7440.296249999999,0.08288463648204869,0.3899295411582746
2025-09-07,South,App,10390,740,443,45.95,17.92,7806.59,105938.01,18,73157.76,0.040632054176072234,5885.445,0.30942859885701085,0.3899891186071817
2025-09-07,South,Marketplace,8560,588,369,37.599999999999994,14.67,6996.21,144409.92,16,95163.36,0.04336043360433604,9025.62,0.3410192319198017,0.3901595744680852
2025-09-07,South,Web,11388,762,507,53.47,20.85,9620.41,260202.28,21,171087.49,0.04142011834319527,12390.584761904762,0.3424827407354002,0.38993828314942963
2025-09-07,West,App,10576,776,468,49.0,19.11,8006.76,131086.53,20,98276.54,0.042735042735042736,6554.3265,0.2502926120631922,0.39
2025-09-07,West,Marketplace,9326,593,381,39.379999999999995,15.36,6860.62,101305.45,16,66698.69,0.04199475065616798,6331.590625,0.3416080773541798,0.3900457084814627
2025-09-07,West,Web,13480,941,595,63.160000000000004,24.64,10884.83,208186.96,25,140757.06,0.04201680672268908,8327.4784,0.32389108328398664,0.3901203293223559
2025-09-08,East,App,7195,491,309,33.24,12.96,5353.84,145198.85,13,95907.63,0.042071197411003236,11169.142307692307,0.339473900791914,0.3898916967509025
2025-09-08,East,Marketplace,6010,445,270,28.259999999999998,11.02,4417.3099999999995,91876.77,11,71392.46,0.040740740740740744,8352.433636363638,0.22295418090992963,0.3899504600141543
2025-09-08,East,Web,9473,667,402,42.459999999999994,16.55,8208.83,120181.62000000001,17,79327.21,0.04228855721393035,7069.50705882353,0.3399389191125898,0.3897786151672163
2025-09-08,North,App,10770,754,466,49.29,19.22,8091.26,148386.11,20,97059.84,0.04291845493562232,7419.3054999999995,0.3458967284741139,0.38993710691823896
2025-09-08,North,Marketplace,9129,604,385,39.67,15.47,6797.98,86284.29000000001,16,63635.600000000006,0.04155844155844156,5392.7681250000005,0.26248915069011985,0.3899672296445677
2025-09-08,North,Web,11597,821,536,56.16,21.9,10390.09,183577.02,22,122526.61,0.041044776119402986,8344.41,0.33256019734931963,0.38995726495726496
2025-09-08,South,App,9676,609,393,41.45,16.16,7633.55,168931.77,16,110710.8,0.04071246819338423,10558.235625,0.3446419225939561,0.3898673100120627
2025-09-08,South,Marketplace,7951,519,329,34.45,13.43,6289.71,203100.92,14,132966.6,0.0425531914893617,14507.208571428573,0.345317588910971,0.38984034833091435
2025-09-08,South,Web,9700,690,414,42.55,16.59,7888.049999999999,159639.46,17,115786.22,0.04106280193236715,9390.556470588235,0.27470175606958325,0.38989424206815515
2025-09-08,West,App,9250,686,434,47.43000000000001,18.5,8518.36,102616.89,18,68803.96,0.041474654377880185,5700.9383333333335,0.3295064779297053,0.3900484925152856
2025-09-08,West,Marketplace,7886,572,346,36.38,14.190000000000001,6462.24,149271.25,15,137243.18,0.04335260115606936,9951.416666666666,0.08057861108552389,0.39004947773501925
2025-09-08,West,Web,10991,833,511,54.07,21.09,9721.57,217963.7,21,144244.54,0.0410958904109589,10379.22380952381,0.3382176022888215,0.3900499352690956
2025-09-09,East,App,7161,535,314,33.5,13.07,5440.4,118033.01000000001,13,77436.29,0.041401273885350316,9079.462307692309,0.3439437831840433,0.3901492537313433
2025-09-09,East,Marketplace,5959,414,265,28.41,11.08,5106.3099999999995,77397.52,11,53924.340000000004,0.04150943396226415,7036.138181818183,0.30328077695512723,0.3900035198873636
2025-09-09,East,Web,8402,631,376,39.09,15.24,6776.62,121564.11,16,81673.45,0.0425531914893617,7597.756875,0.32814504215100987,0.38986953184957784
2025-09-09,North,App,10783,721,452,46.71,18.22,8288.279999999999,116444.61,19,79193.01,0.0420353982300885,6128.663684210526,0.3199083237944634,0.39006636694497965
2025-09-09,North,Marketplace,8814,628,393,41.230000000000004,16.08,7198.91,105033.14,16,69427.24,0.04071246819338423,6564.57125,0.33899681567170126,0.3900072762551539
2025-09-09,North,Web,11451,778,505,52.07,20.31,8883.19,188462.84,21,124618.53,0.041584158415841586,8974.420952380951,0.33876338698918046,0.39005185327443825
2025-09-09,South,App,9451,595,386,40.519999999999996,15.8,7425.78,144803.93,16,105076.41,0.04145077720207254,9050.245625,0.27435387976003134,0.38993089832181643
2025-09-09,South,Marketplace,6752,509,312,31.93,12.45,5605.22,116342.75,13,78531.78,0.041666666666666664,8949.442307692309,0.3249963577446811,0.3899154400250548
2025-09-09,South,Web,10403,768,469,49.72,19.39,8500.26,123306.69,20,81103.88,0.042643923240938165,6165.3345,0.34225888311493885,0.3899839098954143
2025-09-09,West,App,9243,670,434,45.4,17.71,7921.9,117011.89,18,77212.38,0.041474654377880185,6500.660555555555,0.3401321865666813,0.3900881057268723
2025-09-09,West,Marketplace,8248,600,350,36.81,14.36,6259.0,82333.97,15,54857.86,0.04285714285714286,5488.931333333333,0.3337153546707392,0.39011138277641944
2025-09-09,West,Web,11086,747,507,51.79,20.200000000000003,9639.310000000001,140896.94,22,95069.55,0.04339250493096647,6404.4063636363635,0.3252546861557107,0.3900366866190385
2025-09-10,East,App,7193,483,304,32.1,12.52,5582.77,144876.07,13,95356.28,0.04276315789473684,11144.313076923077,0.3418079328076749,0.39003115264797505
2025-09-10,East,Marketplace,5464,417,250,27.21,10.620000000000001,4267.95,144968.84,11,95863.04000000001,0.044,13178.985454545455,0.3387334823124748,0.39029768467475195
2025-09-10,East,Web,8312,564,357,37.41,14.59,7121.5,114210.0,15,80247.68,0.04201680672268908,7614.0,0.29736730584011917,0.39000267308206366
2025-09-10,North,App,8991,721,427,44.19,17.240000000000002,7909.0,89958.48,18,61637.71,0.04215456674473068,4997.693333333333,0.31482045939415604,0.39013351436976695
2025-09-10,North,Marketplace,8279,615,372,39.7,15.48,6328.96,76749.89,16,50839.72,0.043010752688172046,4796.868125,0.337592275376551,0.38992443324937026
2025-09-10,North,Web,11212,832,526,54.34,21.189999999999998,10255.31,123423.58,22,82287.79,0.04182509505703422,5610.162727272727,0.33328955455675496,0.3899521531100478
2025-09-10,South,App,9100,624,393,41.769999999999996,16.29,7443.3099999999995,171355.21,17,114322.59,0.043256997455470736,10079.718235294116,0.3328327163206768,0.3899928178118267
2025-09-10,South,Marketplace,7064,521,312,32.86,12.809999999999999,5954.88,84111.01,13,55264.54,0.041666666666666664,6470.077692307692,0.34295712297355596,0.3898356664637857
2025-09-10,South,Web,10518,731,446,47.12,18.38,8030.3099999999995,185490.46,19,127939.38,0.042600896860986545,9762.655789473683,0.3102643661566206,0.3900679117147708
2025-09-10,West,App,10081,715,426,44.519999999999996,17.36,8059.48,191017.41999999998,18,141730.46,0.04225352112676056,10612.078888888887,0.258023378181948,0.389937106918239
2025-09-10,West,Marketplace,8416,576,354,36.76,14.33,7103.15,101591.27,15,67927.84999999999,0.0423728813559322,6772.751333333334,0.33136134630465797,0.38982589771490755
2025-09-10,West,Web,10602,803,478,50.79,19.810000000000002,8764.400000000001,149101.95,20,98696.33,0.04184100418410042,7455.097500000001,0.3380614405110061,0.39003740893876754
2025-09-11,East,App,8247,524,336,36.03,14.05,6389.42,83622.58,14,54835.67,0.041666666666666664,5973.041428571429,0.344248048792563,0.38995281709686375
2025-09-11,East,Marketplace,6400,442,284,30.28,11.809999999999999,4885.69,120533.48999999999,12,78602.14,0.04225352112676056,10044.457499999999,0.34788132327372245,0.3900264200792602
2025-09-11,East,Web,8286,593,381,40.06999999999999,15.620000000000001,6459.65,84756.7,15,60259.97,0.03937007874015748,5650.446666666667,0.2890241125480345,0.3898178188170702
2025-09-11,North,App,10422,719,455,47.71,18.599999999999998,8386.35,174872.02000000002,19,115915.13,0.041758241758241756,9203.79052631579,0.33714307183047354,0.389855376231398
2025-09-11,North,Marketplace,8221,598,381,42.0,16.38,6823.76,126941.09,16,82634.43,0.04199475065616798,7933.818125,0.3490332405370082,0.38999999999999996
2025-09-11,North,Web,11219,819,507,53.2,20.740000000000002,9469.619999999999,182308.6,21,117878.42,0.04142011834319527,8681.361904761905,0.35341272984379235,0.3898496240601504
2025-09-11,South,App,8978,641,398,42.78,16.689999999999998,7809.1,139086.89,17,94951.45,0.04271356783919598,8181.581764705883,0.3173227900918628,0.39013557737260396
2025-09-11,South,Marketplace,7026,467,308,31.85,12.42,5725.52,76109.20000000001,13,50266.03,0.04220779220779221,5854.553846153847,0.33955382529313155,0.3899529042386185
2025-09-11,South,Web,10531,724,450,46.019999999999996,17.95,9142.02,269153.27,19,176135.41,0.042222222222222223,14165.96157894737,0.3455943893975355,0.3900478053020426
2025-09-11,West,App,10045,711,433,45.93,17.91,8126.88,102268.37999999999,19,68674.47,0.04387990762124711,5382.546315789473,0.32848774958594235,0.38994121489222733
2025-09-11,West,Marketplace,7812,564,336,34.31,13.379999999999999,6168.83,73908.81999999999,14,49162.58,0.041666666666666664,5279.201428571428,0.33482120266566284,0.3899737685805887
2025-09-11,West,Web,11721,811,505,53.93,21.03,9769.66,216941.9,21,148159.73,0.041584158415841586,10330.566666666666,0.3170534138402954,0.38994993510105697
2025-09-12,East,App,7392,540,313,33.74,13.16,5773.46,73408.04000000001,13,65904.39,0.04153354632587859,5646.7723076923085,0.1022183673613954,0.3900414937759336
2025-09-12,East,Marketplace,5741,419,264,28.29,11.030000000000001,4636.74,168470.66999999998,11,110797.16,0.041666666666666664,15315.515454545453,0.34233561248376343,0.3898904206433369
2025-09-12,East,Web,9204,677,397,40.57,15.82,7593.210000000001,99921.3,17,81879.41,0.042821158690176324,5877.7235294117645,0.18056100150818694,0.38994330786295295
2025-09-12,North,App,11050,757,459,47.239999999999995,18.43,7286.380000000001,253874.24,19,169706.63,0.04139433551198257,13361.802105263158,0.3315326911466086,0.39013547840812873
2025-09-12,North,Marketplace,9045,608,384,40.480000000000004,15.79,7408.280000000001,247265.39,16,160132.99,0.041666666666666664,15454.086875,0.35238413269240804,0.39006916996047425
2025-09-12,North,Web,10836,815,517,55.14,21.5,9635.97,257447.01,21,172069.15,0.04061895551257253,12259.381428571429,0.3316327503667648,0.3899165759883932
2025-09-12,South,App,9136,627,388,41.74,16.28,6845.43,139770.89,17,91784.74,0.04381443298969072,8221.81705882353,0.34332005755991113,0.3900335409678965
2025-09-12,South,Marketplace,7616,538,322,33.14,12.93,6085.24,133555.06,14,88181.65,0.043478260869565216,9539.647142857142,0.33973561166458244,0.39016294508147253
2025-09-12,South,Web,11269,767,460,49.42,19.27,8240.81,93835.86,19,78361.93,0.041304347826086954,4938.7294736842105,0.16490422744566957,0.3899231080534196
2025-09-12,West,App,10238,681,443,47.150000000000006,18.39,9805.5,148115.26,18,98343.11,0.040632054176072234,8228.625555555556,0.3360366109474473,0.39003181336161186
2025-09-12,West,Marketplace,7998,588,348,36.17,14.1,6370.91,87009.44,14,57399.59,0.040229885057471264,6214.96,0.34030617827215076,0.3898258225048382
2025-09-12,West,Web,11569,779,493,52.400000000000006,20.43,9584.36,197114.08000000002,21,133329.36,0.04259634888438134,9386.384761904763,0.3235929163457021,0.38988549618320606
2025-09-13,East,App,8674,619,369,39.33,15.34,6492.34,130103.26,16,87645.34,0.04336043360433604,8131.45375,0.32634017010795885,0.3900330536486143
2025-09-13,East,Marketplace,7404,474,309,32.71,12.760000000000002,6006.360000000001,52557.43,13,34164.05,0.042071197411003236,4042.8792307692306,0.34996726438107795,0.39009477224090494
2025-09-13,East,Web,9002,667,409,41.83,16.310000000000002,7479.139999999999,99229.76,17,66072.59,0.04156479217603912,5837.044705882353,0.3341454216960718,0.38991154673679185
2025-09-13,North,App,9803,743,476,51.0,19.9,9120.41,129910.5,20,84641.98,0.04201680672268908,6495.525,0.34845928543112376,0.3901960784313725
2025-09-13,North,Marketplace,9376,692,423,43.97,17.15,8103.76,85061.76,18,57304.83,0.0425531914893617,4725.653333333333,0.32631502099180637,0.39003866272458493
2025-09-13,North,Web,14978,983,615,63.14,24.619999999999997,11297.31,190804.23,26,127727.79,0.04227642276422764,7338.624230769231,0.33058197923599497,0.38992714602470696
2025-09-13,South,App,9878,742,445,46.24,18.03,8599.55,108139.04999999999,19,71168.77,0.04269662921348315,5691.528947368421,0.34187724046031465,0.3899221453287197
2025-09-13,South,Marketplace,8340,547,350,37.620000000000005,14.67,6859.64,83173.22,15,54097.64,0.04285714285714286,5544.881333333334,0.3495786263895999,0.3899521531100478
2025-09-13,South,Web,10919,826,505,51.84,20.22,9576.72,186732.04,21,125202.32999999999,0.041584158415841586,8892.001904761904,0.32950804800290306,0.3900462962962962
2025-09-13,West,App,11634,781,483,49.98,19.5,8854.83,181636.59,20,125311.9,0.041407867494824016,9081.8295,0.3100955044355325,0.39015606242497003
2025-09-13,West,Marketplace,8857,612,384,39.03,15.219999999999999,7046.43,106724.05,16,73794.44,0.041666666666666664,6670.253125,0.30854910397422136,0.3899564437612093
2025-09-13,West,Web,12928,900,552,57.64,22.479999999999997,10182.05,137227.16,23,115048.94,0.041666666666666664,5966.398260869565,0.16161684028147197,0.3900069396252602
2025-09-14,East,App,7769,567,354,36.22,14.12,6595.280000000001,166777.66999999998,15,110662.90000000001,0.0423728813559322,11118.511333333332,0.33646452789513115,0.3898398674765323
2025-09-14,East,Marketplace,6803,510,307,32.5,12.67,5204.030000000001,77688.91,13,51002.05,0.04234527687296417,5976.070000000001,0.34350926020200306,0.38984615384615384
2025-09-14,East,Web,9636,711,429,45.57,17.77,8603.48,171856.23,18,112871.59999999999,0.04195804195804196,9547.568333333335,0.34322078402394846,0.38994952819837614
2025-09-14,North,App,11389,831,526,54.07,21.09,9722.599999999999,139535.76,21,92055.64,0.039923954372623575,6644.56,0.34027205642481906,0.3900499352690956
2025-09-14,North,Marketplace,9490,673,414,43.239999999999995,16.86,7398.860000000001,135827.62,17,91830.42,0.04106280193236715,7989.86,0.32391939135795794,0.3899167437557817
2025-09-14,North,Web,13701,988,578,59.35,23.14,11516.16,207004.08,24,140757.38,0.04152249134948097,8625.17,0.3200260593897472,0.3898904802021904
2025-09-14,South,App,10469,709,445,47.07,18.36,7580.36,145938.99000000002,18,96414.12999999999,0.04044943820224719,8107.721666666668,0.3393531776532099,0.390057361376673
2025-09-14,South,Marketplace,8366,569,354,36.37,14.190000000000001,7100.77,140396.09,15,90677.29000000001,0.0423728813559322,9359.739333333333,0.35413236935587017,0.3901567225735497
2025-09-14,South,Web,11189,830,491,51.36,20.03,8775.779999999999,140620.11000000002,20,93043.99,0.04073319755600815,7031.005500000001,0.3383308404466474,0.38999221183800625
2025-09-14,West,App,10478,731,476,50.58,19.729999999999997,8747.69,170482.38999999998,21,112646.52,0.04411764705882353,8118.209047619047,0.3392483528650671,0.39007512850929216
2025-09-14,West,Marketplace,9642,658,405,41.59,16.22,7083.05,200410.13999999998,18,131276.56,0.044444444444444446,11133.896666666666,0.34496048952413283,0.3899975955758595
2025-09-14,West,Web,12081,910,547,57.53,22.43,9567.69,215441.11,23,141869.55,0.04204753199268738,9367.004782608696,0.34149267054927446,0.38988353902311834
2025-09-15,East,App,7532,524,324,33.62,13.11,6175.52,140390.03,14,90437.84,0.043209876543209874,10027.859285714285,0.35581009563143484,0.3899464604402142
2025-09-15,East,Marketplace,5914,410,255,26.83,10.46,4788.66,123557.14,11,81330.79000000001,0.043137254901960784,11232.467272727272,0.34175564439254574,0.38986209467014543
2025-09-15,East,Web,8917,583,367,38.120000000000005,14.86,6730.21,129500.51999999999,16,85306.06,0.043596730245231606,8093.782499999999,0.34126859104503976,0.38982161594963266
2025-09-15,North,App,9965,717,446,45.650000000000006,17.810000000000002,8488.05,162760.95,19,110125.6,0.042600896860986545,8566.365789473684,0.323390530713909,0.3901423877327492
2025-09-15,North,Marketplace,8891,614,385,40.64,15.85,7093.110000000001,173345.9,16,116071.22,0.04155844155844156,10834.11875,0.3304068916542012,0.390009842519685
2025-09-15,North,Web,12478,829,504,51.97,20.27,9036.0,127009.09,22,84107.97,0.04365079365079365,5773.140454545454,0.33777991795705326,0.39003271117952665
2025-09-15,South,App,9241,607,378,39.95,15.579999999999998,6646.88,190002.56999999998,16,123548.44,0.042328042328042326,11875.160624999999,0.3497538480663708,0.3899874843554442
2025-09-15,South,Marketplace,7900,523,326,33.39,13.02,6078.46,127755.23999999999,14,85344.93,0.04294478527607362,9125.374285714284,0.3319653268233851,0.38993710691823896
2025-09-15,South,Web,10612,729,453,47.81,18.64,8211.529999999999,162667.45,19,106844.34,0.04194260485651214,8561.444736842106,0.3431732039814973,0.38987659485463294
2025-09-15,West,App,10214,717,433,47.8,18.64,8181.280000000001,166918.89,18,120979.43000000001,0.04157043879907621,9273.271666666667,0.27522025817449425,0.38995815899581593
2025-09-15,West,Marketplace,8354,571,352,36.769999999999996,14.34,6203.14,107612.78,15,72017.5,0.04261363636363636,7174.185333333333,0.33077186557210025,0.38999184117487085
2025-09-15,West,Web,11309,815,500,51.230000000000004,19.98,9834.89,145214.56,21,96379.18,0.042,6914.979047619047,0.3362980957281419,0.3900058559437829
2025-09-16,East,App,8210,534,328,32.86,12.809999999999999,6213.33,73153.98,14,50250.64,0.042682926829268296,5225.284285714285,0.31308399078218296,0.3898356664637857
2025-09-16,East,Marketplace,6559,436,277,28.07,10.95,5089.88,169471.15999999997,12,113648.56,0.04332129963898917,14122.596666666665,0.32939291853551944,0.3900961881011756
2025-09-16,East,Web,7959,562,359,38.32,14.95,6674.17,160800.59,15,110492.69,0.04178272980501393,10720.039333333332,0.3128589266992117,0.3901356993736952
2025-09-16,North,App,10424,757,467,49.69,19.380000000000003,8206.02,150775.64,19,99939.42,0.04068522483940043,7935.56,0.33716467726484206,0.39001811229623673
2025-09-16,North,Marketplace,8733,614,377,39.24,15.31,7501.07,133741.56,16,88494.58,0.042440318302387266,8358.8475,0.3383165262914534,0.3901630988786952
2025-09-16,North,Web,12192,874,534,55.69,21.72,9780.72,226424.3,22,151687.25,0.04119850187265917,10292.013636363636,0.33007521719179433,0.3900161608906446
2025-09-16,South,App,9543,626,409,43.45,16.95,7351.66,162658.18,17,117356.89,0.04156479217603912,9568.128235294118,0.2785060671403061,0.39010356731875717
2025-09-16,South,Marketplace,7554,538,336,35.69,13.92,5785.639999999999,86460.7,14,56411.36,0.041666666666666664,6175.7642857142855,0.3475491176916217,0.3900252171476604
2025-09-16,South,Web,9986,700,445,46.4,18.09,8186.62,83269.36,19,55902.56,0.04269662921348315,4382.597894736842,0.32865390102674025,0.3898706896551724
2025-09-16,West,App,10045,679,408,44.64,17.41,8368.31,128592.98,17,83131.05,0.041666666666666664,7564.292941176471,0.35353352881315914,0.3900089605734767
2025-09-16,West,Marketplace,7617,595,355,37.22,14.52,6943.530000000001,68315.27,15,45103.29,0.04225352112676056,4554.351333333334,0.33977732943161904,0.3901128425577646
2025-09-16,West,Web,11205,829,504,53.17,20.740000000000002,9227.95,225278.91999999998,22,146086.51,0.04365079365079365,10239.950909090909,0.3515304938429214,0.39006958811359793
2025-09-17,East,App,7681,566,333,34.71,13.53,5632.3,137041.61000000002,14,87686.5,0.042042042042042045,9788.68642857143,0.36014689261166744,0.3898012100259291
2025-09-17,East,Marketplace,5597,400,252,27.189999999999998,10.600000000000001,4639.52,67504.47,10,45061.229999999996,0.03968253968253968,6750.447,0.33247042751391137,0.38984920926811334
2025-09-17,East,Web,9307,607,381,40.17,15.67,6898.8099999999995,147806.11,16,98600.22,0.04199475065616798,9237.881875,0.3329083621779911,0.39009210853871046
2025-09-17,North,App,10372,716,469,49.43000000000001,19.28,7985.24,156534.59,20,102791.16,0.042643923240938165,7826.7294999999995,0.34333261421644884,0.39004653044709686
2025-09-17,North,Marketplace,8314,598,383,40.81,15.91,6962.34,84934.19,16,56993.780000000006,0.04177545691906005,5308.386875,0.3289654025075178,0.3898554275912766
2025-09-17,North,Web,12277,826,548,56.17,21.91,10117.91,182033.1,23,119483.26,0.041970802919708027,7914.482608695653,0.3436179464064503,0.3900658714616343
2025-09-17,South,App,8605,617,383,40.85,15.93,6976.98,171914.31,16,114248.55,0.04177545691906005,10744.644375,0.335433158531131,0.38996328029375765
2025-09-17,South,Marketplace,7681,512,329,34.28,13.36,5931.6900000000005,126976.05,14,84219.7,0.0425531914893617,9069.717857142858,0.33672767423462935,0.38973162193698946
2025-09-17,South,Web,10533,674,420,45.599999999999994,17.78,6942.83,68642.49,17,45091.6,0.04047619047619048,4037.793529411765,0.34309492560657406,0.38991228070175443
2025-09-17,West,App,9178,683,420,43.93,17.14,7493.9,277185.12,17,182279.33,0.04047619047619048,16305.007058823528,0.34239135924756714,0.39016617345777377
2025-09-17,West,Marketplace,7683,576,352,37.26,14.53,6289.950000000001,181510.93,15,119868.85999999999,0.04261363636363636,12100.728666666666,0.3396052788666777,0.38996242619431026
2025-09-17,West,Web,11738,834,500,54.129999999999995,21.11,9344.27,106596.0,21,70967.39,0.042,5076.0,0.3342396525197944,0.38998706816922224
2025-09-18,East,App,7980,531,333,34.21,13.34,6381.41,119512.38,15,80671.3,0.04504504504504504,7967.492,0.3249962890873732,0.3899444606840105
2025-09-18,East,Marketplace,6077,427,262,28.19,11.0,5146.95,108331.55,11,71713.11,0.04198473282442748,9848.322727272727,0.3380219335918299,0.3902092940759134
2025-09-18,East,Web,8602,609,377,39.04,15.219999999999999,7044.379999999999,198524.15,16,134192.07,0.042440318302387266,12407.759375,0.3240516581987632,0.38985655737704916
2025-09-18,North,App,11165,742,465,47.28,18.45,8649.52,185783.06999999998,20,121761.88,0.043010752688172046,9289.153499999999,0.3446018520417387,0.3902284263959391
2025-09-18,North,Marketplace,8612,636,390,40.34,15.740000000000002,7456.379999999999,130815.69,16,85229.62,0.041025641025641026,8175.980625,0.3484755536587393,0.39018344075359446
2025-09-18,North,Web,12246,834,519,54.0,21.07,10127.57,114078.09,21,75509.16,0.04046242774566474,5432.29,0.3380923541058585,0.3901851851851852
2025-09-18,South,App,9631,636,398,41.980000000000004,16.38,7230.95,149336.21,17,98790.19,0.04271356783919598,8784.48294117647,0.33847129239452367,0.3901858027632205
2025-09-18,South,Marketplace,8310,558,336,35.379999999999995,13.79,6231.99,146598.29,14,95243.56999999999,0.041666666666666664,10471.30642857143,0.35030913389235313,0.389768230638779
2025-09-18,South,Web,10893,735,453,47.45,18.5,8770.6,117173.0,19,102288.55,0.04194260485651214,6167.0,0.12702969114045043,0.38988408851422546
2025-09-18,West,App,10378,700,441,45.45,17.73,7966.01,109843.62,18,75295.55,0.04081632653061224,6102.423333333333,0.3145204974125943,0.39009900990099006
2025-09-18,West,Marketplace,7889,584,360,37.45,14.600000000000001,6910.17,128098.39,15,86382.51999999999,0.041666666666666664,8539.892666666667,0.3256549126027268,0.38985313751668893
2025-09-18,West,Web,11015,864,508,54.099999999999994,21.1,10041.14,125715.95999999999,21,83475.64,0.04133858267716536,5986.4742857142855,0.335998070571151,0.39001848428835495
2025-09-19,East,App,7848,526,321,34.93,13.620000000000001,6213.09,60581.240000000005,14,40306.92,0.04361370716510903,4327.231428571429,0.3346633380234542,0.3899227025479531
2025-09-19,East,Marketplace,5840,419,271,28.04,10.93,5064.0,78036.73,11,56882.56,0.04059040590405904,7094.248181818181,0.2710796569769133,0.3898002853067047
2025-09-19,East,Web,8989,600,379,40.19,15.67,7722.41,159496.21,16,106138.18,0.04221635883905013,9968.513125,0.33454105273097084,0.38989798457327696
2025-09-19,North,App,10655,754,463,47.53,18.54,8236.279999999999,127287.49,19,101826.24,0.04103671706263499,6699.341578947368,0.20002947658092715,0.39006942983378917
2025-09-19,North,Marketplace,9431,620,385,40.65,15.85,6943.72,131105.08,17,88924.38,0.04415584415584416,7712.063529411764,0.32173200306197125,0.3899138991389914
2025-09-19,North,Web,11767,846,517,52.93,20.64,9638.16,141032.32,22,98686.01,0.0425531914893617,6410.56,0.3002596142501237,0.3899489892310599
2025-09-19,South,App,9441,628,391,41.22,16.07,7268.929999999999,93545.83,16,61571.65,0.04092071611253197,5846.614375,0.34180230160980984,0.3898592916060165
2025-09-19,South,Marketplace,7700,521,345,35.96,14.02,6342.17,216733.63999999998,15,142742.91,0.043478260869565216,14448.909333333333,0.3413901506014479,0.38987764182424917
2025-09-19,South,Web,9384,692,433,47.14,18.38,8074.48,68595.39,18,50258.32,0.04157043879907621,3810.855,0.26732219176828065,0.3899024183283835
2025-09-19,West,App,9138,672,408,42.6,16.62,7417.04,97400.64,17,64485.880000000005,0.041666666666666664,5729.4494117647055,0.33793166040798084,0.39014084507042257
2025-09-19,West,Marketplace,7684,539,333,34.93,13.620000000000001,5560.38,70515.86,14,46316.67,0.042042042042042045,5036.847142857143,0.34317372006808117,0.3899227025479531
2025-09-19,West,Web,11388,786,496,50.620000000000005,19.74,9044.22,167412.08,21,108732.58,0.04233870967741935,7972.003809523809,0.3505093539247585,0.3899644409324377
2025-09-20,East,App,8621,593,377,40.260000000000005,15.709999999999999,6853.49,125390.84999999999,16,83680.72,0.042440318302387266,7836.928124999999,0.3326409383140795,0.3902136115250869
2025-09-20,East,Marketplace,7869,522,339,35.29,13.760000000000002,6608.02,74898.67,14,49453.23,0.04129793510324484,5349.905,0.33973153328356825,0.38991215641824883
2025-09-20,East,Web,10967,764,458,47.81,18.65,8575.36,136791.01,19,91575.36,0.04148471615720524,7199.526842105263,0.33054547956038927,0.3900857561179669
2025-09-20,North,App,12366,883,543,59.62,23.259999999999998,10005.74,210379.87,23,139810.47,0.0423572744014733,9146.950869565217,0.3354379865335975,0.3901375377390137
2025-09-20,North,Marketplace,10891,754,469,49.58,19.33,8996.31,107791.26,19,70841.4,0.04051172707889126,5673.224210526316,0.34279087191299185,0.3898749495764421
2025-09-20,North,Web,14116,1050,626,65.69,25.619999999999997,11059.150000000001,299881.49,27,229391.02,0.04313099041533546,11106.721851851851,0.23506109029937128,0.3900137007154818
2025-09-20,South,App,11764,822,491,51.33,20.02,8703.380000000001,105075.84,20,69758.87000000001,0.04073319755600815,5253.7919999999995,0.3361093282718462,0.3900253263198909
2025-09-20,South,Marketplace,8974,657,388,42.49,16.57,7018.59,100473.73999999999,16,68554.06,0.041237113402061855,6279.608749999999,0.31769176702290564,0.38997411155566014
2025-09-20,South,Web,13157,878,543,59.26,23.11,10212.07,219435.36,23,146908.48,0.0423572744014733,9540.667826086956,0.33051592049704287,0.3899763752953088
2025-09-20,West,App,10904,747,496,50.120000000000005,19.55,9377.1,141596.2,21,92733.09,0.04233870967741935,6742.676190476191,0.3450877212806559,0.39006384676775735
2025-09-20,West,Marketplace,10781,736,438,45.97,17.93,7385.02,132238.03,19,87831.17,0.04337899543378995,6959.896315789473,0.33581005403664893,0.39003698063954756
2025-09-20,West,Web,12783,907,581,60.95,23.77,10798.04,190813.2,24,123484.98,0.04130808950086059,7950.55,0.35284885951286393,0.3899917965545529
2025-09-21,East,App,8916,619,386,37.879999999999995,14.77,7107.1900000000005,157497.21,16,103984.31,0.04145077720207254,9843.575625,0.33977046323550747,0.3899155227032735
2025-09-21,East,Marketplace,8083,524,340,35.510000000000005,13.85,6678.66,79641.13,14,57229.990000000005,0.041176470588235294,5688.652142857143,0.28140158232310364,0.390030977189524
2025-09-21,East,Web,11081,786,490,50.93,19.86,8837.220000000001,116962.08,20,77852.79000000001,0.04081632653061224,5848.104,0.33437580795416766,0.38994698605929706
2025-09-21,North,App,13564,852,572,59.26,23.11,10894.02,208994.37,24,137868.19,0.04195804195804196,8708.09875,0.3403258183462071,0.3899763752953088
2025-09-21,North,Marketplace,10195,712,447,47.019999999999996,18.34,7941.2699999999995,161341.44,19,107142.14,0.042505592841163314,8491.654736842105,0.3359291946322036,0.3900467886005955
2025-09-21,North,Web,13031,953,598,61.57,24.009999999999998,11215.65,134386.68,25,91427.08,0.04180602006688963,5375.4672,0.31967156268761154,0.3899626441448757
2025-09-21,South,App,11097,802,484,50.26,19.6,9308.91,203348.28,20,131661.2,0.04132231404958678,10167.414,0.3525334957345102,0.3899721448467967
2025-09-21,South,Marketplace,8698,596,384,39.29,15.330000000000002,7726.97,151688.6,16,114009.02,0.041666666666666664,9480.5375,0.24840086862163668,0.39017561720539584
2025-09-21,South,Web,12762,874,552,58.480000000000004,22.810000000000002,10210.17,119817.38,23,96652.7,0.041666666666666664,5209.451304347826,0.19333322094006736,0.3900478796169631
2025-09-21,West,App,12468,812,519,53.66,20.93,10289.83,140920.24,22,92811.55,0.04238921001926782,6405.465454545454,0.34138949805932767,0.390048453224003
2025-09-21,West,Marketplace,10108,679,435,46.22,18.03,8127.29,203344.72,18,137561.65,0.041379310344827586,11296.92888888889,0.3235051787919549,0.39009086975335355
2025-09-21,West,Web,14034,1027,615,63.14,24.619999999999997,11063.45,210041.39,26,138080.0,0.04227642276422764,8078.515,0.34260575975049495,0.38992714602470696
2025-09-22,East,App,6953,517,321,33.52,13.07,5118.4,78469.95,14,55750.740000000005,0.04361370716510903,5604.996428571429,0.2895275197703069,0.38991646778042954
2025-09-22,East,Marketplace,6255,467,272,29.35,11.45,5207.07,100567.77,11,66530.0,0.04044117647058824,9142.524545454546,0.33845604809572694,0.39011925042589435
2025-09-22,East,Web,9312,615,386,41.69,16.259999999999998,7168.929999999999,141495.87,17,95576.66,0.04404145077720207,8323.286470588235,0.32452685721498437,0.39002158791076996
2025-09-22,North,App,10108,712,448,47.57,18.55,8241.84,151552.87,19,98917.25,0.04241071428571429,7976.466842105263,0.34730863229445935,0.38995165019970573
2025-09-22,North,Marketplace,8236,583,378,39.76,15.5,7501.860000000001,81367.11,15,55942.91,0.03968253968253968,5424.474,0.31246286122242756,0.3898390342052314
2025-09-22,North,Web,11507,883,543,56.45,22.02,10906.21,170611.82,23,112125.1,0.0423572744014733,7417.905217391305,0.3428057915330837,0.39007971656333035
2025-09-22,South,App,9190,635,390,41.03,16.0,7306.289999999999,162444.59,16,108545.03,0.041025641025641026,10152.786875,0.33180273962955614,0.3899585669022666
2025-09-22,South,Marketplace,6779,481,300,31.83,12.41,5487.3,93628.88,13,62284.020000000004,0.043333333333333335,7202.221538461539,0.33477768825174453,0.3898837574615143
2025-09-22,South,Web,10893,753,461,46.95,18.31,8058.21,186669.66,20,121923.29999999999,0.04338394793926247,9333.483,0.34684993801349406,0.3899893503727369
2025-09-22,West,App,9289,676,412,43.120000000000005,16.81,7509.449999999999,215007.35,17,144531.76,0.0412621359223301,12647.491176470588,0.3277822362816899,0.3898423005565862
2025-09-22,West,Marketplace,8826,559,365,38.05,14.84,7129.1900000000005,65258.99,15,42337.71,0.0410958904109589,4350.599333333334,0.35123559221495765,0.39001314060446785
2025-09-22,West,Web,11300,814,500,51.879999999999995,20.23,8649.869999999999,140607.75,21,112164.98,0.042,6695.607142857143,0.20228451134450273,0.38993831919814964
2025-09-23,East,App,7040,510,314,33.879999999999995,13.21,6026.38,114635.83,13,78381.64,0.041401273885350316,8818.14076923077,0.31625531040338783,0.3899055489964582
2025-09-23,East,Marketplace,5966,429,274,28.03,10.93,5088.58,80805.08,12,53453.58,0.043795620437956206,6733.756666666667,0.33848738222893904,0.3899393506956832
2025-09-23,East,Web,8798,611,385,40.64,15.85,7113.77,176915.01,16,114423.45,0.04155844155844156,11057.188125,0.35322927093636663,0.390009842519685
2025-09-23,North,App,10048,702,446,47.36,18.47,8166.95,195737.15,20,127195.98999999999,0.04484304932735426,9786.8575,0.3501693980933104,0.38999155405405406
2025-09-23,North,Marketplace,8358,566,362,38.86,15.16,6510.15,81432.11,15,58547.8,0.04143646408839779,5428.807333333333,0.2810231737824305,0.39011837364899643
2025-09-23,North,Web,12148,788,502,52.71,20.55,8737.55,113271.69,21,76004.19,0.04183266932270916,5393.89,0.3290098346727236,0.3898690950483779
2025-09-23,South,App,8477,616,374,39.54,15.42,7686.4,189951.44,16,125112.38,0.0427807486631016,11871.965,0.34134545123743204,0.3899848254931715
2025-09-23,South,Marketplace,7891,521,338,35.09,13.690000000000001,6660.21,129021.49,14,84218.85,0.04142011834319527,9215.820714285715,0.3472494388337943,0.39013964092333997
2025-09-23,South,Web,11680,767,479,51.620000000000005,20.119999999999997,8602.21,158621.8,19,104948.39,0.03966597077244259,8348.515789473684,0.3383734770378346,0.38977140643161556
2025-09-23,West,App,8896,655,399,43.45,16.95,7378.7699999999995,117380.71,16,83903.39,0.040100250626566414,7336.294375,0.28520290940479065,0.39010356731875717
2025-09-23,West,Marketplace,7946,549,350,37.68,14.69,6506.15,86148.75,15,59578.03,0.04285714285714286,5743.25,0.30842838694699576,0.3898619957537155
2025-09-23,West,Web,10529,683,459,48.47,18.900000000000002,9060.7,129468.28,20,85623.56,0.04357298474945534,6473.414,0.33865221658926803,0.38993191664947396
2025-09-24,East,App,7957,536,339,36.4,14.190000000000001,6645.41,113858.19,14,75863.92,0.04129793510324484,8132.727857142857,0.33369817313976274,0.3898351648351649
2025-09-24,East,Marketplace,6300,461,278,29.1,11.35,5350.67,74533.59,12,49027.1,0.04316546762589928,6211.1325,0.3422146980978643,0.39003436426116833
2025-09-24,East,Web,8305,572,355,38.07,14.84,7065.76,221301.26,15,148517.01,0.04225352112676056,14753.417333333335,0.32889216265646204,0.3898082479642763
2025-09-24,North,App,10306,733,458,48.230000000000004,18.810000000000002,8655.12,116500.73,19,77428.72,0.04148471615720524,6131.617368421053,0.33537995856334973,0.39000622019489944
2025-09-24,North,Marketplace,8043,567,374,39.120000000000005,15.26,7242.89,150462.9,16,97323.0,0.0427807486631016,9403.93125,0.3531760985598443,0.390081799591002
2025-09-24,North,Web,12360,926,554,59.36,23.15,10269.380000000001,212288.27,23,143825.78,0.04151624548736462,9229.924782608696,0.32249775270202163,0.3899932614555256
2025-09-24,South,App,7988,624,393,41.47,16.17,7439.209999999999,183363.84,16,120863.76,0.04071246819338423,11460.24,0.3408528093652489,0.3899204244031831
2025-09-24,South,Marketplace,7255,531,335,36.339999999999996,14.170000000000002,6697.860000000001,110229.63,14,71850.68,0.041791044776119404,7873.545,0.3481727190774387,0.3899284534947717
2025-09-24,South,Web,10045,693,431,44.28,17.27,8215.58,159165.41,18,108336.16,0.04176334106728538,8842.522777777778,0.31934859464754306,0.39001806684733514
2025-09-24,West,App,9845,707,419,44.28,17.27,8449.52,99107.48,18,88896.6,0.04295942720763723,5505.971111111111,0.10302834861707705,0.39001806684733514
2025-09-24,West,Marketplace,8017,536,352,36.0,14.040000000000001,6469.21,122819.65,15,81372.95,0.04261363636363636,8187.9766666666665,0.33745984457698747,0.39
2025-09-24,West,Web,12246,852,524,54.790000000000006,21.36,9348.21,154767.87,22,99906.89,0.04198473282442748,7034.903181818182,0.35447266929498994,0.3898521628034312
2025-09-25,East,App,6942,474,307,32.88,12.83,5372.88,174226.69,13,135939.67,0.04234527687296417,13402.053076923077,0.2197540457205494,0.3902068126520681
2025-09-25,East,Marketplace,6238,486,286,29.76,11.600000000000001,5399.35,84774.53,12,56742.77,0.04195804195804196,7064.544166666667,0.33066252328382123,0.3897849462365592
2025-09-25,East,Web,8824,666,393,40.290000000000006,15.709999999999999,7426.48,105679.99,17,70081.25,0.043256997455470736,6216.47,0.33685411968718015,0.38992305783072717
2025-09-25,North,App,9248,712,436,46.379999999999995,18.09,8143.429999999999,95090.24,18,62145.92,0.04128440366972477,5282.791111111112,0.34645322169762116,0.3900388098318241
2025-09-25,North,Marketplace,8740,552,357,36.730000000000004,14.33,6580.4,133925.32,15,86245.06,0.04201680672268908,8928.354666666668,0.35602125124659034,0.3901442962156275
2025-09-25,North,Web,12402,888,541,56.57000000000001,22.07,10224.43,316130.25,23,206534.37,0.04251386321626617,13744.79347826087,0.3466795094743385,0.3901361145483471
2025-09-25,South,App,8740,612,367,38.14,14.88,6450.48,72031.31999999999,15,50674.909999999996,0.04087193460490463,4802.088,0.2964878333480491,0.3901415836392239
2025-09-25,South,Marketplace,8028,574,343,34.37,13.399999999999999,6301.81,97879.63,14,64662.49,0.04081632653061224,6991.402142857143,0.339367241171631,0.3898748908932208
2025-09-25,South,Web,9295,703,433,45.05,17.57,8052.07,136262.69,18,90322.9,0.04157043879907621,7570.149444444444,0.33714137009918127,0.3900110987791343
2025-09-25,West,App,10547,714,448,45.34,17.689999999999998,8874.71,132658.33000000002,19,87756.78,0.04241071428571429,6982.017368421053,0.33847516397952554,0.3901632112924569
2025-09-25,West,Marketplace,7751,536,344,35.19,13.719999999999999,6444.5,88151.52,14,58279.89,0.040697674418604654,6296.537142857143,0.33886687376462715,0.38988348962773517
2025-09-25,West,Web,11133,779,495,52.88,20.62,9784.76,135306.36,21,92047.92,0.04242424242424243,6443.159999999999,0.3197073663056193,0.3899394856278366
2025-09-26,East,App,7335,498,322,34.15,13.309999999999999,6120.629999999999,34752.81,13,22782.84,0.040372670807453416,2673.2930769230766,0.34443171645688503,0.3897510980966325
2025-09-26,East,Marketplace,6443,426,276,29.520000000000003,11.51,5265.48,102982.52,12,68245.91,0.043478260869565216,8581.876666666667,0.33730588453263716,0.3899051490514905
2025-09-26,East,Web,9093,639,386,39.620000000000005,15.450000000000001,6615.4,116987.56999999999,16,85811.59,0.04145077720207254,7311.7231249999995,0.2664896792026708,0.3899545683997981
2025-09-26,North,App,11946,758,483,50.14,19.55,8856.88,277858.66,21,185591.43,0.043478260869565216,13231.36476190476,0.33206533854298437,0.38990825688073394
2025-09-26,North,Marketplace,8957,615,378,38.72,15.1,7232.5,106674.31,16,70011.6,0.042328042328042326,6667.144375,0.34368827883676956,0.3899793388429752
2025-09-26,North,Web,12745,843,519,53.41,20.83,9561.93,152907.55,22,103086.01,0.04238921001926782,6950.343181818182,0.3258278613449761,0.39000187230855643
2025-09-26,South,App,9990,712,424,43.31,16.89,7260.22,162186.47,18,107452.98,0.04245283018867924,9010.359444444444,0.337472601752785,0.3899792195797737
2025-09-26,South,Marketplace,7486,501,333,33.599999999999994,13.1,6454.24,84681.3,14,56435.02,0.042042042042042045,6048.664285714286,0.3335598296199988,0.38988095238095244
2025-09-26,South,Web,10974,746,479,51.59,20.119999999999997,9253.62,219629.78,20,147251.73,0.04175365344467641,10981.489,0.3295457018624705,0.3899980616398526
2025-09-26,West,App,9967,739,440,45.29,17.66,7571.92,181286.07,19,119970.27,0.04318181818181818,9541.372105263159,0.33822675950777686,0.3899315522190329
2025-09-26,West,Marketplace,9012,571,370,39.86,15.55,6300.6900000000005,130466.74,15,86482.21,0.04054054054054054,8697.782666666668,0.3371321303805092,0.390115403913698
2025-09-26,West,Web,11529,795,507,52.83,20.6,9392.64,249245.8,21,182050.91,0.04142011834319527,11868.847619047618,0.2695928677634688,0.3899299640355859
2025-09-27,East,App,8050,602,383,40.43,15.77,7115.639999999999,79811.23,16,53820.25,0.04177545691906005,4988.201875,0.32565567527276545,0.3900568884491714
2025-09-27,East,Marketplace,7160,500,309,31.07,12.120000000000001,5761.22,101345.94,13,67406.43,0.042071197411003236,7795.841538461538,0.3348877123247365,0.3900869005471516
2025-09-27,East,Web,9310,659,426,44.71,17.43,7378.28,141450.14,17,92152.48,0.03990610328638498,8320.596470588236,0.3485161626563255,0.38984567210914783
2025-09-27,North,App,12190,895,540,56.28,21.950000000000003,8903.29,258143.35,23,168569.1,0.04259259259259259,11223.623913043479,0.346994218522383,0.3900142146410804
2025-09-27,North,Marketplace,10622,724,445,45.54,17.76,8617.22,143257.93,19,100425.88,0.04269662921348315,7539.8910526315785,0.2989855430690642,0.3899868247694335
2025-09-27,North,Web,13259,839,539,57.83,22.55,9939.76,149293.04,23,101648.09,0.04267161410018553,6491.001739130435,0.31913711449642934,0.38993601936711053
2025-09-27,South,App,9416,743,439,46.019999999999996,17.95,8265.66,136923.26,18,96927.81,0.04100227790432802,7606.847777777778,0.2921012105613028,0.3900478053020426
2025-09-27,South,Marketplace,8953,591,383,40.019999999999996,15.600000000000001,6974.639999999999,100236.31999999999,16,79585.54,0.04177545691906005,6264.7699999999995,0.20602093133506896,0.38980509745127445
2025-09-27,South,Web,11048,743,484,51.84,20.22,8056.16,127365.67,20,87111.81999999999,0.04132231404958678,6368.2835,0.3160494503738724,0.3900462962962962
2025-09-27,West,App,11967,784,490,51.0,19.89,7865.86,118829.91,20,90302.75,0.04081632653061224,5941.4955,0.24006716827438482,0.39
2025-09-27,West,Marketplace,10078,662,412,41.980000000000004,16.38,7020.219999999999,145944.12,17,119181.53,0.0412621359223301,8584.948235294118,0.1833755960843095,0.3901858027632205
2025-09-27,West,Web,12769,897,581,58.33,22.740000000000002,10393.78,199859.5,25,133419.85,0.043029259896729774,7994.38,0.3324317833277877,0.3898508486199212
2025-09-28,East,App,8476,605,385,41.489999999999995,16.19,6626.24,149462.03,16,98721.28,0.04155844155844156,9341.376875,0.33948923348625737,0.39021450952036646
2025-09-28,East,Marketplace,6962,497,310,31.79,12.4,6071.83,134477.52,13,85569.04,0.041935483870967745,10344.424615384614,0.36369260825155014,0.390059767222397
2025-09-28,East,Web,10215,692,422,45.57,17.77,8731.48,227983.55000000002,18,158804.88999999998,0.04265402843601896,12665.75277777778,0.30343706815689125,0.38994952819837614
2025-09-28,North,App,11405,845,557,57.81,22.55,10551.74,189355.08000000002,23,127721.4,0.04129263913824058,8232.829565217393,0.32549261419339803,0.3900709219858156
2025-09-28,North,Marketplace,10622,752,449,46.81,18.259999999999998,7891.43,91765.58,19,59665.88,0.042316258351893093,4829.767368421053,0.3498010909972999,0.39008758812219607
2025-09-28,North,Web,12973,985,593,62.45,24.36,10384.689999999999,135958.66999999998,24,90490.13,0.04047217537942664,5664.944583333333,0.3344291320296086,0.39007205764611685
2025-09-28,South,App,10517,743,448,49.03,19.119999999999997,8375.900000000001,177894.63,19,121695.08,0.04241071428571429,9362.875263157895,0.3159148199133386,0.38996532735060163
2025-09-28,South,Marketplace,8339,583,357,36.91,14.399999999999999,6762.55,74847.48,15,48788.74,0.04201680672268908,4989.831999999999,0.34815788053251756,0.39013817393660255
2025-09-28,South,Web,11426,802,511,53.7,20.950000000000003,9262.76,178807.62,22,129535.1,0.043052837573385516,8127.619090909091,0.27556163434198155,0.39013035381750466
2025-09-28,West,App,10702,740,457,47.03,18.34,8303.22,197803.47,19,128307.61,0.04157549234135667,10410.708947368421,0.35133792142271314,0.38996385285987667
2025-09-28,West,Marketplace,9003,642,393,40.739999999999995,15.88,7982.01,121241.63,17,82803.32,0.043256997455470736,7131.860588235294,0.317038875178435,0.38978890525282284
2025-09-28,West,Web,12924,862,552,61.74,24.08,10633.599999999999,181316.0,24,122477.5,0.043478260869565216,7554.833333333333,0.3245080412098215,0.3900226757369614
2025-09-29,East,App,6955,493,309,33.050000000000004,12.89,5632.38,106369.95999999999,13,105112.16,0.042071197411003236,8182.304615384614,0.011824767067694567,0.3900151285930408
2025-09-29,East,Marketplace,6600,445,285,29.5,11.5,5389.88,54321.34,12,35677.88,0.042105263157894736,4526.778333333333,0.3432069238350895,0.3898305084745763
2025-09-29,East,Web,7652,567,361,38.650000000000006,15.07,6733.21,184563.35,15,124188.55,0.04155124653739612,12304.223333333333,0.3271223674689477,0.3899094437257438
2025-09-29,North,App,10002,729,469,50.65,19.76,9055.83,104361.31999999999,20,69794.54000000001,0.042643923240938165,5218.066,0.3312221424566112,0.39012833168805533
2025-09-29,North,Marketplace,9414,615,391,41.47,16.17,6304.93,188713.54,17,126186.99,0.043478260869565216,11100.796470588235,0.33133049170716633,0.3899204244031831
2025-09-29,North,Web,13100,853,545,57.66,22.479999999999997,10703.52,231336.19,23,152467.58,0.04220183486238532,10058.095217391305,0.34092638077941895,0.389871661463753
2025-09-29,South,App,9572,608,385,40.19,15.67,7025.29,88347.53,16,67883.22,0.04155844155844156,5521.720625,0.23163420641188268,0.38989798457327696
2025-09-29,South,Marketplace,7128,509,335,34.739999999999995,13.55,6018.1,205393.47999999998,14,133659.91,0.041791044776119404,14670.962857142857,0.34924949905907426,0.3900402993667243
2025-09-29,South,Web,10183,709,452,47.03,18.34,7932.17,88412.67,19,57368.57,0.0420353982300885,4653.298421052631,0.35112727621504924,0.38996385285987667
2025-09-29,West,App,9867,716,435,46.07,17.97,8368.2,220610.05,18,149536.04,0.041379310344827586,12256.113888888889,0.3221703181700017,0.3900586064684176
2025-09-29,West,Marketplace,7940,540,346,34.14,13.309999999999999,5994.21,66499.96,15,43404.02,0.04335260115606936,4433.330666666667,0.34730757732786616,0.3898652606912712
2025-09-29,West,Web,11666,802,503,51.480000000000004,20.07,9545.8,94318.41,20,61944.13,0.039761431411530816,4715.9205,0.3432445479095757,0.38986013986013984
2025-09-30,East,App,7300,543,326,35.35,13.79,6068.360000000001,159279.88,14,103595.08,0.04294478527607362,11377.134285714286,0.34960347785294665,0.39009900990099006
2025-09-30,East,Marketplace,6000,445,264,28.4,11.07,5152.77,144587.76,11,97166.05,0.041666666666666664,13144.34181818182,0.3279787307030692,0.38978873239436623
2025-09-30,East,Web,8853,614,378,38.87,15.16,6931.43,103686.81,16,67573.76,0.042328042328042326,6480.425625,0.34828971978210155,0.3900180087471058
2025-09-30,North,App,10874,759,461,48.36,18.86,8295.07,107118.06999999999,19,74158.04,0.04121475054229935,5637.793157894736,0.30769813160375276,0.38999172870140614
2025-09-30,North,Marketplace,9021,591,381,39.72,15.49,6780.54,199759.66,16,138698.12,0.04199475065616798,12484.97875,0.3056750296831703,0.3899798590130917
2025-09-30,North,Web,12573,829,536,55.55,21.67,8959.79,222208.83000000002,23,148423.68,0.04291044776119403,9661.25347826087,0.3320531861852655,0.39009900990099017
2025-09-30,South,App,9402,665,402,40.8,15.91,7791.620000000001,130715.34,17,86618.5,0.04228855721393035,7689.137647058823,0.3373501533943912,0.3899509803921569
2025-09-30,South,Marketplace,7793,545,338,34.82,13.58,6120.43,137049.7,14,93751.06999999999,0.04142011834319527,9789.264285714287,0.31593378168649777,0.3900057438253877
2025-09-30,South,Web,10040,688,457,47.84,18.66,8287.67,255477.84,20,164164.29,0.0437636761487965,12773.892,0.3574225850664777,0.39005016722408026
2025-09-30,West,App,9242,705,411,43.31,16.89,7550.24,110198.68000000001,17,76318.46,0.0413625304136253,6482.275294117648,0.30744669536876484,0.3899792195797737
2025-09-30,West,Marketplace,8152,595,360,38.67,15.08,6643.0,173718.79,15,121396.79,0.041666666666666664,11581.252666666667,0.3011879140995629,0.3899663822084303
2025-09-30,West,Web,12171,831,505,52.56999999999999,20.5,8931.65,201208.66,21,133881.42,0.041584158415841586,9581.364761904762,0.3346140270503267,0.3899562488111091
2025-10-01,East,App,10217,695,441,47.480000000000004,18.52,7599.9,75605.64,19,50552.53,0.04308390022675737,3979.244210526316,0.33136562298791467,0.3900589721988205
2025-10-01,East,Marketplace,7493,539,340,35.769999999999996,13.95,6267.84,85933.73999999999,14,57181.909999999996,0.041176470588235294,6138.124285714285,0.3345813879391261,0.38999161308358965
2025-10-01,East,Web,11554,730,478,50.95,19.88,8548.05,200653.30000000002,20,135911.49,0.04184100418410042,10032.665,0.3226550971252405,0.39018645731108925
2025-10-01,North,App,12702,919,559,57.980000000000004,22.61,10622.57,104921.29,23,68334.54000000001,0.04114490161001789,4561.7952173913045,0.3487066352310383,0.38996205588133837
2025-10-01,North,Marketplace,10898,714,474,48.5,18.91,7924.67,163253.28,20,107862.63,0.04219409282700422,8162.664,0.3392927235520168,0.38989690721649484
2025-10-01,North,Web,15515,986,631,67.63,26.380000000000003,11424.4,112963.48,26,74134.65,0.04120443740095087,4344.749230769231,0.3437290529647281,0.3900635812509242
2025-10-01,South,App,12550,798,506,52.81,20.6,8923.83,268024.82,21,206816.26,0.041501976284584984,12763.086666666666,0.22836899955757828,0.39007763681121
2025-10-01,South,Marketplace,8204,655,416,44.6,17.4,7337.12,135760.22,18,91260.72,0.04326923076923077,7542.234444444444,0.3277801111400674,0.390134529147982
2025-10-01,South,Web,14522,893,577,62.480000000000004,24.37,9952.95,145507.81,24,105312.65,0.0415944540727903,6062.825416666667,0.27624056743071046,0.39004481434058896
2025-10-01,West,App,11431,893,550,59.900000000000006,23.36,10231.45,188366.04,23,120713.38,0.04181818181818182,8189.8278260869565,0.35915529147398334,0.3899833055091819
2025-10-01,West,Marketplace,10357,729,453,48.269999999999996,18.83,8723.720000000001,89071.08,19,77876.93000000001,0.04194260485651214,4687.951578947369,0.1256765944681483,0.3900973689662316
2025-10-01,West,Web,13390,967,612,63.34,24.71,10666.810000000001,150753.51,25,100774.04000000001,0.04084967320261438,6030.1404,0.3315310535721523,0.3901168298073887
2025-10-02,East,App,9105,680,427,44.03,17.17,7833.95,119340.92,18,77504.89,0.04215456674473068,6630.051111111111,0.35055897004983705,0.38996138996139
2025-10-02,East,Marketplace,6983,550,329,34.9,13.61,5687.83,82589.73999999999,14,54086.7,0.0425531914893617,5899.267142857142,0.34511599140522775,0.38997134670487105
2025-10-02,East,Web,11178,755,477,49.29,19.22,8741.21,170132.66,20,120771.02,0.041928721174004195,8506.633,0.29013617961419047,0.38993710691823896
2025-10-02,North,App,13777,999,567,59.36,23.15,10371.08,129255.73,24,86566.9,0.042328042328042326,5385.6554166666665,0.3302664415728417,0.3899932614555256
2025-10-02,North,Marketplace,11921,783,503,53.5,20.86,9059.67,137259.34,21,92774.17,0.041749502982107355,6536.159047619048,0.32409575916655287,0.3899065420560748
2025-10-02,North,Web,15533,1045,653,66.14,25.79,12446.57,175336.9,27,120777.81,0.04134762633996937,6493.959259259259,0.3111671872834526,0.3899304505594194
2025-10-02,South,App,11046,879,512,55.17,21.52,9484.92,117927.34,21,78361.81,0.041015625,5615.587619047619,0.3355076948229308,0.39006706543411274
2025-10-02,South,Marketplace,8688,635,397,41.67,16.259999999999998,6625.21,118946.82,17,81581.87,0.042821158690176324,6996.871764705883,0.31413155896055067,0.39020878329733616
2025-10-02,South,Web,11924,872,557,59.449999999999996,23.189999999999998,10282.45,151438.98,23,100757.73,0.04129263913824058,6584.30347826087,0.3346644965516805,0.3900756938603869
2025-10-02,West,App,11296,816,529,53.74,20.96,9876.52,174420.32,23,124195.51000000001,0.043478260869565216,7583.492173913044,0.2879527454140664,0.39002605135839225
2025-10-02,West,Marketplace,10136,748,459,49.17,19.17,8491.880000000001,140593.22,19,91821.06999999999,0.04139433551198257,7399.643157894737,0.3469025746760762,0.38987187309334964
2025-10-02,West,Web,15053,1014,633,65.2,25.43,11693.74,188894.92,27,125923.74,0.04265402843601896,6996.108148148149,0.33336619110773336,0.39003067484662574
2025-10-03,East,App,8664,619,383,39.599999999999994,15.450000000000001,7121.1,124942.35,16,85411.3,0.04177545691906005,7808.896875,0.3163943210608733,0.39015151515151525
2025-10-03,East,Marketplace,7393,522,331,34.61,13.5,6171.67,106020.68,14,73835.93,0.04229607250755287,7572.905714285714,0.3035704920964476,0.3900606761051719
2025-10-03,East,Web,10570,771,469,49.41,19.27,8334.93,169979.18,19,108926.58,0.04051172707889126,8946.272631578948,0.359176929786342,0.3900020238818053
2025-10-03,North,App,13052,886,578,60.5,23.59,10622.17,282864.02,24,186869.69,0.04152249134948097,11786.000833333334,0.339365642897955,0.3899173553719008
2025-10-03,North,Marketplace,11022,793,484,49.86,19.45,8609.74,129101.38,20,83982.96,0.04132231404958678,6455.069,0.3494805400221128,0.39009225832330524
2025-10-03,North,Web,15324,1048,669,70.67,27.57,11794.84,161484.45,29,106603.52,0.043348281016442454,5568.429310344828,0.3398527226615318,0.3901231074005943
2025-10-03,South,App,11596,881,516,52.69,20.55,8670.83,129324.76,22,87550.81,0.04263565891472868,5878.398181818182,0.32301587105207075,0.39001708104004557
2025-10-03,South,Marketplace,9400,715,445,47.01,18.330000000000002,8509.61,130371.06999999999,19,86741.13,0.04269662921348315,6861.635263157895,0.33465967564736554,0.38991703892788776
2025-10-03,South,Web,13878,869,588,60.98,23.78,10581.99,254638.66,24,168793.14,0.04081632653061224,10609.944166666666,0.3371268133440538,0.389963922597573
2025-10-03,West,App,13240,886,572,59.62,23.259999999999998,10795.68,232750.07,24,154240.62,0.04195804195804196,9697.919583333334,0.33731225086205135,0.3901375377390137
2025-10-03,West,Marketplace,10447,703,447,45.79,17.86,8135.32,96738.31,19,63253.68,0.042505592841163314,5091.49,0.3461361894786047,0.3900414937759336
2025-10-03,West,Web,14238,983,626,65.81,25.67,11159.869999999999,219532.85,26,149940.62,0.04153354632587859,8443.571153846155,0.317001441925434,0.3900623005622246
2025-10-04,East,App,10314,740,463,47.72,18.61,9635.380000000001,136482.37,19,88785.73,0.04103671706263499,7183.282631578947,0.3494710708789714,0.38998323554065384
2025-10-04,East,Marketplace,8856,574,374,38.91,15.170000000000002,7224.24,99779.58,16,66620.2,0.0427807486631016,6236.22375,0.3323263136605707,0.3898740683628888
2025-10-04,East,Web,12700,826,530,54.03,21.07,11084.97,132653.51,23,87234.22,0.04339622641509434,5767.543913043479,0.34239041243612783,0.38996853599851933
2025-10-04,North,App,13617,1015,610,65.69,25.619999999999997,11704.52,217002.27,25,145296.24,0.040983606557377046,8680.0908,0.33043907789536026,0.3900137007154818
2025-10-04,North,Marketplace,12869,912,555,58.0,22.619999999999997,10175.779999999999,148640.51,23,100142.12,0.04144144144144144,6462.630869565218,0.3262797604771405,0.38999999999999996
2025-10-04,North,Web,16579,1111,742,82.33,32.1,13350.77,221138.89,31,148407.16,0.04177897574123989,7133.5125806451615,0.3288961520969921,0.38989432770557514
2025-10-04,South,App,13383,953,579,61.120000000000005,23.84,10995.26,141779.4,24,94159.13,0.04145077720207254,5907.474999999999,0.3358758042423652,0.3900523560209424
2025-10-04,South,Marketplace,11281,770,483,49.98,19.5,9038.400000000001,165061.97,20,106346.62000000001,0.041407867494824016,8253.0985,0.35571700737607814,0.39015606242497003
2025-10-04,South,Web,16553,1069,662,69.34,27.049999999999997,11854.63,211630.91999999998,28,139838.6,0.04229607250755287,7558.2471428571425,0.3392336053729766,0.39010672050764345
2025-10-04,West,App,12566,995,585,60.739999999999995,23.689999999999998,11039.220000000001,117540.95,25,86415.72,0.042735042735042736,4701.638,0.26480328770526357,0.3900230490615739
2025-10-04,West,Marketplace,11626,796,490,51.28,20.0,8985.09,129698.63,21,84874.19,0.04285714285714286,6176.125238095238,0.34560457577693765,0.39001560062402496
2025-10-04,West,Web,16210,1007,661,67.35,26.259999999999998,12095.34,149325.13999999998,28,102493.74,0.04236006051437216,5333.040714285714,0.3136203321155432,0.3899034892353378
2025-10-05,East,App,10124,752,447,47.47,18.509999999999998,8098.679999999999,187604.73,18,125659.4,0.040268456375838924,10422.485,0.3301906620371459,0.3899304824099431
2025-10-05,East,Marketplace,9173,567,371,39.03,15.219999999999999,6946.95,95042.44,16,62268.119999999995,0.0431266846361186,5940.1525,0.344838789913222,0.3899564437612093
2025-10-05,East,Web,12512,859,516,56.33,21.97,9411.85,251768.32,22,164285.16,0.04263565891472868,11444.014545454545,0.3474748530712681,0.3900230782886561
2025-10-05,North,App,14321,1007,655,68.84,26.85,11682.39,176972.03,27,117807.87,0.04122137404580153,6554.51962962963,0.33431362006753274,0.3900348634514817
2025-10-05,North,Marketplace,10945,812,497,51.78,20.19,8761.21,178836.47,21,116704.42,0.04225352112676056,8516.022380952381,0.34742382244516457,0.38991888760139054
2025-10-05,North,Web,16423,1066,691,72.28999999999999,28.19,12590.52,230420.11,29,174632.32,0.041968162083936326,7945.521034482758,0.2421133728301752,0.38995711716696646
2025-10-05,South,App,11528,884,531,54.510000000000005,21.259999999999998,9133.43,226770.07,22,148202.83,0.04143126177024482,10307.730454545455,0.34646212350686323,0.3900201797835259
2025-10-05,South,Marketplace,10071,707,454,47.17,18.4,8049.42,181051.84,19,126958.35,0.04185022026431718,9529.044210526316,0.2987734894050234,0.39007843968624123
2025-10-05,South,Web,14450,970,602,62.76,24.479999999999997,10657.689999999999,236231.28,25,154492.7,0.04152823920265781,9449.2512,0.34601082464608407,0.390057361376673
2025-10-05,West,App,14198,921,588,61.97,24.17,10334.119999999999,146288.26,25,98771.24,0.04251700680272109,5851.530400000001,0.32481772631652056,0.39002743262869133
2025-10-05,West,Marketplace,12199,781,477,49.72,19.39,8265.15,193308.83,21,129853.8,0.0440251572327044,9205.182380952381,0.3282572761937465,0.3899839098954143
2025-10-05,West,Web,15836,1080,712,72.74,28.36,13049.42,132778.36,29,91413.65,0.04073033707865169,4578.564137931034,0.3115320147048058,0.38988177069012925
2025-10-06,East,App,8117,555,352,36.96,14.41,6700.860000000001,98893.02,15,65396.350000000006,0.04261363636363636,6592.868,0.338716220821247,0.3898809523809524
2025-10-06,East,Marketplace,7562,508,320,33.89,13.219999999999999,5812.23,102260.17,13,69781.59,0.040625,7866.166923076923,0.3176073343120787,0.39008557096488633
2025-10-06,East,Web,10409,723,459,49.620000000000005,19.35,8044.5,191256.35,20,126692.94,0.04357298474945534,9562.817500000001,0.3375752491355189,0.3899637243047158
2025-10-06,North,App,13019,859,557,57.43000000000001,22.4,9827.91,225790.48,24,152102.49,0.04308797127468582,9407.936666666666,0.32635561074142727,0.39004004875500603
2025-10-06,North,Marketplace,10852,712,469,47.59,18.56,8681.19,194356.61,21,134095.91999999998,0.04477611940298507,9255.076666666666,0.31005217676929026,0.38999789871821805
2025-10-06,North,Web,14574,995,630,66.10000000000001,25.78,11309.5,186666.32,26,124822.47,0.04126984126984127,7179.473846153846,0.3313069545700585,0.3900151285930408
2025-10-06,South,App,10972,707,442,45.33,17.67,7875.83,133590.82,19,89035.42,0.042986425339366516,7031.095789473685,0.3335214201095555,0.3898080741230973
2025-10-06,South,Marketplace,9443,681,411,43.03,16.78,7501.33,92406.05,17,63377.56,0.0413625304136253,5435.650000000001,0.3141405784577958,0.3899604926795259
2025-10-06,South,Web,13635,876,567,61.57,24.02,10352.26,146696.91,24,102664.93,0.042328042328042326,6112.37125,0.3001561518916793,0.3901250609062855
2025-10-06,West,App,10864,824,517,53.31,20.79,8861.02,100173.91,22,68185.38,0.0425531914893617,4553.359545454546,0.31932995327825375,0.3899831176139561
2025-10-06,West,Marketplace,11516,736,454,48.28,18.83,8355.77,149157.08000000002,19,99710.03,0.04185022026431718,7850.372631578948,0.33150990888263576,0.39001657000828494
2025-10-06,West,Web,14316,945,617,64.17,25.03,11372.35,161993.1,26,109744.32,0.04213938411669368,6230.503846153846,0.3225370710233954,0.39005765934237185
2025-10-07,East,App,9538,702,421,45.55,17.76,8040.07,87512.28,18,58378.16,0.04275534441805225,4861.793333333333,0.33291464923551295,0.389901207464325
2025-10-07,East,Marketplace,7139,541,332,35.379999999999995,13.79,5820.969999999999,79988.64,14,75378.59999999999,0.04216867469879518,5713.4742857142855,0.057633683983125704,0.389768230638779
2025-10-07,East,Web,11132,814,495,51.650000000000006,20.14,8268.210000000001,288715.87,21,191448.08000000002,0.04242424242424243,13748.37476190476,0.33689796823430584,0.38993223620522743
2025-10-07,North,App,13250,942,597,60.760000000000005,23.689999999999998,11602.57,135491.16,25,101934.63,0.04187604690117253,5419.6464000000005,0.24766582557858385,0.3898946675444371
2025-10-07,North,Marketplace,11122,779,493,54.5,21.259999999999998,9638.810000000001,121824.55,21,79676.70999999999,0.04259634888438134,5801.169047619048,0.34597164528824453,0.39009174311926603
2025-10-07,North,Web,14616,1027,653,68.62,26.759999999999998,11719.79,230065.99000000002,27,160917.97,0.04134762633996937,8520.962592592594,0.30055733139870006,0.3899737685805887
2025-10-07,South,App,11602,776,504,54.230000000000004,21.15,9246.45,217237.7,22,151519.19,0.04365079365079365,9874.44090909091,0.3025188998042237,0.3900055319933616
2025-10-07,South,Marketplace,9846,662,417,42.730000000000004,16.67,6922.719999999999,88940.98,17,64213.82,0.0407673860911271,5231.822352941176,0.27801762472147257,0.3901240346360871
2025-10-07,South,Web,13458,876,596,62.4,24.33,10657.98,264300.37,26,174218.97,0.0436241610738255,10165.398846153847,0.34082964015525213,0.38990384615384616
2025-10-07,West,App,12167,836,529,56.12,21.88,9462.93,174136.26,22,114351.53,0.04158790170132325,7915.284545454546,0.34332154601230097,0.38987883107626514
2025-10-07,West,Marketplace,10198,686,453,47.14,18.38,9024.45,127213.67,19,82957.96,0.04194260485651214,6695.456315789474,0.34788486174481087,0.3899024183283835
2025-10-07,West,Web,14590,1029,633,66.36,25.88,12317.26,268222.98,27,174323.2,0.04265402843601896,9934.184444444443,0.3500810407818151,0.38999397227245325
2025-10-08,East,App,7906,588,361,37.55,14.64,6427.95,120395.98,15,79485.9,0.04155124653739612,8026.398666666666,0.3397960629582483,0.3898801597869508
2025-10-08,East,Marketplace,7112,496,302,31.43,12.260000000000002,5499.22,85021.1,13,56622.46,0.04304635761589404,6540.084615384616,0.33401873182068925,0.3900731784918868
2025-10-08,East,Web,9910,700,431,45.379999999999995,17.7,8623.33,190814.57,18,126825.0,0.04176334106728538,10600.809444444445,0.3353494966343503,0.39003966505068316
2025-10-08,North,App,12766,827,519,55.58,21.67,10132.86,192043.1,22,140666.84,0.04238921001926782,8729.23181818182,0.26752463379314334,0.3898884490824038
2025-10-08,North,Marketplace,9938,673,405,43.1,16.81,7723.92,113907.56,17,74831.61,0.04197530864197531,6700.4447058823525,0.3430496623753507,0.39002320185614847
2025-10-08,North,Web,13593,969,588,62.74,24.47,11229.91,214757.18,25,161143.55,0.04251700680272109,8590.287199999999,0.24964767184966763,0.3900223143130379
2025-10-08,South,App,10140,689,432,45.41,17.71,8074.67,154734.08,18,100879.64,0.041666666666666664,8596.337777777777,0.348045110682792,0.390002202158115
2025-10-08,South,Marketplace,9219,645,381,40.14,15.65,6113.07,81480.47,16,54466.58,0.04199475065616798,5092.529375,0.33153822014036,0.38988540109616343
2025-10-08,South,Web,11826,884,547,57.7,22.5,10427.310000000001,173224.2,23,119722.57,0.04204753199268738,7531.48695652174,0.3088577115668596,0.389948006932409
2025-10-08,West,App,11919,861,503,53.53,20.88,10032.77,106034.64,21,107764.38,0.041749502982107355,5049.268571428572,-0.01631297093100901,0.3900616476742014
2025-10-08,West,Marketplace,8290,608,366,39.03,15.219999999999999,6614.2,153395.57,15,103698.95,0.040983606557377046,10226.371333333334,0.32397689190111556,0.3899564437612093
2025-10-08,West,Web,11490,865,531,56.81,22.15,9214.17,165058.72,23,109526.45999999999,0.04331450094161959,7176.466086956521,0.33643941986221637,0.3898961450448864
2025-10-09,East,App,8403,617,366,39.17,15.28,6633.08,201986.86000000002,15,134109.61000000002,0.040983606557377046,13465.790666666668,0.33604784984528197,0.3900944600459535
2025-10-09,East,Marketplace,6819,483,297,31.520000000000003,12.29,5868.24,70806.89,12,48057.01,0.04040404040404041,5900.574166666666,0.3212947214600161,0.3899111675126903
2025-10-09,East,Web,10892,673,429,45.54,17.76,8332.210000000001,254306.16,18,166991.14,0.04195804195804196,14128.12,0.34334606759034064,0.3899868247694335
2025-10-09,North,App,12100,847,512,54.69,21.33,9106.83,154768.53,21,102497.07,0.041015625,7369.93,0.3377395908586842,0.390016456390565
2025-10-09,North,Marketplace,10553,678,407,42.78,16.689999999999998,6915.02,216835.06,17,145260.57,0.04176904176904177,12755.003529411764,0.33008725618449336,0.39013557737260396
2025-10-09,North,Web,13226,926,588,61.459999999999994,23.97,10955.28,143151.01,24,100970.61,0.04081632653061224,5964.625416666667,0.29465667060260353,0.3900097624471201
2025-10-09,South,App,10576,684,438,46.019999999999996,17.95,8068.17,91242.81,19,60994.67,0.04337899543378995,4802.253157894736,0.33151258712878307,0.3900478053020426
2025-10-09,South,Marketplace,7874,576,347,35.0,13.65,6517.76,145276.88,15,95148.05,0.043227665706051875,9685.125333333333,0.3450571763380381,0.39
2025-10-09,South,Web,10869,838,502,53.480000000000004,20.86,9486.73,148509.96,21,104484.79,0.04183266932270916,7071.902857142857,0.296445908409106,0.39005235602094235
2025-10-09,West,App,10203,731,448,45.92,17.91,8624.55,173953.62,19,117901.63,0.04241071428571429,9155.453684210526,0.3222237628627676,0.39002613240418116
2025-10-09,West,Marketplace,9621,657,410,42.980000000000004,16.76,6932.15,129763.83,17,85661.55,0.041463414634146344,7633.166470588236,0.33986573916629925,0.3899488134015821
2025-10-09,West,Web,12452,884,559,58.4,22.78,10509.52,293658.99,24,196493.27,0.04293381037567084,12235.79125,0.3308794326371551,0.390068493150685
2025-10-10,East,App,9581,622,383,41.53,16.19,6806.67,198430.80000000002,16,137590.53,0.04177545691906005,12401.925000000001,0.3066069884312315,0.3898386708403564
2025-10-10,East,Marketplace,7555,516,314,32.79,12.79,4929.74,175438.46,13,119942.65,0.041401273885350316,13495.266153846153,0.3163263631019105,0.3900579444952729
2025-10-10,East,Web,9845,641,417,44.33,17.29,8272.4,119800.88999999998,17,80156.68000000001,0.0407673860911271,7047.111176470587,0.33091749151446187,0.39002932551319647
2025-10-10,North,App,10338,817,476,51.12,19.93,8731.4,107443.91,20,72000.47,0.04201680672268908,5372.1955,0.32987853848580156,0.38986697965571204
2025-10-10,North,Marketplace,9490,657,412,42.239999999999995,16.48,7652.02,148548.97999999998,18,96194.32,0.043689320388349516,8252.72111111111,0.3524403870023206,0.3901515151515152
2025-10-10,North,Web,14693,971,617,62.26,24.28,10959.24,205787.44,26,135134.82,0.04213938411669368,7914.901538461539,0.3433281448080602,0.38997751365242533
2025-10-10,South,App,10881,705,469,48.09,18.76,9146.26,182544.18,20,124664.44,0.042643923240938165,9127.208999999999,0.31707250266757336,0.3901018922852984
2025-10-10,South,Marketplace,8753,617,381,39.36,15.350000000000001,6481.34,117746.45000000001,16,78929.29000000001,0.04199475065616798,7359.153125000001,0.32966734878206516,0.389989837398374
2025-10-10,South,Web,10932,800,486,50.519999999999996,19.71,10221.779999999999,142763.13,21,98059.72,0.043209876543209874,6798.244285714286,0.3131299376806883,0.39014251781472686
2025-10-10,West,App,11638,786,495,51.480000000000004,20.08,9680.73,89317.06,20,58005.74,0.04040404040404041,4465.853,0.35056371089688804,0.39005439005438997
2025-10-10,West,Marketplace,8583,607,402,42.69,16.65,7019.62,131888.18,17,112842.95999999999,0.04228855721393035,7758.128235294117,0.14440429764062254,0.39002108222066056
2025-10-10,West,Web,12405,798,530,52.95,20.65,9661.92,127119.91,22,83804.37,0.04150943396226415,5778.177727272728,0.340745521295602,0.38999055712936725
2025-10-11,East,App,9343,636,411,43.150000000000006,16.83,7828.02,110014.37,17,72799.87,0.0413625304136253,6471.4335294117645,0.3382694460732721,0.39003476245654684
2025-10-11,East,Marketplace,7705,532,334,34.480000000000004,13.45,5776.889999999999,99073.94,14,65354.1,0.041916167664670656,7076.71,0.3403502475020172,0.3900812064965197
2025-10-11,East,Web,10626,748,460,46.71,18.22,7882.719999999999,143375.47,19,93899.48,0.041304347826086954,7546.077368421053,0.34507988012175306,0.39006636694497965
2025-10-11,North,App,13705,930,571,60.17,23.47,10682.36,255603.80000000002,24,177168.11,0.04203152364273205,10650.158333333335,0.30686433456779605,0.390061492438092
2025-10-11,North,Marketplace,10240,771,483,48.92,19.08,9249.529999999999,303016.66,21,220888.87,0.043478260869565216,14429.36476190476,0.27103390948867295,0.39002452984464425
2025-10-11,North,Web,14693,1114,657,69.38,27.049999999999997,12036.45,252649.25,28,170197.79,0.0426179604261796,9023.1875,0.3263475351698055,0.38988181031997693
2025-10-11,South,App,10424,798,493,52.2,20.36,8534.52,165319.29,21,118767.99,0.04259634888438134,7872.347142857143,0.2815841998837522,0.3900383141762452
2025-10-11,South,Marketplace,9107,595,392,41.879999999999995,16.330000000000002,7118.24,135633.9,17,90544.89,0.04336734693877551,7978.464705882353,0.3324317150800795,0.3899235912129896
2025-10-11,South,Web,13445,876,570,59.879999999999995,23.36,10844.5,210359.43,24,137727.53,0.042105263157894736,8764.97625,0.34527522726221493,0.39011356045424184
2025-10-11,West,App,12014,831,527,54.83,21.380000000000003,10144.98,280943.86,22,189068.16,0.04174573055028463,12770.175454545453,0.3270251216737749,0.3899325186941456
2025-10-11,West,Marketplace,9795,691,424,44.239999999999995,17.259999999999998,7604.36,99782.97,18,141901.09,0.04245283018867924,5543.498333333333,-0.42209727772183964,0.39014466546112114
2025-10-11,West,Web,14812,1085,686,71.91,28.049999999999997,11868.95,145344.74,28,115405.24,0.04081632653061224,5190.8835714285715,0.20598956659869486,0.39007092198581556
2025-10-12,East,App,8388,636,379,38.28,14.93,6664.969999999999,68889.13,16,54129.49,0.04221635883905013,4305.570625,0.2142520888273666,0.3900208986415883
2025-10-12,East,Marketplace,8278,590,364,37.69,14.7,6800.030000000001,186065.72,15,121548.08,0.04120879120879121,12404.381333333333,0.3467465151560427,0.3900238790130008
2025-10-12,East,Web,10307,752,458,48.69,19.0,8565.67,126783.63,19,96883.73,0.04148471615720524,6672.822631578948,0.23583407416241361,0.390223865270076
2025-10-12,North,App,12807,931,583,60.97,23.78,11470.92,233572.47999999998,24,157608.56,0.0411663807890223,9732.186666666666,0.32522632803316553,0.39002788256519605
2025-10-12,North,Marketplace,11340,782,481,49.98,19.5,8766.23,222968.07,20,145913.04,0.04158004158004158,11148.4035,0.3455877337055481,0.39015606242497003
2025-10-12,North,Web,15416,1026,655,66.50999999999999,25.93,11967.09,188894.33,27,125903.73,0.04122137404580153,6996.086296296296,0.33347004116004964,0.38986618553600966
2025-10-12,South,App,11673,810,496,52.21,20.36,8339.849999999999,98286.47,21,65251.83,0.04233870967741935,4680.308095238095,0.336105671513078,0.389963608504118
2025-10-12,South,Marketplace,9719,639,415,44.65,17.41,6941.02,105571.48999999999,17,78115.53,0.04096385542168675,6210.087647058823,0.26006983514204446,0.3899216125419933
2025-10-12,South,Web,12611,914,567,60.08,23.43,9649.46,312780.55,24,204961.34,0.042328042328042326,13032.522916666667,0.3447120033518708,0.38998002663115844
2025-10-12,West,App,12313,870,533,55.36,21.59,10006.83,147760.45,22,98022.92,0.04127579737335835,6716.384090909091,0.3366092212090584,0.38999277456647397
2025-10-12,West,Marketplace,11703,750,477,50.07,19.52,8773.01,169112.78,20,115228.58,0.041928721174004195,8455.639,0.3186287872507329,0.38985420411424004
2025-10-12,West,Web,12869,916,586,63.239999999999995,24.66,10542.81,148758.34,24,110672.82,0.040955631399317405,6198.264166666667,0.2560227547578172,0.3899430740037951
2025-10-13,East,App,8297,555,364,38.78,15.12,6717.219999999999,135286.97,15,91236.49,0.04120879120879121,9019.131333333333,0.3256077063445208,0.3898916967509025
2025-10-13,East,Marketplace,6786,498,309,31.599999999999998,12.33,5487.5,105676.73,13,68558.36,0.042071197411003236,8128.9792307692305,0.3512444981974745,0.39018987341772154
2025-10-13,East,Web,9336,641,398,41.57,16.21,7591.04,215423.28,17,143602.94,0.04271356783919598,12671.957647058824,0.3333917299931558,0.3899446716382006
2025-10-13,North,App,10479,764,481,51.74,20.17,8881.17,226891.35,20,158130.61000000002,0.04158004158004158,11344.567500000001,0.3030558018188,0.3898337843061461
2025-10-13,North,Marketplace,9819,679,419,44.19,17.23,7485.24,110862.53,18,73220.96,0.04295942720763723,6159.029444444444,0.3395337450805064,0.3899072188277891
2025-10-13,North,Web,13138,897,562,60.260000000000005,23.5,10530.36,157050.58,23,106947.94,0.04092526690391459,6828.286086956521,0.3190223175234373,0.38997676734152004
2025-10-13,South,App,11079,772,470,48.480000000000004,18.900000000000002,9538.619999999999,217948.37,20,146016.68,0.0425531914893617,10897.4185,0.33004004572275536,0.38985148514851486
2025-10-13,South,Marketplace,8717,609,379,40.760000000000005,15.9,6890.62,82909.17,16,73777.16,0.04221635883905013,5181.823125,0.11014475238384361,0.3900883218842002
2025-10-13,South,Web,11140,838,495,52.26,20.380000000000003,8428.45,160749.35,20,110539.93000000001,0.04040404040404041,8037.467500000001,0.3123460219279269,0.3899732108687333
2025-10-13,West,App,11374,692,474,50.47,19.689999999999998,9204.43,188065.51,20,124930.65,0.04219409282700422,9403.2755,0.3357067438894033,0.39013275212997817
2025-10-13,West,Marketplace,9397,640,423,46.49,18.14,8066.45,110810.01,18,75750.59,0.0425531914893617,6156.111666666667,0.31639217431710365,0.3901914390191439
2025-10-13,West,Web,13340,871,552,57.53,22.43,9151.34,262897.67,23,175470.33,0.041666666666666664,11430.333478260869,0.33255273810528635,0.38988353902311834
2025-10-14,East,App,9221,608,383,40.19,15.67,7048.860000000001,131215.02,16,87378.24,0.04177545691906005,8200.93875,0.334083552325031,0.38989798457327696
2025-10-14,East,Marketplace,6921,500,305,31.090000000000003,12.120000000000001,5883.03,118574.76000000001,13,78925.6,0.04262295081967213,9121.135384615385,0.33438111112348023,0.38983596011579286
2025-10-14,East,Web,10114,669,427,44.36,17.31,7190.45,167575.3,18,109841.16,0.04215456674473068,9309.738888888889,0.34452655015387107,0.39021641118124434
2025-10-14,North,App,11397,831,503,52.55,20.5,9541.54,155383.16,21,101982.95,0.041749502982107355,7399.198095238095,0.3436679367313678,0.390104662226451
2025-10-14,North,Marketplace,9250,707,443,46.41,18.1,8635.31,68715.68,19,47281.84,0.04288939051918736,3616.614736842105,0.3119206562461435,0.3900021547080371
2025-10-14,North,Web,14203,941,590,62.72,24.46,10768.14,307639.09,24,205548.40000000002,0.04067796610169491,12818.295416666668,0.3318521388162993,0.3899872448979592
2025-10-14,South,App,9690,695,421,43.42,16.93,8257.83,153565.13,18,129788.47,0.04275534441805225,8531.396111111111,0.15483111302676592,0.38991248272685397
2025-10-14,South,Marketplace,9041,636,381,40.239999999999995,15.69,7322.84,111317.57,17,73634.97,0.04461942257217848,6548.092352941177,0.3385143962449055,0.3899105367793241
2025-10-14,South,Web,11473,773,500,51.76,20.19,9178.33,233955.5,21,158834.35,0.042,11140.738095238095,0.32109161785040313,0.39006955177743435
2025-10-14,West,App,11654,765,491,51.93,20.259999999999998,8994.47,125448.15,21,83771.11,0.04276985743380855,5973.721428571428,0.332225226119317,0.39014057384941264
2025-10-14,West,Marketplace,8493,619,389,41.55,16.2,7262.02,95811.22,16,71816.3,0.04113110539845758,5988.20125,0.2504395622976098,0.3898916967509025
2025-10-14,West,Web,11831,910,555,56.55,22.049999999999997,11004.119999999999,196809.82,24,134524.41,0.043243243243243246,8200.409166666666,0.3164751128780058,0.389920424403183
2025-10-15,East,App,8033,586,362,37.11,14.47,6426.719999999999,139897.82,15,93478.18,0.04143646408839779,9326.521333333334,0.33181103179449123,0.389921853947723
2025-10-15,East,Marketplace,7179,476,307,30.83,12.02,5449.610000000001,71623.65,13,47229.479999999996,0.04234527687296417,5509.511538461538,0.3405881995681594,0.3898799870256244
2025-10-15,East,Web,9636,691,419,43.019999999999996,16.78,7682.1,101335.29,17,68557.14,0.0405727923627685,5960.899411764705,0.3234623397239007,0.39005113900511396
2025-10-15,North,App,11093,809,498,50.69,19.76,9077.880000000001,167956.56,20,113637.48,0.040160642570281124,8397.828,0.3234114821118032,0.3898204774117183
2025-10-15,North,Marketplace,10776,671,429,45.57,17.77,8177.88,147393.82,18,96924.73999999999,0.04195804195804196,8188.545555555556,0.3424097428236816,0.38994952819837614
2025-10-15,North,Web,13133,972,585,61.4,23.950000000000003,11040.53,265429.49,25,174275.14,0.042735042735042736,10617.1796,0.34342208923356626,0.3900651465798046
2025-10-15,South,App,11578,729,460,48.81,19.04,9157.59,230950.09,19,153885.07,0.041304347826086954,12155.267894736842,0.3336869017890402,0.39008399918049574
2025-10-15,South,Marketplace,7747,566,348,35.29,13.760000000000002,6772.66,147994.38,15,100650.03,0.04310344827586207,9866.292,0.3199064045540108,0.38991215641824883
2025-10-15,South,Web,10659,776,484,50.129999999999995,19.55,8494.83,137438.52,20,91300.76,0.04132231404958678,6871.9259999999995,0.3356974449375619,0.38998603630560547
2025-10-15,West,App,10390,755,489,51.69,20.16,9105.59,163532.41999999998,20,108754.12999999999,0.0408997955010225,8176.620999999999,0.33496899269270275,0.3900174114915845
2025-10-15,West,Marketplace,8512,585,364,39.31,15.330000000000002,7297.549999999999,105604.86,15,78644.51,0.04120879120879121,7040.324,0.25529459534343407,0.38997710506232514
2025-10-15,West,Web,13136,974,567,58.45,22.79,10110.57,267034.88,23,174344.87,0.04056437389770723,11610.212173913043,0.3471082504278093,0.38990590248075274
2025-10-16,East,App,8907,572,353,36.69,14.31,6788.03,151282.48,15,105939.51000000001,0.042492917847025496,10085.498666666668,0.29972386756219227,0.39002452984464436
2025-10-16,East,Marketplace,6955,443,292,30.21,11.780000000000001,5309.64,130657.05,12,86957.28,0.0410958904109589,10888.0875,0.3344616306582768,0.389937106918239
2025-10-16,East,Web,10128,707,455,47.599999999999994,18.57,7970.17,90001.25,19,59883.75,0.041758241758241756,4736.9078947368425,0.3346342411910946,0.3901260504201681
2025-10-16,North,App,10117,740,476,49.93,19.48,9401.73,121393.94,19,80714.8,0.03991596638655462,6389.154736842105,0.3351002529450811,0.3901462046865612
2025-10-16,North,Marketplace,9131,665,405,42.78,16.689999999999998,7459.99,66293.82,17,44259.41,0.04197530864197531,3899.6364705882356,0.3323750237955816,0.39013557737260396
2025-10-16,North,Web,12907,877,558,60.59,23.630000000000003,10213.09,211318.83,23,172324.31,0.04121863799283154,9187.775217391303,0.18452931998535102,0.38999834956263413
2025-10-16,South,App,9093,690,427,44.69,17.43,7510.5,120018.87000000001,18,80283.29,0.04215456674473068,6667.715,0.3310777713537881,0.39002013873349745
2025-10-16,South,Marketplace,7798,562,345,35.27,13.760000000000002,6428.79,114759.95,14,74022.15,0.04057971014492753,8197.139285714286,0.35498272698794314,0.39013325772611285
2025-10-16,South,Web,13400,809,514,53.66,20.93,10010.29,160959.45,22,107747.0,0.042801556420233464,7316.338636363637,0.3305953766616375,0.390048453224003
2025-10-16,West,App,10609,731,486,51.74,20.17,8943.62,140872.09,21,95249.55,0.043209876543209874,6708.194761904761,0.32385790542328147,0.3898337843061461
2025-10-16,West,Marketplace,9365,653,405,42.480000000000004,16.57,7127.29,104464.17,17,70845.54,0.04197530864197531,6144.9511764705885,0.3218197205797931,0.3900659133709981
2025-10-16,West,Web,12798,881,528,56.17,21.91,9489.26,196774.54,23,140658.54,0.043560606060606064,8555.414782608696,0.28517917002880555,0.3900658714616343
2025-10-17,East,App,7851,512,335,34.88,13.6,6140.05,133030.97,14,88851.69,0.041791044776119404,9502.212142857143,0.3320977062709533,0.3899082568807339
2025-10-17,East,Marketplace,6946,459,298,31.9,12.43,5479.860000000001,105694.01999999999,13,71282.43,0.0436241610738255,8130.3092307692295,0.32557745461853,0.3896551724137931
2025-10-17,East,Web,9331,695,420,43.71,17.05,7744.289999999999,194133.62,17,127985.81,0.04047619047619048,11419.624705882352,0.34073340825767323,0.3900709219858156
2025-10-17,North,App,11521,807,497,54.78,21.36,9105.9,220437.41999999998,21,142792.59,0.04225352112676056,10497.019999999999,0.3522307147307385,0.3899233296823658
2025-10-17,North,Marketplace,9850,667,414,44.14,17.22,8047.5,93707.35,18,60666.83,0.043478260869565216,5205.963888888889,0.3525926194690171,0.3901223380154055
2025-10-17,North,Web,13750,979,610,64.24,25.049999999999997,11733.08,247816.71000000002,26,164209.83000000002,0.04262295081967213,9531.411923076925,0.33737385989830954,0.3899439601494396
2025-10-17,South,App,9086,702,428,44.83,17.48,7630.41,165050.85,19,108729.03,0.04439252336448598,8686.886842105263,0.34123919991929763,0.38991746598260096
2025-10-17,South,Marketplace,8226,565,357,37.34,14.57,6453.88,111802.69,15,74420.79,0.04201680672268908,7453.5126666666665,0.33435599805335636,0.39019817889662556
2025-10-17,South,Web,12169,874,531,56.14,21.9,10446.4,185512.47,22,123449.62,0.04143126177024482,8432.385,0.33454813037635694,0.3900961881011756
2025-10-17,West,App,11026,734,470,48.980000000000004,19.1,9839.91,134847.24,20,91162.81,0.0425531914893617,6742.361999999999,0.3239549433863088,0.38995508370763576
2025-10-17,West,Marketplace,9326,632,407,42.19,16.46,7837.52,158831.71,17,105156.84000000001,0.04176904176904177,9343.041764705882,0.33793547900479054,0.39013984356482584
2025-10-17,West,Web,12488,871,545,55.900000000000006,21.8,10513.150000000001,279214.52999999997,24,183406.23,0.044036697247706424,11633.93875,0.3431350796822786,0.3899821109123434
2025-10-18,East,App,9267,645,393,42.31,16.5,7355.630000000001,145369.39,17,96565.76000000001,0.043256997455470736,8551.140588235296,0.3357215023052652,0.3899787284329945
2025-10-18,East,Marketplace,7664,554,334,34.98,13.64,6116.780000000001,113979.59,14,75095.56,0.041916167664670656,8141.399285714286,0.34114906010804213,0.389937106918239
2025-10-18,East,Web,11868,797,495,52.7,20.55,9178.65,117361.94,20,75775.92,0.04040404040404041,5868.097,0.35433991633062645,0.3899430740037951
2025-10-18,North,App,12631,879,553,59.84,23.34,10100.759999999998,116342.3,23,78037.56,0.04159132007233273,5058.360869565217,0.32924172893264103,0.39004010695187163
2025-10-18,North,Marketplace,10643,736,455,47.69,18.599999999999998,7757.43,106323.38,19,70480.3,0.041758241758241756,5595.967368421053,0.33711381259700357,0.39001887188089746
2025-10-18,North,Web,13065,1071,635,65.93,25.71,12333.21,309508.24,27,200269.14,0.04251968503937008,11463.268148148149,0.35294407670697225,0.38995904747459426
2025-10-18,South,App,12130,837,529,54.5,21.259999999999998,9781.98,172122.45,22,115022.26,0.04158790170132325,7823.747727272727,0.3317416757662932,0.39009174311926603
2025-10-18,South,Marketplace,8978,678,420,43.07,16.79,7784.290000000001,177642.71000000002,18,116330.64,0.04285714285714286,9869.039444444446,0.3451426180111754,0.38983050847457623
2025-10-18,South,Web,13260,909,565,57.269999999999996,22.33,10466.74,155550.67,23,102736.73999999999,0.04070796460176991,6763.072608695653,0.33952878505762796,0.3899074559105989
2025-10-18,West,App,12495,848,521,56.57000000000001,22.07,9460.599999999999,159190.26,22,104848.94,0.04222648752399232,7235.92090909091,0.34136083451336785,0.3901361145483471
2025-10-18,West,Marketplace,10783,708,453,49.379999999999995,19.259999999999998,8313.310000000001,168933.96,19,108838.27,0.04194260485651214,8891.261052631578,0.35573480903425214,0.39003645200486026
2025-10-18,West,Web,12326,931,570,59.739999999999995,23.299999999999997,10558.46,233213.25,24,155136.31,0.042105263157894736,9717.21875,0.33478775326873583,0.3900234348844995
2025-10-19,East,App,9183,657,414,42.5,16.58,7512.09,197296.19,18,167265.58000000002,0.043478260869565216,10960.899444444445,0.15221079535291576,0.3901176470588235
2025-10-19,East,Marketplace,7781,550,347,35.53,13.86,6819.67,108159.59,15,74108.19,0.043227665706051875,7210.6393333333335,0.31482552772250705,0.3900928792569659
2025-10-19,East,Web,10933,774,481,51.44,20.07,9249.4,294134.61,20,191384.43,0.04158004158004158,14706.7305,0.349330464714778,0.3901632970451011
2025-10-19,North,App,12614,919,564,59.650000000000006,23.259999999999998,10690.71,134447.66,23,98658.17,0.040780141843971635,5845.550434782609,0.26619645146668974,0.3899413243922883
2025-10-19,North,Marketplace,11289,742,467,48.620000000000005,18.96,8472.29,139117.02,20,90567.4,0.042826552462526764,6955.851,0.3489840423551338,0.3899629781982723
2025-10-19,North,Web,13565,1019,629,65.96,25.72,11954.73,209001.79,27,140455.86,0.04292527821939587,7740.807037037037,0.3279681480239955,0.3899332929047908
2025-10-19,South,App,11035,814,488,50.730000000000004,19.78,8658.07,198760.16999999998,21,169353.79,0.0430327868852459,9464.769999999999,0.1479490584054138,0.3899073526512911
2025-10-19,South,Marketplace,9447,658,416,44.120000000000005,17.21,8183.0,145602.58,17,96776.65,0.040865384615384616,8564.857647058823,0.3353369837265246,0.3900725294650952
2025-10-19,South,Web,12100,995,603,62.379999999999995,24.33,12116.029999999999,238413.91,26,160068.45,0.04311774461028192,9169.76576923077,0.3286111116587115,0.39002885540237253
2025-10-19,West,App,12812,823,531,55.480000000000004,21.64,9511.91,103541.72,22,74057.37,0.04143126177024482,4706.441818181818,0.284758163182918,0.39005046863734677
2025-10-19,West,Marketplace,10272,703,434,45.64,17.79,8517.31,135557.03,18,89540.09,0.041474654377880185,7530.946111111111,0.3394655371248544,0.3897896581945661
2025-10-19,West,Web,13779,1036,638,66.47,25.93,11504.93,246053.09,27,162681.69,0.04231974921630094,9113.077407407407,0.3388350050795948,0.39010079735218894
2025-10-20,East,App,9324,652,388,40.67,15.86,6385.030000000001,75439.63,16,48923.49,0.041237113402061855,4714.976875,0.35148820321626717,0.3899680354069338
2025-10-20,East,Marketplace,7076,471,305,31.58,12.309999999999999,5435.299999999999,103947.45999999999,13,76036.5,0.04262295081967213,7995.958461538461,0.26851026470488065,0.38980367321089293
2025-10-20,East,Web,9933,693,442,44.9,17.52,7452.29,224495.19999999998,18,146365.94,0.04072398190045249,12471.955555555554,0.34802196216221987,0.39020044543429844
2025-10-20,North,App,11695,836,526,54.83,21.380000000000003,10343.45,104077.53,22,68686.47,0.04182509505703422,4730.796818181818,0.34004515672114816,0.3899325186941456
2025-10-20,North,Marketplace,11265,759,472,49.379999999999995,19.259999999999998,8972.17,158007.69,20,106386.5,0.0423728813559322,7900.3845,0.3267004916026556,0.39003645200486026
2025-10-20,North,Web,15391,1054,637,67.94999999999999,26.5,11584.61,178542.53,26,130583.57,0.04081632653061224,6867.0203846153845,0.26861364628360535,0.38999264164827085
2025-10-20,South,App,10607,781,491,53.12,20.72,8872.86,115009.01,21,78165.92,0.04276985743380855,5476.619523809523,0.3203495969576644,0.39006024096385544
2025-10-20,South,Marketplace,9648,626,390,40.519999999999996,15.809999999999999,6864.1900000000005,174027.88,17,122127.76,0.04358974358974359,10236.934117647059,0.2982287665631507,0.390177690029615
2025-10-20,South,Web,12455,833,543,57.51,22.43,9707.83,149658.55,23,100832.24,0.0423572744014733,6506.893478260869,0.3262513902480011,0.390019127108329
2025-10-20,West,App,11695,893,522,53.41,20.83,9309.96,251110.47,22,166859.36000000002,0.0421455938697318,11414.112272727272,0.33551412651173,0.39000187230855643
2025-10-20,West,Marketplace,10540,676,441,45.43,17.71,8263.77,134381.91,19,87116.04000000001,0.04308390022675737,7072.732105263158,0.3517279223073998,0.3898305084745763
2025-10-20,West,Web,15597,1014,634,66.43,25.91,11757.95,203385.59,27,136855.72,0.04258675078864353,7532.79962962963,0.3271120141795689,0.3900346229113352
2025-10-21,East,App,7617,623,369,38.47,15.0,6249.5599999999995,80329.31,15,66012.11,0.04065040650406504,5355.287333333333,0.17823133299663593,0.3899142188718482
2025-10-21,East,Marketplace,8033,516,334,34.36,13.399999999999999,5993.98,98571.25,14,88675.77,0.041916167664670656,7040.803571428572,0.10038910940056046,0.38998835855646097
2025-10-21,East,Web,10798,711,446,47.519999999999996,18.53,8310.77,183586.91999999998,19,127661.09,0.042600896860986545,9662.46947368421,0.30462861951167325,0.3899410774410775
2025-10-21,North,App,12407,878,536,56.33,21.97,9118.81,223011.09,23,151076.86,0.04291044776119403,9696.134347826086,0.32255898125963156,0.3900230782886561
2025-10-21,North,Marketplace,10569,771,474,50.290000000000006,19.62,8683.55,202959.83,20,133158.7,0.04219409282700422,10147.9915,0.3439159857396411,0.39013720421554976
2025-10-21,North,Web,15012,951,603,65.66,25.61,10850.740000000002,162643.6,24,108097.96,0.03980099502487562,6776.816666666667,0.3353691138169593,0.3900395979287237
2025-10-21,South,App,9719,712,450,47.09,18.36,7908.14,169998.13,19,111497.68,0.042222222222222223,8947.27,0.34412407948252144,0.38989169675090246
2025-10-21,South,Marketplace,9471,636,395,41.5,16.19,7756.33,65557.51,17,43024.23,0.043037974683544304,3856.3241176470583,0.3437177525503942,0.39012048192771087
2025-10-21,South,Web,12569,893,545,57.620000000000005,22.47,10305.1,185967.76,23,130806.26000000001,0.04220183486238532,8085.554782608696,0.2966186181948957,0.3899687608469281
2025-10-21,West,App,11924,805,534,57.17,22.29,9880.29,222135.58000000002,23,144760.72999999998,0.04307116104868914,9658.068695652175,0.34832263251118994,0.38988980234388665
2025-10-21,West,Marketplace,9283,664,421,43.69,17.04,7486.639999999999,149068.1,17,97559.49,0.040380047505938245,8768.711764705882,0.34553744228309075,0.39002059967956054
2025-10-21,West,Web,13646,959,578,60.79,23.71,10289.71,139007.34,24,91205.91,0.04152249134948097,5791.9725,0.34387702117024893,0.3900312551406481
2025-10-22,East,App,8043,590,358,38.79,15.129999999999999,6198.97,170793.12,15,111026.0,0.04189944134078212,11386.208,0.3499386860548013,0.39004898169631347
2025-10-22,East,Marketplace,6802,476,307,32.08,12.52,5749.04,109263.52,13,72562.33,0.04234527687296417,8404.886153846153,0.3358960978009861,0.39027431421446385
2025-10-22,East,Web,9920,671,426,45.67,17.810000000000002,8072.959999999999,171920.23,18,113164.01000000001,0.04225352112676056,9551.12388888889,0.3417644334235709,0.38997153492445813
2025-10-22,North,App,12372,860,522,54.019999999999996,21.07,9554.9,144183.05,22,95431.11,0.0421455938697318,6553.775,0.338125320556057,0.390040725657164
2025-10-22,North,Marketplace,9678,676,426,44.86,17.5,7551.68,174982.08,18,118377.5,0.04225352112676056,9721.226666666666,0.32348786801482754,0.3901025412394115
2025-10-22,North,Web,13105,942,604,61.28999999999999,23.9,12098.279999999999,139925.85,26,93856.67,0.04304635761589404,5381.763461538461,0.32923995101691367,0.3899494207864252
2025-10-22,South,App,10533,776,449,48.07,18.74,8099.91,141919.61,19,93230.28,0.042316258351893093,7469.453157894736,0.34307683060853955,0.38984813813189095
2025-10-22,South,Marketplace,8562,593,374,39.48,15.399999999999999,7151.74,83856.01,15,54979.34,0.040106951871657755,5590.400666666666,0.34436017168000244,0.3900709219858156
2025-10-22,South,Web,12126,841,505,53.22,20.759999999999998,9753.310000000001,176667.23,21,123668.87,0.041584158415841586,8412.725238095238,0.29998976041000935,0.3900789177001127
2025-10-22,West,App,11047,789,484,49.72,19.39,8977.55,244191.59,21,160768.06,0.04338842975206612,11628.170952380951,0.3416314624103148,0.3899839098954143
2025-10-22,West,Marketplace,9856,592,393,41.07,16.02,7146.290000000001,157104.66999999998,16,110478.46,0.04071246819338423,9819.041874999999,0.2967843667537062,0.39006574141709277
2025-10-22,West,Web,14348,929,588,63.1,24.61,10945.34,146650.28,24,98113.59999999999,0.04081632653061224,6110.428333333333,0.33096888734204943,0.39001584786053883
2025-10-23,East,App,8598,596,381,39.83,15.53,6733.91,76992.55,16,51384.05,0.04199475065616798,4812.034375,0.3326101031853082,0.3899071051970876
2025-10-23,East,Marketplace,7195,486,306,32.05,12.5,5303.5,187656.76,13,122357.31,0.042483660130718956,14435.135384615385,0.3479728095060365,0.390015600624025
2025-10-23,East,Web,9141,703,438,47.480000000000004,18.52,7940.0,119176.93,19,78522.15,0.04337899543378995,6272.469999999999,0.34112961292089,0.3900589721988205
2025-10-23,North,App,12645,855,521,55.85,21.78,9726.74,114179.91,22,77539.44,0.04222648752399232,5189.99590909091,0.3209011988186013,0.3899731423455685
2025-10-23,North,Marketplace,9258,635,417,44.239999999999995,17.259999999999998,7905.95,108257.73,18,71741.12,0.04316546762589928,6014.318333333333,0.3373118021225829,0.39014466546112114
2025-10-23,North,Web,13662,982,602,62.36,24.33,10986.380000000001,186956.15,25,124982.53,0.04152823920265781,7478.246,0.33148746377158494,0.39015394483643356
2025-10-23,South,App,9743,721,445,46.980000000000004,18.32,8757.97,94133.53,18,79640.9,0.04044943820224719,5229.640555555556,0.15395821233942894,0.3899531715623669
2025-10-23,South,Marketplace,8746,586,379,38.67,15.08,6818.0,218772.95,16,143463.24,0.04221635883905013,13673.309375,0.3442368446373284,0.3899663822084303
2025-10-23,South,Web,10417,789,478,50.41,19.66,8862.720000000001,175675.83,20,116854.02,0.04184100418410042,8783.7915,0.3348315474018252,0.39000198373338624
2025-10-23,West,App,10976,731,462,48.69,18.990000000000002,8761.119999999999,236455.99,19,158940.33000000002,0.04112554112554113,12445.052105263158,0.3278227800446078,0.39001848428835495
2025-10-23,West,Marketplace,8964,588,386,40.17,15.67,7472.1,159854.73,16,106917.45,0.04145077720207254,9990.920625,0.3311586713761927,0.39009210853871046
2025-10-23,West,Web,11759,822,536,57.010000000000005,22.240000000000002,10403.24,162274.68,22,107735.3,0.041044776119402986,7376.121818181818,0.3360929751948979,0.3901069987721452
2025-10-24,East,App,8260,574,352,36.89,14.379999999999999,6613.43,64439.17,15,42531.15,0.04261363636363636,4295.944666666666,0.3399798600757893,0.3898075359175928
2025-10-24,East,Marketplace,7131,502,315,33.22,12.95,5506.83,102149.38,13,68922.08,0.04126984126984127,7857.6446153846155,0.3252814652423735,0.38982540638169777
2025-10-24,East,Web,9321,619,395,42.53,16.59,7489.6900000000005,116697.55,16,78459.54000000001,0.04050632911392405,7293.596875,0.327667633125117,0.3900775922877968
2025-10-24,North,App,10879,814,498,54.06,21.09,9142.07,184982.73,21,127040.88,0.04216867469879518,8808.701428571429,0.3132284294863634,0.39012208657047726
2025-10-24,North,Marketplace,10212,674,441,46.0,17.95,7876.98,203020.28,18,133814.85,0.04081632653061224,11278.904444444444,0.3408793939206467,0.3902173913043478
2025-10-24,North,Web,13794,859,579,59.989999999999995,23.4,11241.900000000001,163827.93,25,137141.19,0.04317789291882556,6553.1172,0.16289493494790536,0.3900650108351392
2025-10-24,South,App,11064,752,451,46.85,18.27,8656.28,118727.62,19,88137.89,0.04212860310421286,6248.822105263158,0.25764628314793137,0.38996798292422624
2025-10-24,South,Marketplace,8588,607,379,39.0,15.21,6720.360000000001,170237.53,16,116986.67,0.04221635883905013,10639.845625,0.3128032931398852,0.39
2025-10-24,South,Web,11553,812,505,53.64,20.91,9937.0,188655.32,21,121665.22,0.041584158415841586,8983.586666666666,0.3550925571566177,0.38982102908277405
2025-10-24,West,App,10729,769,473,50.95,19.86,8013.85,171814.57,20,144407.3,0.042283298097251586,8590.728500000001,0.15951656486408583,0.3897939156035328
2025-10-24,West,Marketplace,10043,660,409,42.21,16.46,7110.27,152212.44,17,100889.83,0.04156479217603912,8953.67294117647,0.3371775000781802,0.3899549869699124
2025-10-24,West,Web,13395,912,572,61.64,24.04,11079.69,203609.72999999998,24,137238.6,0.04195804195804196,8483.738749999999,0.32597229022404767,0.39000648929266707
2025-10-25,East,App,10009,688,426,46.36,18.08,8082.95,159996.41,18,104377.04000000001,0.04225352112676056,8888.689444444444,0.34762886242260055,0.3899913718723037
2025-10-25,East,Marketplace,7045,538,343,36.64,14.29,5944.51,72025.24,14,47321.16,0.04081632653061224,5144.660000000001,0.34299198447655294,0.39001091703056767
2025-10-25,East,Web,9862,712,434,45.22,17.64,8348.619999999999,156635.13,19,105521.35,0.04377880184331797,8243.954210526315,0.3263238585111782,0.39009287925696595
2025-10-25,North,App,13128,995,602,63.019999999999996,24.58,11659.45,141275.48,25,94241.87,0.04152823920265781,5651.019200000001,0.33292125427568897,0.390034909552523
2025-10-25,North,Marketplace,12662,776,485,50.66,19.76,8329.96,187463.24,21,123750.83,0.04329896907216495,8926.820952380953,0.33986615189196556,0.39005132254243985
2025-10-25,North,Web,15524,990,648,69.52,27.11,11925.64,219825.72,27,144507.77,0.041666666666666664,8141.693333333334,0.34262574006353763,0.38995972382048333
2025-10-25,South,App,11567,807,500,51.59,20.119999999999997,9802.79,147056.16999999998,21,105673.03,0.042,7002.674761904761,0.2814104297697947,0.3899980616398526
2025-10-25,South,Marketplace,10023,659,435,45.09,17.59,8164.24,153234.86,18,101258.48999999999,0.041379310344827586,8513.047777777778,0.33919416247712825,0.39010867154579726
2025-10-25,South,Web,13373,936,561,60.86,23.740000000000002,9865.12,153294.8,24,113466.73999999999,0.0427807486631016,6387.283333333333,0.25981350965590483,0.3900755833059481
2025-10-25,West,App,12371,829,522,53.47,20.85,9434.34,193441.26,23,129320.31999999999,0.044061302681992334,8410.489565217391,0.33147499142633796,0.38993828314942963
2025-10-25,West,Marketplace,9990,665,417,44.14,17.21,7749.76,181047.71,18,121219.93000000001,0.04316546762589928,10058.20611111111,0.330453116474105,0.38989578613502496
2025-10-25,West,Web,15457,1030,622,64.78,25.259999999999998,11069.66,261636.32,26,173828.17,0.04180064308681672,10062.935384615384,0.33561147015062737,0.3899351651744365
2025-10-26,East,App,9012,661,409,43.239999999999995,16.86,7746.91,124754.19,17,108787.48999999999,0.04156479217603912,7338.481764705883,0.1279852804943867,0.3899167437557817
2025-10-26,East,Marketplace,7698,545,350,36.98,14.419999999999998,6826.9,135806.63,14,88747.79000000001,0.04,9700.473571428573,0.34651356859381605,0.38994050838290967
2025-10-26,East,Web,11092,774,476,50.86,19.83,8566.66,199394.57,20,130567.11,0.04201680672268908,9969.728500000001,0.34518221835228513,0.3898938261895399
2025-10-26,North,App,12710,916,583,60.7,23.67,10025.970000000001,201474.71,24,135137.38,0.0411663807890223,8394.779583333333,0.32925884345484346,0.3899505766062603
2025-10-26,North,Marketplace,12201,795,498,52.97,20.66,8932.34,152438.51,21,99828.8,0.04216867469879518,7258.976666666667,0.3451208621758374,0.39003209363790825
2025-10-26,North,Web,15502,1028,653,68.64,26.759999999999998,13259.31,196521.45,27,142209.8,0.04134762633996937,7278.572222222223,0.27636499730690983,0.38986013986013984
2025-10-26,South,App,11617,802,484,49.85,19.45,8539.119999999999,73795.76,21,49751.55,0.04338842975206612,3514.083809523809,0.32582102277962843,0.3901705115346038
2025-10-26,South,Marketplace,9579,650,407,42.17,16.45,6743.83,123581.48,17,81973.82,0.04176904176904177,7269.498823529411,0.3366820012189528,0.39008774009959685
2025-10-26,South,Web,14152,1008,596,62.709999999999994,24.45,11308.17,183962.21,26,122509.63,0.0436241610738255,7075.469615384615,0.3340500203819034,0.38988996970180195
2025-10-26,West,App,12547,838,495,51.900000000000006,20.240000000000002,7776.360000000001,97084.88,21,63870.17,0.04242424242424243,4623.089523809524,0.34212031780849916,0.389980732177264
2025-10-26,West,Marketplace,9379,666,433,44.14,17.21,8058.360000000001,207178.73,18,138125.03,0.04157043879907621,11509.929444444446,0.3333049681306571,0.38989578613502496
2025-10-26,West,Web,13398,945,612,64.15,25.02,11434.26,210676.7,26,142713.89,0.042483660130718956,8102.950000000001,0.3225929113186223,0.3900233826968043
2025-10-27,East,App,8798,595,374,38.32,14.95,6762.43,110022.67,16,98284.54,0.0427807486631016,6876.416875,0.10668828524157799,0.3901356993736952
2025-10-27,East,Marketplace,6214,480,291,31.36,12.23,5510.3099999999995,139914.91,12,91537.47,0.041237113402061855,11659.575833333334,0.3457632928470597,0.3899872448979592
2025-10-27,East,Web,9902,693,431,46.57,18.16,8243.43,202631.95,18,131815.9,0.04176334106728538,11257.330555555556,0.3494811652357884,0.3899506119819626
2025-10-27,North,App,10949,831,509,52.099999999999994,20.31,8919.36,119617.8,21,90700.86,0.0412573673870334,5696.085714285715,0.24174445609265513,0.38982725527831097
2025-10-27,North,Marketplace,9152,708,421,44.120000000000005,17.21,7075.38,87402.27,18,57497.76,0.04275534441805225,4855.681666666667,0.34214797853648427,0.3900725294650952
2025-10-27,North,Web,13883,929,586,61.9,24.14,10757.7,246087.66,24,162176.62,0.040955631399317405,10253.6525,0.34098028320477347,0.389983844911147
2025-10-27,South,App,9769,734,450,47.66,18.59,8386.880000000001,217777.16,19,148709.08000000002,0.042222222222222223,11461.955789473684,0.31715024660988317,0.3900545530843475
2025-10-27,South,Marketplace,8614,588,364,38.879999999999995,15.170000000000002,6847.549999999999,140975.03,15,96722.42,0.04120879120879121,9398.335333333333,0.3139038878019746,0.39017489711934167
2025-10-27,South,Web,11107,808,504,54.0,21.05,9629.67,174074.62,21,112681.45999999999,0.041666666666666664,8289.26761904762,0.3526830045643644,0.38981481481481484
2025-10-27,West,App,11310,831,490,51.56,20.11,8314.41,101075.31,21,69730.95,0.04285714285714286,4813.11,0.3101089672641123,0.3900310318076028
2025-10-27,West,Marketplace,8403,634,383,39.46,15.39,6946.280000000001,107859.17000000001,16,76104.21,0.04177545691906005,6741.198125000001,0.29441131430920525,0.3900152052711607
2025-10-27,West,Web,11473,812,507,55.0,21.45,9179.8,154627.69,21,106965.7,0.04142011834319527,7363.223333333333,0.30823709518004183,0.39
2025-10-28,East,App,8426,562,360,38.34,14.95,6490.93,110437.73,15,72286.41,0.041666666666666664,7362.515333333333,0.34545548880803684,0.3899321857068335
2025-10-28,East,Marketplace,6626,467,298,32.260000000000005,12.58,5464.59,80346.7,13,52428.73,0.0436241610738255,6180.515384615384,0.3474687821652911,0.3899566026038437
2025-10-28,East,Web,9362,614,415,42.78,16.689999999999998,7265.7699999999995,156333.4,18,103054.05,0.043373493975903614,8685.188888888888,0.340805931426042,0.39013557737260396
2025-10-28,North,App,10814,781,486,50.7,19.770000000000003,8880.96,216159.41999999998,20,144042.84,0.0411522633744856,10807.971,0.33362682042725683,0.3899408284023669
2025-10-28,North,Marketplace,10805,733,429,44.97,17.54,7729.6900000000005,192863.16,19,127683.0,0.04428904428904429,10150.692631578948,0.33796065562754446,0.39003780297976426
2025-10-28,North,Web,13283,933,592,61.550000000000004,24.0,10656.79,148967.98,26,98847.11,0.04391891891891892,5729.537692307693,0.3364539815871841,0.38992688870836717
2025-10-28,South,App,10574,726,446,46.83,18.259999999999998,9053.48,142664.74,19,91849.25,0.042600896860986545,7508.670526315789,0.3561881513259688,0.38992099081785175
2025-10-28,South,Marketplace,8828,569,362,37.47,14.620000000000001,7055.72,173601.66,15,117454.33,0.04143646408839779,11573.444,0.3234262276063489,0.39017880971443825
2025-10-28,South,Web,11917,783,495,50.959999999999994,19.88,8756.57,241514.37,21,159158.53,0.04242424242424243,11500.684285714286,0.34099768059349844,0.3901098901098901
2025-10-28,West,App,11259,760,495,51.91,20.240000000000002,10228.16,195000.51,21,128473.67,0.04242424242424243,9285.738571428572,0.3411623897804165,0.3899056058562898
2025-10-28,West,Marketplace,8957,662,410,43.55,16.98,7623.21,176394.87,17,115130.44,0.041463414634146344,10376.168823529411,0.34731412540512085,0.3898966704936854
2025-10-28,West,Web,12380,888,533,56.35,21.98,9158.95,259664.24000000002,22,168136.85,0.04127579737335835,11802.92,0.35248361499450215,0.39006211180124223
2025-10-29,East,App,8669,588,376,39.36,15.350000000000001,6765.74,87871.96,15,57178.16,0.0398936170212766,5858.130666666667,0.34930141537755616,0.389989837398374
2025-10-29,East,Marketplace,6936,493,302,31.189999999999998,12.16,5819.93,91985.65,13,62975.29,0.04304635761589404,7075.819230769231,0.31537919229792905,0.38986854761141393
2025-10-29,East,Web,10496,666,416,43.82,17.09,7661.35,151640.18,17,100220.44,0.040865384615384616,8920.010588235295,0.33909047061273595,0.39000456412596984
2025-10-29,North,App,11574,736,489,48.53,18.93,9363.83,250892.53,20,165426.48,0.0408997955010225,12544.6265,0.34064804559944445,0.39006799917576757
2025-10-29,North,Marketplace,9967,631,419,43.72,17.05,7241.36,102417.87,17,66641.07,0.0405727923627685,6024.580588235294,0.34932185174325525,0.3899817017383349
2025-10-29,North,Web,14414,1014,596,61.760000000000005,24.08,11097.99,203990.5,25,144300.94999999998,0.04194630872483222,8159.62,0.29260945975425334,0.38989637305699476
2025-10-29,South,App,9608,690,435,46.31,18.07,8659.21,128684.64,18,84762.46,0.041379310344827586,7149.1466666666665,0.34131641507486826,0.3901965018354567
2025-10-29,South,Marketplace,8200,614,367,37.31,14.55,6618.16,145279.21,15,98775.12,0.04087193460490463,9685.280666666666,0.32010147907604947,0.3899758777807558
2025-10-29,South,Web,11903,783,508,54.95,21.43,9162.79,212845.0,21,139486.72,0.04133858267716536,10135.47619047619,0.34465587634193895,0.3899909008189263
2025-10-29,West,App,11114,781,472,51.16,19.950000000000003,8881.73,160284.4,20,107859.56999999999,0.0423728813559322,8014.219999999999,0.32707381379597766,0.38995308835027376
2025-10-29,West,Marketplace,8471,631,383,41.16,16.05,7043.6900000000005,110903.20999999999,16,73960.43000000001,0.04177545691906005,6931.4506249999995,0.33310830227547056,0.3899416909620992
2025-10-29,West,Web,12321,809,540,56.739999999999995,22.119999999999997,10513.96,222309.16999999998,22,183298.48,0.040740740740740744,10104.962272727273,0.17547944603454718,0.3898484314416637
2025-10-30,East,App,8850,614,383,40.260000000000005,15.709999999999999,7103.3099999999995,82499.4,16,57481.09,0.04177545691906005,5156.2125,0.3032544479111363,0.3902136115250869
2025-10-30,East,Marketplace,6793,464,276,28.21,11.0,5056.71,54203.64,11,39042.96,0.03985507246376811,4927.603636363637,0.27969855898976526,0.3899326479971641
2025-10-30,East,Web,10484,681,434,46.64,18.19,7944.41,114830.54000000001,18,75399.48999999999,0.041474654377880185,6379.474444444445,0.3433846953954933,0.39000857632933106
2025-10-30,North,App,11983,836,520,54.19,21.14,9782.11,195218.72,22,154493.13,0.04230769230769231,8873.578181818182,0.208615188133597,0.3901088761764163
2025-10-30,North,Marketplace,9303,693,432,44.69,17.43,8277.69,68143.2,18,45728.15,0.041666666666666664,3785.733333333333,0.3289403784970473,0.39002013873349745
2025-10-30,North,Web,13360,1024,607,63.33,24.689999999999998,11378.07,156278.36,26,127482.73,0.042833607907743,6010.706153846153,0.18425858832918385,0.3898626243486499
2025-10-30,South,App,9629,631,412,43.11,16.81,8473.380000000001,146047.61,17,95613.82,0.0412621359223301,8591.03588235294,0.3453243089702049,0.3899327302250058
2025-10-30,South,Marketplace,8076,615,383,40.21,15.69,7107.24,164786.78999999998,16,110320.28,0.04177545691906005,10299.174374999999,0.3305271617949472,0.3902014424272569
2025-10-30,South,Web,11348,821,483,50.230000000000004,19.59,8796.33,228443.88,20,153879.91,0.041407867494824016,11422.194,0.3263995078353598,0.39000597252637864
2025-10-30,West,App,11426,785,466,49.93,19.47,7638.549999999999,139693.48,19,92132.38,0.0407725321888412,7352.288421052632,0.34046757228755414,0.3899459242940116
2025-10-30,West,Marketplace,8676,664,414,43.58,17.0,8119.5,144300.43,17,94832.37999999999,0.04106280193236715,8488.260588235295,0.34281290776472395,0.3900871959614502
2025-10-30,West,Web,12786,971,572,58.93,22.98,10464.42,171875.2,24,114442.22,0.04195804195804196,7161.466666666667,0.33415513116493833,0.3899541829288987
2025-10-31,East,App,8708,598,361,37.76,14.73,6685.4,65501.99,15,55755.75,0.04155124653739612,4366.799333333333,0.14879303666957291,0.3900953389830509
2025-10-31,East,Marketplace,7869,519,316,32.6,12.71,5847.8099999999995,157343.25,13,112434.3,0.04113924050632911,12103.326923076924,0.28542025158371903,0.38987730061349696
2025-10-31,East,Web,9601,719,428,44.22,17.240000000000002,8299.02,149161.1,18,121115.02,0.04205607476635514,8286.727777777778,0.18802543022275917,0.3898688376300317
2025-10-31,North,App,12612,840,542,56.88,22.189999999999998,10936.029999999999,250722.17,23,165878.8,0.042435424354243544,10900.963913043479,0.3383959623514746,0.39011954992967646
2025-10-31,North,Marketplace,10224,709,436,44.42,17.330000000000002,8750.8,176638.2,19,116148.08,0.04357798165137615,9296.747368421053,0.3424520856756919,0.390139576767222
2025-10-31,North,Web,13326,938,605,63.28,24.67,11113.830000000002,237344.97,24,157270.84,0.03966942148760331,9889.37375,0.33737445541820416,0.38985461441213654
2025-10-31,South,App,10508,715,443,46.85,18.27,7959.74,117124.44,19,111565.79000000001,0.04288939051918736,6164.444210526316,0.04745935178003834,0.38996798292422624
2025-10-31,South,Marketplace,7957,581,359,37.379999999999995,14.580000000000002,6493.93,188885.99000000002,15,122938.69,0.04178272980501393,12592.399333333335,0.34913812294919283,0.390048154093098
2025-10-31,South,Web,11933,857,524,57.17,22.29,10471.9,110742.64,23,74231.11,0.04389312977099236,4814.897391304347,0.32969712479312396,0.38988980234388665
2025-10-31,West,App,11850,723,462,49.29,19.22,8800.189999999999,136732.83,19,94353.77,0.04112554112554113,7196.464736842105,0.3099406338624015,0.38993710691823896
2025-10-31,West,Marketplace,9616,672,421,43.09,16.81,7781.369999999999,102216.21,18,67541.45,0.04275534441805225,5678.678333333333,0.3392295605560019,0.39011371547922946
2025-10-31,West,Web,13352,916,547,56.84,22.17,10819.3,323306.2,22,211162.7,0.04021937842778794,14695.736363636364,0.34686467503561635,0.3900422237860662
2025-11-01,East,App,9161,650,393,41.35,16.119999999999997,8115.49,201247.73,16,131002.92,0.04071246819338423,12577.983125,0.34904647123224697,0.38984280532043525
2025-11-01,East,Marketplace,8148,604,374,38.980000000000004,15.21,7176.26,148069.92,15,98100.54999999999,0.040106951871657755,9871.328000000001,0.33747144592230494,0.3902001026167265
2025-11-01,East,Web,12707,836,517,54.04,21.07,9395.28,88821.06999999999,22,63373.13,0.0425531914893617,4037.3213636363635,0.28650791979875945,0.3898963730569948
2025-11-01,North,App,14798,990,614,64.71000000000001,25.240000000000002,11351.96,121945.71,27,79909.67,0.043973941368078175,4516.507777777778,0.3447111013581372,0.39004790604234274
2025-11-01,North,Marketplace,11849,817,491,51.74,20.17,8838.02,113327.75,21,75688.95,0.04276985743380855,5396.559523809524,0.33212342078617113,0.3898337843061461
2025-11-01,North,Web,16053,1086,691,73.86,28.810000000000002,12974.07,264423.52,29,186922.26,0.041968162083936326,9118.052413793104,0.29309518306087146,0.39006227998916876
2025-11-01,South,App,12031,804,516,57.339999999999996,22.36,9522.45,337339.06,22,222622.2,0.04263565891472868,15333.593636363636,0.34006397006027106,0.38995465643529825
2025-11-01,South,Marketplace,11436,753,455,46.959999999999994,18.31,8215.92,119906.21,19,77256.59,0.041758241758241756,6310.853157894737,0.3556915025502016,0.3899063032367973
2025-11-01,South,Web,14276,1074,662,70.58,27.53,12335.46,175856.93,28,116291.98,0.04229607250755287,6280.604642857143,0.33871255457490357,0.39005383961462176
2025-11-01,West,App,12236,898,571,59.89,23.36,10373.220000000001,221328.1,24,143520.74,0.04203152364273205,9222.004166666668,0.3515475893029399,0.39004842210719654
2025-11-01,West,Marketplace,12146,819,489,52.480000000000004,20.47,9144.67,154983.87,21,101707.1,0.04294478527607362,7380.184285714286,0.3437568696665014,0.39005335365853655
2025-11-01,West,Web,17136,1116,707,73.26,28.57,12676.04,228827.81,30,150624.31,0.042432814710042434,7627.593666666667,0.34175697438174146,0.38998088998089
2025-11-02,East,App,11703,755,466,48.63,18.97,8036.78,96863.20999999999,19,64018.43,0.0407725321888412,5098.063684210526,0.339084157958424,0.3900884227842895
2025-11-02,East,Marketplace,8981,572,364,38.5,15.02,6675.969999999999,96480.28,15,64978.020000000004,0.04120879120879121,6432.018666666667,0.3265150142599088,0.3901298701298701
2025-11-02,East,Web,10450,762,482,50.2,19.58,8249.619999999999,126326.01000000001,20,87158.52,0.04149377593360996,6316.3005,0.31005087550853544,0.3900398406374501
2025-11-02,North,App,15100,1055,635,66.5,25.93,12100.52,197338.79,27,128969.8,0.04251968503937008,7308.844074074074,0.3464548961711988,0.3899248120300752
2025-11-02,North,Marketplace,11792,834,533,55.03,21.46,9836.740000000002,125809.6,22,85227.44,0.04127579737335835,5718.618181818182,0.3225680711169895,0.38996910775940397
2025-11-02,North,Web,17045,1207,740,76.83000000000001,29.96,13600.36,175118.37,32,153306.78,0.043243243243243246,5472.4490625,0.12455340921686284,0.3899518417284914
2025-11-02,South,App,11577,833,519,54.24,21.16,9817.400000000001,152479.05000000002,21,101827.91,0.04046242774566474,7260.907142857143,0.3321842574438915,0.39011799410029496
2025-11-02,South,Marketplace,10688,712,455,47.599999999999994,18.57,8077.33,108940.70999999999,19,81814.81,0.041758241758241756,5733.721578947368,0.24899690850188141,0.3901260504201681
2025-11-02,South,Web,14162,1015,629,64.33,25.09,11941.45,222642.38,27,146420.61,0.04292527821939587,8246.014074074074,0.3423506791474292,0.39002020830094825
2025-11-02,West,App,13128,853,561,58.34,22.759999999999998,10922.64,190566.39,23,127645.41,0.040998217468805706,8285.495217391304,0.3301787896596037,0.3901268426465546
2025-11-02,West,Marketplace,12288,802,488,50.760000000000005,19.8,8489.41,156686.62,21,105230.56999999999,0.0430327868852459,7461.267619047619,0.328401046624147,0.39007092198581556
2025-11-02,West,Web,14166,1034,656,69.02,26.91,11321.9,257503.07,27,176195.94,0.041158536585365856,9537.15074074074,0.31575208015966566,0.38988698927847004
2025-11-03,East,App,8705,619,385,39.99,15.600000000000001,7109.959999999999,65241.98,16,50825.52,0.04155844155844156,4077.62375,0.22096907543271993,0.3900975243810953
2025-11-03,East,Marketplace,7081,519,324,33.379999999999995,13.02,5870.969999999999,122685.79000000001,14,79899.97,0.043209876543209874,8763.270714285714,0.3487430777435594,0.3900539245056921
2025-11-03,East,Web,9888,645,409,41.95,16.36,7335.76,152269.76,17,100062.34,0.04156479217603912,8957.044705882354,0.34286137969876623,0.3899880810488677
2025-11-03,North,App,12597,866,546,57.65,22.479999999999997,9445.21,139787.36,23,95373.57,0.04212454212454213,6077.711304347826,0.31772393441009245,0.3899392888117953
2025-11-03,North,Marketplace,11410,731,479,50.61,19.74,8617.11,217696.6,21,141680.47,0.04384133611691023,10366.504761904762,0.34918381821305433,0.39004149377593356
2025-11-03,North,Web,15415,972,638,65.81,25.67,13637.95,198950.72,27,130046.04,0.04231974921630094,7368.545185185185,0.3463404404869709,0.3900623005622246
2025-11-03,South,App,10759,752,474,50.07,19.53,8394.86,119209.84,20,79131.32,0.04219409282700422,5960.492,0.3362014410890912,0.39005392450569204
2025-11-03,South,Marketplace,8888,648,400,41.54,16.2,7596.17,142236.75,16,100048.97,0.04,8889.796875,0.2966025306399366,0.38998555609051516
2025-11-03,South,Web,13252,862,543,57.66,22.479999999999997,10064.67,202544.18,23,136693.06,0.0423572744014733,8806.268695652174,0.3251197837429839,0.389871661463753
2025-11-03,West,App,11871,809,523,57.19,22.31,9974.79,214371.11,22,141179.38999999998,0.04206500956022945,9744.141363636363,0.34142529746662226,0.39010316488896657
2025-11-03,West,Marketplace,9052,641,410,44.5,17.36,8233.31,112889.0,17,73335.85,0.041463414634146344,6640.529411764706,0.3503720468779066,0.3901123595505618
2025-11-03,West,Web,14455,1003,608,64.78999999999999,25.27,10470.74,227464.90000000002,24,157361.15,0.039473684210526314,9477.704166666668,0.30819590187321216,0.3900293255131965
2025-11-04,East,App,9076,662,398,41.59,16.22,6733.0,93587.52,17,72067.65,0.04271356783919598,5505.1482352941175,0.22994380019900099,0.3899975955758595
2025-11-04,East,Marketplace,7808,515,323,34.09,13.29,6056.5,82025.94,14,54793.04,0.043343653250773995,5858.995714285715,0.33200351010911916,0.3898503960105602
2025-11-04,East,Web,10878,729,450,47.81,18.65,8807.05,122960.48,19,82491.14,0.042222222222222223,6471.604210526316,0.3291247724472123,0.3900857561179669
2025-11-04,North,App,13076,850,557,58.28,22.73,10536.43,197588.41,24,135976.25,0.04308797127468582,8232.850416666666,0.3118207186342559,0.3900137268359643
2025-11-04,North,Marketplace,10166,709,448,45.0,17.55,8328.2,197501.46,19,129366.88,0.04241071428571429,10394.813684210525,0.34498266493827434,0.39
2025-11-04,North,Web,13328,1083,634,64.9,25.310000000000002,12420.779999999999,191047.11000000002,27,131721.29,0.04258675078864353,7075.81888888889,0.3105297955043654,0.38998459167950694
2025-11-04,South,App,10769,748,474,49.86,19.45,8186.85,151220.45,21,99876.04,0.04430379746835443,7200.97380952381,0.3395335088607395,0.39009225832330524
2025-11-04,South,Marketplace,8556,579,371,38.04,14.83,7091.1,118985.81,15,79618.08,0.04043126684636118,7932.387333333333,0.33086071355903696,0.3898527865404837
2025-11-04,South,Web,11678,886,552,56.8,22.15,9927.76,138497.71,23,98243.64,0.041666666666666664,6021.639565217391,0.2906479103517307,0.3899647887323944
2025-11-04,West,App,11888,845,530,54.91,21.42,10229.83,166136.13,22,109101.88,0.04150943396226415,7551.642272727273,0.34329829399541206,0.390092879256966
2025-11-04,West,Marketplace,10622,759,455,48.53,18.93,9116.59,147429.66999999998,19,99155.43,0.041758241758241756,7759.456315789473,0.32743911045856644,0.39006799917576757
2025-11-04,West,Web,12831,1015,619,63.03,24.58,10507.619999999999,218562.61,26,145485.05000000002,0.0420032310177706,8406.254230769231,0.33435526781090313,0.3899730287164842
2025-11-05,East,App,8407,638,371,37.76,14.73,6014.91,81516.31999999999,15,55785.2,0.04043126684636118,5434.421333333333,0.3156560551310461,0.3900953389830509
2025-11-05,East,Marketplace,7236,471,292,30.799999999999997,12.02,5077.58,102912.21,12,70889.91,0.0410958904109589,8576.0175,0.3111613286703298,0.3902597402597403
2025-11-05,East,Web,10197,674,440,45.64,17.8,8337.6,125697.11,19,82719.65,0.04318181818181818,6615.637368421053,0.3419128729371742,0.39000876424189307
2025-11-05,North,App,12260,762,502,53.239999999999995,20.759999999999998,9747.41,246539.31999999998,21,160416.41,0.04183266932270916,11739.967619047618,0.349327279721547,0.3899323816679189
2025-11-05,North,Marketplace,10437,776,466,47.85,18.66,7967.799999999999,188759.24,20,131591.9,0.04291845493562232,9437.962,0.30285849847668384,0.38996865203761755
2025-11-05,North,Web,13254,957,602,63.040000000000006,24.59,10922.89,145763.87,26,95804.55,0.04318936877076412,5606.302692307692,0.3427414488926508,0.3900697969543147
2025-11-05,South,App,9504,718,467,49.39,19.259999999999998,9205.14,174090.29,20,114776.35,0.042826552462526764,8704.514500000001,0.3407079165644448,0.3899574812715124
2025-11-05,South,Marketplace,8462,636,386,40.14,15.66,7020.12,64058.76,16,41877.11,0.04145077720207254,4003.6725,0.34627036177409615,0.3901345291479821
2025-11-05,South,Web,11510,881,533,55.05,21.47,9730.12,155626.05,22,123562.69,0.04127579737335835,7073.911363636363,0.2060282324199579,0.3900090826521344
2025-11-05,West,App,11588,800,503,53.709999999999994,20.950000000000003,8577.15,105661.75,21,74918.84,0.041749502982107355,5031.511904761905,0.29095590409963873,0.3900577173710669
2025-11-05,West,Marketplace,8821,624,387,41.57,16.21,6818.84,95790.79000000001,16,62994.71,0.041343669250646,5986.9243750000005,0.34237195454803127,0.3899446716382006
2025-11-05,West,Web,13488,916,584,60.760000000000005,23.689999999999998,10633.119999999999,146134.88,25,95294.13,0.04280821917808219,5845.3952,0.34790290996920104,0.3898946675444371
2025-11-06,East,App,7645,576,343,36.72,14.33,6167.07,127904.07,14,85287.36,0.04081632653061224,9136.005000000001,0.33319275922963204,0.3902505446623094
2025-11-06,East,Marketplace,7093,464,302,32.39,12.64,5733.33,195526.43,13,129737.91,0.04304635761589404,15040.494615384614,0.3364686809859925,0.3902439024390244
2025-11-06,East,Web,10190,669,423,43.31,16.9,7472.32,200369.56,18,134425.84,0.0425531914893617,11131.642222222223,0.32911046967413615,0.39021011313784343
2025-11-06,North,App,12434,840,528,55.1,21.490000000000002,9343.14,189994.03,22,123178.01,0.041666666666666664,8636.092272727272,0.351674313134997,0.3900181488203267
2025-11-06,North,Marketplace,10426,667,433,44.64,17.41,8751.369999999999,139502.98,18,94426.23,0.04157043879907621,7750.165555555556,0.3231239217972262,0.3900089605734767
2025-11-06,North,Web,13600,953,588,60.2,23.479999999999997,10876.21,195084.44999999998,25,130256.18,0.04251700680272109,7803.378,0.33230875141509225,0.3900332225913621
2025-11-06,South,App,10266,678,445,45.71,17.83,8433.31,138109.75,19,123645.97,0.04269662921348315,7268.934210526316,0.1047267119084641,0.3900678188580179
2025-11-06,South,Marketplace,8486,581,377,39.55,15.43,6588.6900000000005,98684.15,15,65489.93,0.03978779840848806,6578.943333333333,0.33636830230589204,0.3901390644753477
2025-11-06,South,Web,11769,812,540,56.18,21.91,10340.07,122742.13,23,82059.06,0.04259259259259259,5336.614347826087,0.33145155620160743,0.38999644001423994
2025-11-06,West,App,10908,795,493,51.17,19.950000000000003,8505.9,127009.83,21,86679.75,0.04259634888438134,6048.087142857143,0.31753510732200807,0.38987688098495216
2025-11-06,West,Marketplace,9095,663,412,42.86,16.72,7794.9,140624.94999999998,17,92856.63,0.0412621359223301,8272.05588235294,0.33968595188833833,0.3901073261782548
2025-11-06,West,Web,13226,871,552,57.03,22.240000000000002,10786.310000000001,263325.23,23,172379.6,0.041666666666666664,11448.92304347826,0.34537377979314776,0.3899701911274768
2025-11-07,East,App,9764,673,410,43.0,16.77,7780.9800000000005,144965.03,17,95242.52,0.041463414634146344,8527.354705882353,0.34299658338290273,0.39
2025-11-07,East,Marketplace,8161,514,335,34.480000000000004,13.45,5501.139999999999,143826.19,14,94405.99,0.041791044776119404,10273.299285714285,0.34361057607102014,0.3900812064965197
2025-11-07,East,Web,10333,683,428,44.57,17.38,8044.0199999999995,190661.6,18,124915.66,0.04205607476635514,10592.311111111112,0.34483052696505223,0.38994839578191604
2025-11-07,North,App,13233,883,550,56.59,22.07,9355.16,181309.97,24,127239.52,0.04363636363636364,7554.582083333334,0.29822105204694477,0.3899982329033398
2025-11-07,North,Marketplace,9615,671,435,45.14,17.6,8177.209999999999,128864.61,18,85940.97,0.041379310344827586,7159.145,0.3330909859580532,0.38989809481612764
2025-11-07,North,Web,14017,1003,619,64.77,25.259999999999998,12036.720000000001,165708.69,26,112815.88,0.0420032310177706,6373.411153846154,0.3191915282173795,0.38999536822603054
2025-11-07,South,App,10581,788,489,52.83,20.6,8672.14,110481.1,21,72093.5,0.04294478527607362,5261.004761904762,0.34745852458022236,0.3899299640355859
2025-11-07,South,Marketplace,9183,667,409,43.45,16.95,7231.02,125503.17,17,82807.52,0.04156479217603912,7382.539411764706,0.34019578947687135,0.39010356731875717
2025-11-07,South,Web,13345,969,577,59.64,23.259999999999998,9656.789999999999,192304.14,24,135092.32,0.0415944540727903,8012.672500000001,0.29750695954855677,0.39000670690811534
2025-11-07,West,App,12226,923,555,57.459999999999994,22.41,9847.4,129014.48000000001,23,92960.25,0.04144144144144144,5609.325217391305,0.27945878633158083,0.3900104420466412
2025-11-07,West,Marketplace,10138,669,430,46.36,18.08,7711.88,88758.56,18,58158.64,0.04186046511627907,4931.031111111111,0.3447545791639702,0.3899913718723037
2025-11-07,West,Web,13041,976,621,64.28999999999999,25.07,11880.96,128308.48999999999,26,84745.35,0.04186795491143317,4934.941923076923,0.33951876450264507,0.3899517809923783
2025-11-08,East,App,9844,640,400,41.93,16.36,7382.879999999999,109247.42,17,71712.22,0.0425,6426.318823529412,0.34357973854210927,0.3901740996899594
2025-11-08,East,Marketplace,7195,526,324,34.0,13.260000000000002,6142.57,131215.87,14,88992.0,0.043209876543209874,9372.562142857143,0.3217893536810753,0.39000000000000007
2025-11-08,East,Web,10411,759,462,48.760000000000005,19.02,8717.19,177593.62,20,153382.65,0.04329004329004329,8879.681,0.1363279266451126,0.39007383100902376
2025-11-08,North,App,11405,809,521,52.55,20.5,9053.67,169038.07,22,117547.11,0.04222648752399232,7683.548636363636,0.30461161796274655,0.390104662226451
2025-11-08,North,Marketplace,10192,726,446,46.64,18.19,8938.279999999999,184146.4,19,121023.55,0.042600896860986545,9691.915789473684,0.34278622878318554,0.39000857632933106
2025-11-08,North,Web,12939,912,603,63.36,24.71,11787.92,153808.33,25,105802.25,0.04145936981757877,6152.333199999999,0.312116255341957,0.3899936868686869
2025-11-08,South,App,10800,789,486,51.42,20.05,8523.09,101374.09,21,67584.4,0.043209876543209874,4827.337619047619,0.3333168268144257,0.3899260987942435
2025-11-08,South,Marketplace,9012,610,376,39.69,15.48,6573.45,104686.1,16,71258.92,0.0425531914893617,6542.88125,0.3193086761279674,0.3900226757369615
2025-11-08,South,Web,12566,945,543,57.36,22.380000000000003,10249.29,135717.5,23,87197.49,0.0423572744014733,5900.760869565217,0.357507395877466,0.39016736401673646
2025-11-08,West,App,11929,821,514,53.480000000000004,20.86,10123.71,188284.24,22,122230.38,0.042801556420233464,8558.374545454544,0.35081990930308343,0.39005235602094235
2025-11-08,West,Marketplace,10000,710,427,45.33,17.67,7559.1,103773.66,17,71751.06,0.03981264637002342,6104.332941176471,0.30858119488124447,0.3898080741230973
2025-11-08,West,Web,13241,967,591,62.99,24.57,11913.89,168863.4,25,123688.14,0.04230118443316413,6754.536,0.2675254673303984,0.39006191458961736
2025-11-09,East,App,8487,579,369,38.38,14.969999999999999,7201.900000000001,65049.25,16,43391.0,0.04336043360433604,4065.578125,0.3329515713094309,0.3900468994267847
2025-11-09,East,Marketplace,7376,535,338,35.33,13.780000000000001,6513.66,120037.8,14,78385.07,0.04142011834319527,8574.128571428571,0.34699677934783874,0.39003679592414386
2025-11-09,East,Web,11090,740,472,49.31,19.23,8651.400000000001,142326.38,20,94143.8,0.0423728813559322,7116.319,0.33853583573192825,0.38998174812411274
2025-11-09,North,App,12667,903,562,59.5,23.21,11044.98,112120.63,24,77630.2,0.042704626334519574,4671.692916666667,0.30761894577295906,0.3900840336134454
2025-11-09,North,Marketplace,10843,715,460,49.51,19.31,8275.64,107413.31,19,85785.12000000001,0.041304347826086954,5653.332105263158,0.20135484140652576,0.39002221773379114
2025-11-09,North,Web,13992,1043,630,67.15,26.189999999999998,11423.169999999998,128801.68000000001,26,88686.31,0.04126984126984127,4953.91076923077,0.31145067362475404,0.39002233804914366
2025-11-09,South,App,12144,816,502,53.980000000000004,21.05,9732.86,106158.42,21,75394.77,0.04183266932270916,5055.162857142857,0.2897900138302736,0.38995924416450534
2025-11-09,South,Marketplace,8885,653,400,42.5,16.57,7578.709999999999,118784.55,17,77080.44,0.0425,6987.326470588236,0.3510903564478714,0.38988235294117646
2025-11-09,South,Web,12952,978,584,60.07000000000001,23.43,10859.26,193115.21000000002,24,125851.26,0.0410958904109589,8046.467083333334,0.3483099544567205,0.3900449475611786
2025-11-09,West,App,12990,807,508,52.379999999999995,20.43,9609.96,149184.05000000002,21,96494.52,0.04133858267716536,7104.002380952382,0.3531847405939174,0.3900343642611684
2025-11-09,West,Marketplace,9876,686,429,44.72,17.439999999999998,8159.76,120654.83,18,78727.5,0.04195804195804196,6703.046111111111,0.34749814822995484,0.3899821109123434
2025-11-09,West,Web,14014,989,604,63.53,24.78,11272.05,311820.27,25,206013.91,0.041390728476821195,12472.810800000001,0.3393184157014552,0.3900519439634818
2025-11-10,East,App,7819,555,347,36.58,14.26,6750.120000000001,143110.9,15,93774.41,0.043227665706051875,9540.726666666666,0.34474306289737533,0.3898305084745763
2025-11-10,East,Marketplace,7026,479,290,29.67,11.57,5337.530000000001,138667.96,13,93200.94,0.04482758620689655,10666.766153846153,0.32788410531171003,0.3899561846983485
2025-11-10,East,Web,8438,621,383,41.66,16.240000000000002,6986.8099999999995,94780.87,16,64093.909999999996,0.04177545691906005,5923.804375,0.3237674437890262,0.38982237157945276
2025-11-10,North,App,12071,895,495,51.19,19.96,8382.43,161516.47,21,108633.59,0.04242424242424243,7691.260476190476,0.32741478314874023,0.38991990623168593
2025-11-10,North,Marketplace,9353,697,422,44.78,17.46,8205.31,132646.57,18,87851.19,0.04265402843601896,7369.253888888889,0.33770477442424635,0.38990620812862886
2025-11-10,North,Web,13488,893,545,55.41,21.619999999999997,10295.48,152396.19,23,102262.57,0.04220183486238532,6625.921304347826,0.3289689853794901,0.3901822775672261
2025-11-10,South,App,9433,662,422,43.400000000000006,16.93,7809.150000000001,116701.85,18,76605.51000000001,0.04265402843601896,6483.436111111111,0.3435793005852092,0.39009216589861745
2025-11-10,South,Marketplace,7900,547,335,34.46,13.43,6047.05,93162.06,14,61307.29,0.041791044776119404,6654.432857142857,0.3419285704931814,0.389727219965177
2025-11-10,South,Web,11283,752,471,48.21,18.810000000000002,8193.5,61383.240000000005,19,42779.03,0.040339702760084924,3230.6968421052634,0.30308289363676477,0.3901680149346609
2025-11-10,West,App,10290,736,443,45.33,17.68,8070.71,170174.52000000002,19,110099.17,0.04288939051918736,8956.553684210527,0.35302200352908303,0.3900286785793073
2025-11-10,West,Marketplace,9293,630,392,39.7,15.48,7204.219999999999,170645.62,17,114173.66,0.04336734693877551,10037.977647058824,0.33093120116414354,0.38992443324937026
2025-11-10,West,Web,11126,767,509,53.239999999999995,20.759999999999998,9284.41,92934.61,21,73117.27,0.0412573673870334,4425.457619047619,0.21323961008713543,0.3899323816679189
2025-11-11,East,App,7635,567,345,36.29,14.150000000000002,6390.469999999999,119280.83,14,79745.29,0.04057971014492753,8520.059285714286,0.33144923622681033,0.38991457701846244
2025-11-11,East,Marketplace,6714,438,291,29.83,11.64,5374.21,68617.41,12,49742.25,0.041237113402061855,5718.1175,0.2750782928122761,0.39021119678176336
2025-11-11,East,Web,9718,634,398,43.239999999999995,16.86,7657.74,139080.03,17,93914.65,0.04271356783919598,8181.178235294117,0.32474381836127014,0.3899167437557817
2025-11-11,North,App,10626,779,493,50.5,19.689999999999998,9121.76,147420.88,21,97087.29,0.04259634888438134,7020.041904761905,0.34142782216467576,0.38990099009900986
2025-11-11,North,Marketplace,8674,605,388,40.39,15.760000000000002,7353.849999999999,118073.99,17,79351.83,0.04381443298969072,6945.528823529412,0.3279482636269004,0.3901955929685566
2025-11-11,North,Web,11499,884,571,59.05,23.03,11565.95,252711.79,24,167843.13,0.04203152364273205,10529.657916666667,0.3358318185313,0.3900084674005081
2025-11-11,South,App,10172,622,405,42.290000000000006,16.5,7240.6900000000005,164104.75,17,108898.24,0.04197530864197531,9653.220588235294,0.33641018922365135,0.39016315913927635
2025-11-11,South,Marketplace,8362,550,347,36.260000000000005,14.14,6456.1900000000005,70082.94,15,49640.41,0.043227665706051875,4672.196,0.29169053124769023,0.3899613899613899
2025-11-11,South,Web,11453,788,495,52.08,20.31,9159.43,160355.58,21,108131.47,0.04242424242424243,7635.98,0.3256769112743067,0.3899769585253456
2025-11-11,West,App,11876,747,478,51.239999999999995,19.98,9116.1,117193.2,20,91383.73,0.04184100418410042,5859.66,0.22023009867466714,0.3899297423887588
2025-11-11,West,Marketplace,8593,588,370,38.86,15.149999999999999,7069.05,169548.81,16,111461.59,0.043243243243243246,10596.800625,0.3425988067978773,0.38986103962943897
2025-11-11,West,Web,12888,843,518,54.69,21.33,9320.01,187839.36,22,124558.78,0.04247104247104247,8538.152727272727,0.3368866887110347,0.390016456390565
2025-11-12,East,App,9274,605,376,40.21,15.69,7193.07,107971.98,16,70871.64,0.0425531914893617,6748.24875,0.3436108145835614,0.3902014424272569
2025-11-12,East,Marketplace,7122,460,305,32.11,12.52,5859.83,68042.26,13,47595.23,0.04262295081967213,5234.0199999999995,0.30050486271326077,0.38990968545624416
2025-11-12,East,Web,9011,655,393,40.81,15.920000000000002,7189.709999999999,59269.58,16,60185.7,0.04071246819338423,3704.34875,-0.015456832999322677,0.3901004655721637
2025-11-12,North,App,10781,724,457,47.43000000000001,18.5,8122.03,140311.05000000002,19,94523.27,0.04157549234135667,7384.792105263159,0.3263305349079777,0.3900484925152856
2025-11-12,North,Marketplace,9326,657,404,44.33,17.29,6948.0,101159.86,17,68968.08,0.04207920792079208,5950.58,0.3182268144696918,0.39002932551319647
2025-11-12,North,Web,13060,897,552,56.67999999999999,22.1,11004.61,173925.84,23,115565.75,0.041666666666666664,7561.993043478261,0.33554582803797295,0.389908256880734
2025-11-12,South,App,8877,646,403,41.83,16.310000000000002,7313.33,104142.95,17,68897.21,0.04218362282878412,6126.055882352941,0.338436159144714,0.38991154673679185
2025-11-12,South,Marketplace,6943,538,321,33.64,13.120000000000001,5845.07,95123.59,13,68577.04,0.040498442367601244,7317.199230769231,0.2790743074352009,0.39001189060642094
2025-11-12,South,Web,10129,776,481,52.28,20.39,8605.32,200859.1,21,135789.52,0.04365904365904366,9564.719047619048,0.32395634551782826,0.39001530221882175
2025-11-12,West,App,10047,748,455,47.91,18.689999999999998,8468.470000000001,97515.38,19,66125.13,0.041758241758241756,5132.388421052632,0.32190050431019185,0.39010644959298685
2025-11-12,West,Marketplace,8662,628,379,38.95,15.190000000000001,7172.880000000001,185293.08,16,126848.88,0.04221635883905013,11580.8175,0.3154149091806342,0.389987163029525
2025-11-12,West,Web,12391,826,534,54.36,21.200000000000003,9141.380000000001,125208.76999999999,22,82386.54000000001,0.04119850187265917,5691.307727272727,0.3420066341998247,0.38999264164827085
2025-11-13,East,App,8052,576,355,37.230000000000004,14.52,6971.0,166117.78,15,112290.43000000001,0.04225352112676056,11074.518666666667,0.32403123855856963,0.3900080580177276
2025-11-13,East,Marketplace,6560,466,289,29.96,11.690000000000001,5064.34,154818.04,12,112019.73,0.04152249134948097,12901.503333333334,0.27644265487407027,0.3901869158878505
2025-11-13,East,Web,8858,603,393,41.05,16.02,6674.58,163799.66999999998,17,110345.22,0.043256997455470736,9635.274705882352,0.32634040105208995,0.3902557856272838
2025-11-13,North,App,10233,735,460,48.95,19.09,8464.98,216012.48,19,142387.6,0.041304347826086954,11369.077894736844,0.3408362331657875,0.3899897854954035
2025-11-13,North,Marketplace,9024,627,402,41.76,16.29,7826.51,97910.54000000001,17,64168.75,0.04228855721393035,5759.443529411765,0.34461856711238653,0.3900862068965517
2025-11-13,North,Web,12819,912,583,60.52,23.6,10355.78,195244.77000000002,25,129515.51999999999,0.04288164665523156,7809.790800000001,0.3366505028534184,0.38995373430270985
2025-11-13,South,App,10238,695,441,46.86,18.28,7502.38,218855.5,19,146210.97,0.04308390022675737,11518.71052631579,0.3319291952909568,0.3900981647460521
2025-11-13,South,Marketplace,8388,555,357,38.5,15.02,6044.360000000001,172602.18,15,116276.3,0.04201680672268908,11506.812,0.3263335376181227,0.3901298701298701
2025-11-13,South,Web,10842,783,471,49.260000000000005,19.21,8923.98,321582.69,20,222024.16,0.04246284501061571,16079.1345,0.3095892070558897,0.38997157937474625
2025-11-13,West,App,12800,798,495,52.349999999999994,20.42,8994.619999999999,162951.82,20,108926.2,0.04040404040404041,8147.591,0.3315435200416909,0.39006685768863425
2025-11-13,West,Marketplace,8298,616,380,41.05,16.009999999999998,6691.47,116710.02,16,86455.7,0.042105263157894736,7294.37625,0.259226414321581,0.39001218026796586
2025-11-13,West,Web,12522,847,529,53.95,21.04,9888.970000000001,175787.63,23,117669.14,0.043478260869565216,7642.9404347826085,0.3306176321963042,0.3899907321594068
2025-11-14,East,App,7990,557,345,36.36,14.190000000000001,6699.48,130956.62,14,86327.98999999999,0.04057971014492753,9354.044285714286,0.34078941560953546,0.3902640264026403
2025-11-14,East,Marketplace,6500,443,272,28.66,11.170000000000002,5129.42,94460.98999999999,11,64955.490000000005,0.04044117647058824,8587.362727272726,0.31235645529440237,0.3897418004187021
2025-11-14,East,Web,9724,655,419,43.19,16.85,7487.27,85103.0,17,56689.71,0.0405727923627685,5006.058823529412,0.3338694288097952,0.390136605695763
2025-11-14,North,App,10824,762,464,48.24,18.810000000000002,9104.69,206216.62,20,134055.15,0.04310344827586207,10310.831,0.3499304275281013,0.3899253731343284
2025-11-14,North,Marketplace,9443,653,412,43.870000000000005,17.11,6813.120000000001,86611.67,17,61615.85,0.0412621359223301,5094.804117647059,0.2885964443359654,0.39001595623432866
2025-11-14,North,Web,13486,879,554,56.59,22.07,10154.810000000001,243529.99,23,162068.67,0.04151624548736462,10588.260434782609,0.3345022105901617,0.3899982329033398
2025-11-14,South,App,10357,698,424,43.78,17.07,8245.88,160885.18,18,114664.09999999999,0.04245283018867924,8938.065555555555,0.2872923410347678,0.38990406578346276
2025-11-14,South,Marketplace,8085,543,347,35.48,13.829999999999998,6080.3099999999995,99788.26,14,64500.45,0.040345821325648415,7127.732857142857,0.3536268695335503,0.3897970687711387
2025-11-14,South,Web,10558,774,488,51.43,20.05,8320.84,206418.07,21,139418.89,0.0430327868852459,9829.431904761905,0.3245800137555786,0.38985028193661286
2025-11-14,West,App,11567,760,462,50.07,19.53,8396.69,143743.68,19,97379.36,0.04112554112554113,7565.456842105263,0.3225485809184793,0.39005392450569204
2025-11-14,West,Marketplace,9105,643,402,41.019999999999996,16.0,6871.05,238231.63,17,160713.98,0.04228855721393035,14013.625294117648,0.32538773293873696,0.3900536323744515
2025-11-14,West,Web,12212,833,526,54.849999999999994,21.39,10206.49,211778.79,22,137577.23,0.04182509505703422,9626.308636363638,0.35037295283441744,0.38997265268915227
2025-11-15,East,App,8626,621,388,40.71,15.88,7039.92,179183.04,16,126741.82,0.041237113402061855,11198.94,0.29266843558408207,0.39007614836649473
2025-11-15,East,Marketplace,7552,517,324,34.260000000000005,13.36,5742.96,55178.56,14,39647.99,0.043209876543209874,3941.325714285714,0.2814602265807589,0.3899591360186806
2025-11-15,East,Web,9626,685,424,42.86,16.71,7832.860000000001,221090.38,18,160361.52,0.04245283018867924,12282.798888888889,0.2746788892397761,0.3898740083994401
2025-11-15,North,App,12998,960,564,58.2,22.7,10536.55,189225.96,24,149222.22,0.0425531914893617,7884.415,0.2114072508867176,0.39003436426116833
2025-11-15,North,Marketplace,10848,699,448,48.120000000000005,18.76,8118.64,98400.95999999999,19,64137.98,0.04241071428571429,5178.997894736842,0.348197619210219,0.38985868661679135
2025-11-15,North,Web,15764,1043,626,67.24,26.23,10667.73,216870.79,26,152577.87,0.04153354632587859,8341.184230769231,0.29645725918183824,0.3900951814396193
2025-11-15,South,App,11424,781,490,53.72,20.950000000000003,9108.619999999999,148653.41,22,97679.84,0.044897959183673466,6756.973181818182,0.3429021238059726,0.38998510796723757
2025-11-15,South,Marketplace,9174,640,403,40.88,15.95,7334.26,108378.31999999999,17,73148.0,0.04218362282878412,6375.195294117647,0.3250679656226448,0.3901663405088062
2025-11-15,South,Web,13107,848,543,57.17,22.29,9813.59,219435.68,22,142909.56,0.040515653775322284,9974.34909090909,0.3487405512175595,0.38988980234388665
2025-11-15,West,App,11724,809,522,54.21,21.14,9333.29,117718.45,21,104610.28,0.040229885057471264,5605.640476190476,0.11135187389912116,0.38996495111603025
2025-11-15,West,Marketplace,9292,672,400,42.760000000000005,16.67,7243.570000000001,66517.65,17,46658.41,0.0425,3912.80294117647,0.2985559471809361,0.3898503274087933
2025-11-15,West,Web,14515,997,643,67.14,26.189999999999998,11811.95,313706.8,27,206914.11,0.041990668740279936,11618.77037037037,0.3404219800144594,0.3900804289544236
2025-11-16,East,App,7976,569,376,40.05,15.620000000000001,6907.17,102553.40000000001,15,65878.69,0.0398936170212766,6836.893333333334,0.357615739702438,0.3900124843945069
2025-11-16,East,Marketplace,7726,529,334,34.269999999999996,13.36,6645.29,160276.9,14,107166.19,0.041916167664670656,11448.35,0.3313684629538005,0.3898453457834841
2025-11-16,East,Web,10933,727,454,48.03,18.73,8531.41,151930.65,19,97779.03,0.04185022026431718,7996.349999999999,0.3564232760144184,0.389964605454924
2025-11-16,North,App,12129,884,543,56.98,22.22,10792.36,206954.9,22,136497.69,0.040515653775322284,9407.040909090909,0.340447169890638,0.38996138996138996
2025-11-16,North,Marketplace,10071,719,441,46.72,18.22,8379.42,155253.3,19,103190.23,0.04308390022675737,8171.226315789473,0.33534275921993284,0.38998287671232873
2025-11-16,North,Web,14836,1038,648,70.46,27.479999999999997,12289.69,343913.38,27,225878.37,0.041666666666666664,12737.532592592594,0.34321145051117236,0.39000851546977006
2025-11-16,South,App,10469,721,462,49.74,19.4,7976.98,166355.45,19,109552.09,0.04112554112554113,8755.550000000001,0.34145776408287204,0.3900281463610776
2025-11-16,South,Marketplace,9204,643,400,42.49,16.57,7630.86,187271.33000000002,17,126344.42,0.0425,11015.960588235295,0.3253402963496869,0.38997411155566014
2025-11-16,South,Web,13455,836,521,54.15,21.119999999999997,9701.72,172164.88,23,112936.43,0.044145873320537425,7485.429565217391,0.34402167271280887,0.3900277008310249
2025-11-16,West,App,11454,800,507,54.05,21.08,8869.22,123188.76000000001,21,82349.37,0.04142011834319527,5866.131428571429,0.33151880090358904,0.39000925069380205
2025-11-16,West,Marketplace,9512,660,431,45.980000000000004,17.93,7923.98,95199.01,18,65201.39,0.04176334106728538,5288.833888888888,0.3151043272403778,0.38995215311004783
2025-11-16,West,Web,12859,931,588,60.16,23.46,11027.900000000001,166255.04,25,145190.65,0.04251700680272109,6650.2016,0.12669925675636667,0.38996010638297873
2025-11-17,East,App,7650,588,365,39.22,15.29,6683.54,183688.05,15,118546.78,0.0410958904109589,12245.869999999999,0.3546298738540694,0.3898521162672106
2025-11-17,East,Marketplace,6629,439,284,29.97,11.690000000000001,5394.26,68156.20999999999,12,46880.49,0.04225352112676056,5679.684166666666,0.3121611368942023,0.39005672339005676
2025-11-17,East,Web,9816,620,414,43.93,17.14,7951.26,217679.88999999998,17,143248.41999999998,0.04106280193236715,12804.699411764705,0.34193085084708563,0.39016617345777377
2025-11-17,North,App,10555,783,472,50.46,19.68,8113.52,129101.51,20,86559.68,0.0423728813559322,6455.0755,0.3295223270432701,0.39001189060642094
2025-11-17,North,Marketplace,8265,627,407,42.480000000000004,16.57,7623.599999999999,203646.13,17,137639.8,0.04176904176904177,11979.184117647059,0.3241226828125829,0.3900659133709981
2025-11-17,North,Web,12050,897,557,57.16,22.29,10345.41,209545.38,24,171575.66999999998,0.04308797127468582,8731.0575,0.18120041587173155,0.38995801259622115
2025-11-17,South,App,10229,690,426,45.260000000000005,17.65,7855.139999999999,98805.91,18,83914.23,0.04225352112676056,5489.2172222222225,0.150716490541912,0.389969067609368
2025-11-17,South,Marketplace,7919,572,364,40.22,15.69,6610.98,126357.89,15,85054.91,0.04120879120879121,8423.859333333334,0.32687297959787076,0.39010442565887615
2025-11-17,South,Web,11198,753,488,49.5,19.31,9188.34,128239.82,20,87300.75,0.040983606557377046,6411.991,0.319238361376365,0.39010101010101006
2025-11-17,West,App,10719,631,435,47.93,18.689999999999998,8088.31,78763.06,18,52044.88,0.041379310344827586,4375.725555555556,0.3392222191468945,0.38994366784894635
2025-11-17,West,Marketplace,8610,607,382,39.97,15.59,7387.41,121663.72,16,77591.39,0.041884816753926704,7603.9825,0.3622471020941987,0.3900425318989242
2025-11-17,West,Web,12674,850,528,56.0,21.84,9688.29,192197.62,23,126367.52,0.043560606060606064,8356.418260869565,0.342512565972461,0.39
2025-11-18,East,App,8686,566,362,38.14,14.88,6452.8099999999995,153034.67,15,107864.44,0.04143646408839779,10202.311333333335,0.2951633770308389,0.3901415836392239
2025-11-18,East,Marketplace,6702,464,290,29.619999999999997,11.55,5342.030000000001,152042.88,13,102255.81999999999,0.04482758620689655,11695.606153846154,0.3274540708515914,0.38993923024983124
2025-11-18,East,Web,9124,655,405,42.07,16.41,7518.32,191465.96,17,132593.27000000002,0.04197530864197531,11262.703529411765,0.3074838472593247,0.3900641787497029
2025-11-18,North,App,11303,860,504,52.36,20.42,8622.29,154420.1,22,104088.98,0.04365079365079365,7019.095454545455,0.3259363256467261,0.3899923605805959
2025-11-18,North,Marketplace,9293,650,396,41.14,16.05,6561.38,104564.31,16,68695.04,0.04040404040404041,6535.269375,0.3430354965284044,0.39013125911521634
2025-11-18,North,Web,13186,893,574,61.71,24.07,10037.92,185312.27,25,121820.31,0.04355400696864112,7412.4908,0.3426214572839672,0.39005023497002106
2025-11-18,South,App,9051,657,416,43.35,16.91,7452.95,109282.32,17,71623.07,0.040865384615384616,6428.371764705883,0.34460514747490717,0.39008073817762395
2025-11-18,South,Marketplace,7609,532,350,36.49,14.23,6707.26,126751.25,15,88060.73,0.04285714285714286,8450.083333333334,0.3052476405558131,0.3899698547547273
2025-11-18,South,Web,11703,890,529,55.78,21.759999999999998,10462.79,129844.36,22,93582.37,0.04158790170132325,5902.016363636364,0.27927273853096124,0.3901039799211186
2025-11-18,West,App,10712,768,476,50.379999999999995,19.65,8297.539999999999,172066.14,20,112653.43,0.04201680672268908,8603.307,0.34528995652485733,0.39003572846367607
2025-11-18,West,Marketplace,8800,599,371,38.69,15.09,6290.1,140354.17,16,93710.55,0.0431266846361186,8772.135625,0.33232799566981164,0.39002326182476094
2025-11-18,West,Web,13160,919,540,56.69,22.11,9409.19,158437.87,22,116851.06999999999,0.040740740740740744,7201.721363636363,0.2624801759831788,0.3900158758158405
2025-11-19,East,App,7900,592,361,37.400000000000006,14.59,6602.76,138978.51,15,90649.39,0.04155124653739612,9265.234,0.3477452737117415,0.39010695187165767
2025-11-19,East,Marketplace,6211,427,276,28.69,11.190000000000001,5145.860000000001,57163.99,12,37456.44,0.043478260869565216,4763.6658333333335,0.344754626120395,0.39003136981526665
2025-11-19,East,Web,8876,595,395,41.29,16.1,7032.05,133469.82,17,96026.88,0.043037974683544304,7851.1658823529415,0.2805348804696073,0.38992492128844763
2025-11-19,North,App,11207,781,486,51.21,19.97,9761.029999999999,128788.95,20,86208.43000000001,0.0411522633744856,6439.4475,0.3306224641166807,0.38996289787150945
2025-11-19,North,Marketplace,9064,642,403,42.480000000000004,16.57,7296.21,143069.54,17,92473.62,0.04218362282878412,8415.855294117648,0.35364564672536175,0.3900659133709981
2025-11-19,North,Web,13455,907,572,60.510000000000005,23.6,10690.95,138594.63,24,90642.56,0.04195804195804196,5774.77625,0.34598793618482915,0.39001817881341927
2025-11-19,South,App,10233,659,431,44.34,17.29,8009.43,119374.69,18,77152.94,0.04176334106728538,6631.927222222223,0.353690970841474,0.3899413622011727
2025-11-19,South,Marketplace,8483,578,366,36.76,14.34,6751.719999999999,139303.02,16,92101.33,0.04371584699453552,8706.43875,0.3388418284111859,0.39009793253536457
2025-11-19,South,Web,10865,715,477,50.620000000000005,19.74,8867.05,215495.39,20,144627.84,0.041928721174004195,10774.7695,0.32885877512275324,0.3899644409324377
2025-11-19,West,App,10355,726,469,49.31,19.23,7985.099999999999,164003.07,20,108754.03,0.042643923240938165,8200.1535,0.33687808405049985,0.38998174812411274
2025-11-19,West,Marketplace,9360,633,385,39.47,15.39,6929.77,215293.52,16,142627.26,0.04155844155844156,13455.845,0.33752181672722886,0.38991639219660507
2025-11-19,West,Web,11509,826,518,54.64,21.31,9588.83,152944.77000000002,21,104048.73,0.04054054054054054,7283.084285714287,0.3196973652645986,0.39000732064421667
2025-11-20,East,App,8253,569,367,38.53,15.030000000000001,6645.07,85047.77,16,57218.8,0.043596730245231606,5315.485625,0.3272157518063084,0.3900856475473657
2025-11-20,East,Marketplace,7023,500,314,33.019999999999996,12.879999999999999,6104.299999999999,145874.03,13,95054.4,0.041401273885350316,11221.07923076923,0.3483802428711951,0.39006662628709876
2025-11-20,East,Web,9400,635,407,41.89,16.34,7291.76,130537.31,17,84853.97,0.04176904176904177,7678.665294117647,0.3499638532462481,0.39006922893291957
2025-11-20,North,App,12572,822,535,55.1,21.490000000000002,10044.93,245402.16,23,164092.65,0.04299065420560748,10669.659130434782,0.33133168021014975,0.3900181488203267
2025-11-20,North,Marketplace,10917,785,459,47.4,18.48,8658.83,156838.43,19,103521.77,0.04139433551198257,8254.654210526316,0.33994640216686683,0.389873417721519
2025-11-20,North,Web,12901,952,568,60.309999999999995,23.520000000000003,9753.5,206800.13,23,134818.25,0.040492957746478875,8991.31,0.34807463612329453,0.3899850771016416
2025-11-20,South,App,9660,722,455,49.47,19.29,8445.21,84287.95999999999,19,62122.22,0.041758241758241756,4436.208421052631,0.26297634917252705,0.3899332929047908
2025-11-20,South,Marketplace,8835,619,398,41.71,16.27,7286.950000000001,87214.42,16,58370.01,0.04020100502512563,5450.90125,0.330729826558498,0.3900743227043874
2025-11-20,South,Web,12135,802,526,54.739999999999995,21.35,9985.17,206596.49,22,135910.97,0.04182509505703422,9390.749545454544,0.3421428892620586,0.3900255754475704
2025-11-20,West,App,10703,764,485,51.98,20.27,9404.15,185908.98,21,121385.01000000001,0.04329896907216495,8852.808571428572,0.3470729063222228,0.38995767602924203
2025-11-20,West,Marketplace,9348,659,405,42.62,16.62,7783.58,138920.45,17,91974.71,0.04197530864197531,8171.791176470589,0.33793253621047153,0.3899577663068982
2025-11-20,West,Web,11717,829,531,55.33,21.58,9757.15,193213.7,22,127504.45999999999,0.04143126177024482,8782.44090909091,0.34008582207162336,0.3900234953912886
2025-11-21,East,App,9152,638,376,38.83,15.14,6763.91,127317.98,15,85931.22,0.0398936170212766,8487.865333333333,0.3250661061383474,0.3899047128508885
2025-11-21,East,Marketplace,7676,464,310,32.620000000000005,12.719999999999999,5835.639999999999,197893.26,13,143597.05,0.041935483870967745,15222.558461538461,0.27437119384460096,0.3899448191293684
2025-11-21,East,Web,10461,671,431,43.67,17.03,8492.74,95428.53,18,65577.54000000001,0.04176334106728538,5301.585,0.31280991124981167,0.389970231280055
2025-11-21,North,App,12229,854,547,58.43,22.79,9902.400000000001,157941.04,23,105568.66,0.04204753199268738,6867.001739130435,0.3315944988079096,0.3900393633407496
2025-11-21,North,Marketplace,10481,698,448,47.86,18.67,7949.88,85542.31,19,55520.01,0.04241071428571429,4502.226842105263,0.3509643356603299,0.39009611366485586
2025-11-21,North,Web,13210,948,597,62.64,24.43,11768.58,253994.18,25,173679.59,0.04187604690117253,10159.7672,0.31620641858801646,0.39000638569604085
2025-11-21,South,App,10598,723,464,48.760000000000005,19.02,8596.88,89997.42,20,58053.39,0.04310344827586207,4499.871,0.3549438417234627,0.39007383100902376
2025-11-21,South,Marketplace,9268,619,386,39.83,15.53,7039.48,99063.59,16,64229.37,0.04145077720207254,6191.474375,0.351634944786475,0.3899071051970876
2025-11-21,South,Web,13153,836,529,55.86,21.79,9515.86,140746.39,22,92907.13,0.04158790170132325,6397.563181818183,0.33989688829674425,0.39008234872896524
2025-11-21,West,App,11052,772,481,51.64,20.14,9236.67,144250.26,20,96986.89,0.04158004158004158,7212.513000000001,0.32764842156956947,0.390007745933385
2025-11-21,West,Marketplace,8929,626,388,41.36,16.14,6914.139999999999,141769.00999999998,16,104213.7,0.041237113402061855,8860.563124999999,0.2649049323261832,0.3902321083172147
2025-11-21,West,Web,13126,981,579,58.14,22.67,10345.83,200516.18,25,130575.18000000001,0.04317789291882556,8020.647199999999,0.3488047697697013,0.38992088063295494
2025-11-22,East,App,8347,614,369,38.629999999999995,15.07,6912.26,125075.57,15,82016.09,0.04065040650406504,8338.371333333334,0.3442677095135366,0.39011131245146263
2025-11-22,East,Marketplace,6822,476,316,33.69,13.14,5451.43,147880.38,13,96244.73,0.04113924050632911,11375.413846153846,0.3491717427288191,0.39002671415850404
2025-11-22,East,Web,10869,757,462,48.64,18.97,8666.31,128274.93,20,83744.76,0.04329004329004329,6413.746499999999,0.34714632079705676,0.3900082236842105
2025-11-22,North,App,13015,926,576,60.66,23.66,10016.11,284865.01,25,191010.56,0.043402777777777776,11394.600400000001,0.32946991278430443,0.3900428618529509
2025-11-22,North,Marketplace,10595,740,474,50.980000000000004,19.88,8939.73,167390.28,20,112376.44,0.04219409282700422,8369.514,0.32865612029563485,0.3899568458218909
2025-11-22,North,Web,15622,1020,635,66.12,25.79,12998.47,257417.05,27,174308.16999999998,0.04251968503937008,9533.964814814814,0.3228569358556475,0.39004839685420445
2025-11-22,South,App,11034,760,467,49.0,19.11,9230.98,186302.13,20,124821.59999999999,0.042826552462526764,9315.1065,0.33000443956276837,0.39
2025-11-22,South,Marketplace,8934,632,384,41.83,16.310000000000002,7235.66,129730.32,16,95346.92,0.041666666666666664,8108.145,0.2650375024126974,0.38991154673679185
2025-11-22,South,Web,12119,912,550,57.53,22.43,10153.05,198848.53,24,131601.33000000002,0.04363636363636364,8285.355416666667,0.33818303811448835,0.38988353902311834
2025-11-22,West,App,11402,771,489,50.120000000000005,19.55,8930.86,168625.01,20,109367.02,0.0408997955010225,8431.2505,0.35141874861860645,0.39006384676775735
2025-11-22,West,Marketplace,10107,681,430,45.5,17.74,8016.6900000000005,152349.99,18,102996.69,0.04186046511627907,8463.888333333332,0.32394685421377445,0.38989010989010986
2025-11-22,West,Web,13814,938,612,64.88,25.310000000000002,11416.279999999999,184776.04,27,120737.98,0.04411764705882353,6843.557037037037,0.3465712329369111,0.39010480887792853
2025-11-23,East,App,8486,602,376,39.09,15.24,6437.58,131016.7,16,82855.7,0.0425531914893617,8188.54375,0.36759436010829155,0.38986953184957784
2025-11-23,East,Marketplace,7993,543,338,34.45,13.43,6470.26,53864.42,14,45286.85,0.04142011834319527,3847.4585714285713,0.15924370855566625,0.38984034833091435
2025-11-23,East,Web,9584,638,422,43.629999999999995,17.02,8073.02,217072.88999999998,18,141715.80000000002,0.04265402843601896,12059.605,0.34715108828191293,0.39009855603942245
2025-11-23,North,App,12145,907,555,57.86,22.57,9613.17,213375.6,23,141918.46,0.04144144144144144,9277.2,0.33488899386808996,0.39007950224680266
2025-11-23,North,Marketplace,9681,672,433,45.900000000000006,17.9,7643.780000000001,123545.22,19,81985.64,0.04387990762124711,6502.38,0.3363916467185052,0.3899782135076252
2025-11-23,North,Web,15043,1023,636,63.71000000000001,24.85,11904.19,195852.67,27,133016.85,0.04245283018867924,7253.802592592593,0.3208320826057669,0.39004865798147853
2025-11-23,South,App,10547,741,469,49.43000000000001,19.28,8408.55,183723.94,20,126485.48,0.042643923240938165,9186.197,0.3115460075589496,0.39004653044709686
2025-11-23,South,Marketplace,10019,633,404,42.739999999999995,16.67,7905.799999999999,146786.36,17,94829.91,0.04207920792079208,8634.491764705881,0.3539596594669967,0.39003275620028083
2025-11-23,South,Web,13524,900,567,60.36,23.54,10974.9,127948.28,23,83602.31,0.04056437389770723,5562.968695652174,0.3465929358331351,0.38999337309476473
2025-11-23,West,App,12195,821,531,54.73,21.340000000000003,9499.039999999999,145087.4,22,94004.01,0.04143126177024482,6594.881818181818,0.3520870178940418,0.3899141238808698
2025-11-23,West,Marketplace,9222,646,402,43.33,16.9,7305.74,160442.96,17,109441.28,0.04228855721393035,9437.821176470588,0.317880447979768,0.3900300023078698
2025-11-23,West,Web,13197,941,591,62.36,24.32,10932.29,252481.07,25,178768.16,0.04230118443316413,10099.2428,0.2919542047251305,0.3899935856318153
2025-11-24,East,App,7676,520,334,35.53,13.86,5843.9,54147.9,14,36994.86,0.041916167664670656,3867.707142857143,0.3167812602150776,0.3900928792569659
2025-11-24,East,Marketplace,7349,466,286,30.21,11.780000000000001,5089.43,127659.07,12,85435.1,0.04195804195804196,10638.255833333335,0.3307557387030941,0.389937106918239
2025-11-24,East,Web,9750,607,390,40.83,15.93,6933.85,138232.88,16,89527.29,0.041025641025641026,8639.555,0.35234446392204233,0.39015429831006615
2025-11-24,North,App,11817,776,488,51.6,20.119999999999997,8568.77,166754.21,21,109324.36,0.0430327868852459,7940.676666666666,0.34439820140073224,0.389922480620155
2025-11-24,North,Marketplace,8581,642,395,42.05,16.4,7227.639999999999,65961.06,16,44463.4,0.04050632911392405,4122.56625,0.3259144107144427,0.39001189060642094
2025-11-24,North,Web,11667,841,522,54.95,21.43,9870.380000000001,186323.68,22,123767.91,0.0421455938697318,8469.25818181818,0.33573708934902957,0.3899909008189263
2025-11-24,South,App,9505,615,402,43.53,16.98,7599.69,158657.79,17,106629.98999999999,0.04228855721393035,9332.811176470588,0.3279246483894678,0.39007580978635426
2025-11-24,South,Marketplace,7840,519,338,35.55,13.86,6016.59,94810.62,14,62379.72,0.04142011834319527,6772.187142857142,0.34205978191050745,0.389873417721519
2025-11-24,South,Web,10750,803,479,49.78,19.41,8969.76,202143.53999999998,20,133480.95,0.04175365344467641,10107.177,0.339672442661289,0.38991562876657293
2025-11-24,West,App,10662,724,448,47.11,18.38,8786.43,162202.95,18,105986.22,0.04017857142857143,9011.275000000001,0.3465826607962433,0.39015071110167693
2025-11-24,West,Marketplace,9043,597,379,39.72,15.49,6691.5,148879.48,16,99067.2,0.04221635883905013,9304.9675,0.33458123308867016,0.3899798590130917
2025-11-24,West,Web,12541,864,528,54.07,21.09,9459.16,215184.39,21,179735.21,0.03977272727272727,10246.875714285716,0.1647386225366999,0.3900499352690956
2025-11-25,East,App,8124,583,357,37.769999999999996,14.73,6516.38,141801.82,15,93590.32,0.04201680672268908,9453.454666666667,0.33999211011537084,0.3899920571882447
2025-11-25,East,Marketplace,6512,434,274,28.119999999999997,10.97,5457.719999999999,144773.07,12,94557.13,0.043795620437956206,12064.4225,0.34685967493816355,0.3901137980085349
2025-11-25,East,Web,9201,678,427,44.07,17.19,8097.880000000001,129807.45,18,88572.23,0.04215456674473068,7211.525,0.31766451001078905,0.3900612661674609
2025-11-25,North,App,10564,769,481,49.37,19.259999999999998,9316.19,170668.6,20,127687.84,0.04158004158004158,8533.43,0.2518375377778924,0.39011545472959286
2025-11-25,North,Marketplace,10162,686,436,46.31,18.05,7817.54,146068.84,18,98503.2,0.04128440366972477,8114.935555555556,0.3256385140047665,0.3897646296696178
2025-11-25,North,Web,13365,883,574,61.09,23.83,10047.189999999999,189139.17,25,127473.89,0.04355400696864112,7565.5668000000005,0.32603124989921445,0.39008020952692746
2025-11-25,South,App,10269,695,436,46.67,18.21,8079.41,60054.189999999995,18,39903.44,0.04128440366972477,3336.3438888888886,0.33554278227713996,0.39018641525605313
2025-11-25,South,Marketplace,7859,555,346,35.28,13.760000000000002,6244.5,60260.23,15,46873.01,0.04335260115606936,4017.3486666666668,0.22215680225581616,0.3900226757369615
2025-11-25,South,Web,10536,790,493,51.480000000000004,20.08,8934.9,110836.69,21,80035.02,0.04259634888438134,5277.93761904762,0.27790138806923953,0.39005439005438997
2025-11-25,West,App,11050,791,479,51.879999999999995,20.240000000000002,8994.59,210045.85,20,139779.21,0.04175365344467641,10502.2925,0.3345300085671772,0.39013107170393224
2025-11-25,West,Marketplace,9107,619,388,40.83,15.93,6977.129999999999,100139.16,16,65648.6,0.041237113402061855,6258.6975,0.34442629636597705,0.39015429831006615
2025-11-25,West,Web,12388,873,528,55.72,21.73,9654.93,141809.42,22,95762.69,0.041666666666666664,6445.882727272728,0.32470854192902,0.38998564249820533
2025-11-26,East,App,8272,578,352,36.69,14.31,6997.37,133082.64,15,96189.42,0.04261363636363636,8872.176000000001,0.2772203797580211,0.39002452984464436
2025-11-26,East,Marketplace,7019,467,288,30.93,12.07,5624.17,184555.23,12,122818.25,0.041666666666666664,15379.6025,0.33451764005820916,0.39023601681215647
2025-11-26,East,Web,8852,645,407,42.85,16.71,7664.67,146950.93,17,99976.54999999999,0.04176904176904177,8644.172352941176,0.3196603110984055,0.3899649941656943
2025-11-26,North,App,10892,755,481,49.379999999999995,19.259999999999998,8534.9,138332.04,20,95490.27,0.04158004158004158,6916.602000000001,0.30970243769989947,0.39003645200486026
2025-11-26,North,Marketplace,9914,650,396,42.010000000000005,16.38,7084.76,161660.4,17,113166.38,0.04292929292929293,9509.435294117648,0.2999746381921608,0.3899071649607236
2025-11-26,North,Web,11490,965,573,60.12,23.45,11044.31,184866.84,25,126276.29,0.04363001745200698,7394.6736,0.31693379948507805,0.39005322687957417
2025-11-26,South,App,9596,641,416,44.59,17.39,8016.209999999999,259145.97999999998,17,173112.04,0.040865384615384616,15243.881176470588,0.3319902550678192,0.3899977573446961
2025-11-26,South,Marketplace,8138,555,350,36.79,14.350000000000001,6019.28,176880.11,15,116465.0,0.04285714285714286,11792.007333333333,0.3415596586863271,0.39005164446860563
2025-11-26,South,Web,11955,800,510,53.69,20.939999999999998,9268.09,224710.25,21,168134.94,0.041176470588235294,10700.488095238095,0.2517700460926905,0.3900167628981188
2025-11-26,West,App,9883,718,451,48.64,18.97,8685.93,107255.36,19,70320.0,0.04212860310421286,5645.018947368421,0.3443684306313456,0.3900082236842105
2025-11-26,West,Marketplace,8047,617,353,36.519999999999996,14.24,6478.0,126648.32,15,82633.11,0.042492917847025496,8443.221333333333,0.3475388382569939,0.38992332968236587
2025-11-26,West,Web,13647,957,574,62.72,24.46,10303.779999999999,232912.87,24,155095.85,0.041811846689895474,9704.702916666667,0.3341035641353781,0.3899872448979592
2025-11-27,East,App,7179,538,341,35.67,13.91,6036.28,104502.14,15,81630.56,0.04398826979472141,6966.809333333334,0.21886231229331765,0.38996355480796185
2025-11-27,East,Marketplace,6545,450,288,30.6,11.93,5037.379999999999,85672.69,12,56184.79,0.041666666666666664,7139.390833333334,0.34419253089870294,0.3898692810457516
2025-11-27,East,Web,10329,666,411,42.45,16.55,8298.4,136338.91,17,90823.33,0.0413625304136253,8019.935882352941,0.3338414543581139,0.38987043580683156
2025-11-27,North,App,10738,786,488,50.0,19.5,9163.86,198811.19,20,128551.3,0.040983606557377046,9940.5595,0.3534000777320431,0.39
2025-11-27,North,Marketplace,9350,671,408,42.2,16.46,7289.41,184053.27,17,121245.67,0.041666666666666664,10826.66294117647,0.34124685749946193,0.3900473933649289
2025-11-27,North,Web,14250,948,598,63.540000000000006,24.78,10301.79,255467.86,25,164913.41999999998,0.04180602006688963,10218.714399999999,0.35446509787963154,0.3899905571293673
2025-11-27,South,App,9186,726,431,46.93,18.3,7671.8099999999995,87598.98999999999,18,74389.85,0.04176334106728538,4866.610555555555,0.1507910079785165,0.3899424675047944
2025-11-27,South,Marketplace,8464,555,355,38.19,14.9,6739.139999999999,100018.81999999999,15,70934.12,0.04225352112676056,6667.921333333333,0.2907922728942413,0.3901544907043729
2025-11-27,South,Web,11361,776,490,50.760000000000005,19.79,9777.400000000001,212024.26,21,138631.81,0.04285714285714286,10096.393333333333,0.34615119043452863,0.3898739164696611
2025-11-27,West,App,10738,741,455,47.55,18.55,7957.42,100597.48,19,69317.45,0.041758241758241756,5294.604210526316,0.31094248086532583,0.3901156677181914
2025-11-27,West,Marketplace,8354,602,379,39.04,15.219999999999999,7239.41,179595.73,15,118570.59999999999,0.0395778364116095,11973.048666666667,0.3397916531757187,0.38985655737704916
2025-11-27,West,Web,11693,843,524,55.14,21.5,9869.09,137606.49,22,91606.6,0.04198473282442748,6254.840454545454,0.33428575934172866,0.3899165759883932
2025-11-28,East,App,7348,550,348,36.31,14.16,6201.05,115150.66,15,86664.76,0.04310344827586207,7676.710666666667,0.2473793897490471,0.3899752134398237
2025-11-28,East,Marketplace,6983,469,300,31.5,12.280000000000001,5748.549999999999,62722.14,13,45934.58,0.043333333333333335,4824.78,0.2676496688410185,0.3898412698412699
2025-11-28,East,Web,8757,633,403,41.519999999999996,16.19,7421.45,130340.22,17,92082.54000000001,0.04218362282878412,7667.071764705883,0.293521677345642,0.389932562620424
2025-11-28,North,App,11962,831,524,53.95,21.04,9450.15,192701.77000000002,22,127615.91,0.04198473282442748,8759.171363636364,0.3377543444463432,0.3899907321594068
2025-11-28,North,Marketplace,9274,624,395,41.76,16.28,8237.86,158185.29,17,103237.61,0.043037974683544304,9305.01705882353,0.347362766790768,0.3898467432950192
2025-11-28,North,Web,14593,943,595,62.1,24.22,11086.55,229013.62000000002,25,150381.09,0.04201680672268908,9160.544800000001,0.3433530721884577,0.3900161030595813
2025-11-28,South,App,10188,736,443,46.83,18.259999999999998,8036.26,148617.15,19,101636.57,0.04288939051918736,7821.9552631578945,0.31611815998355497,0.38992099081785175
2025-11-28,South,Marketplace,7993,521,334,34.95,13.620000000000001,6401.83,80870.09,14,51270.81,0.041916167664670656,5776.4349999999995,0.36601022701965585,0.38969957081545065
2025-11-28,South,Web,10521,764,481,48.93,19.08,9348.67,164366.58,20,112123.12000000001,0.04158004158004158,8218.329,0.31784721687340567,0.38994481912936846
2025-11-28,West,App,11043,692,436,45.620000000000005,17.79,7792.82,153591.48,18,101225.64,0.04128440366972477,8532.86,0.34094234914592925,0.3899605436212187
2025-11-28,West,Marketplace,8891,584,371,39.74,15.5,6554.73,73565.11,15,48431.66,0.04043126684636118,4904.340666666667,0.34164905075245583,0.39003522898842474
2025-11-28,West,Web,14349,878,561,59.06,23.03,11416.74,171944.96,23,123302.47,0.040998217468805706,7475.8678260869565,0.2828957010429384,0.3899424314256688
2025-11-29,East,App,9009,609,380,39.019999999999996,15.21,7507.790000000001,157912.78,16,102951.29,0.042105263157894736,9869.54875,0.34804966387141056,0.38980010251153263
2025-11-29,East,Marketplace,7535,516,328,34.17,13.33,5846.26,152827.53,14,102165.42,0.042682926829268296,10916.252142857144,0.33149858536613136,0.39010828211881765
2025-11-29,East,Web,10023,686,442,46.24,18.03,8458.43,133134.24,19,88981.77,0.042986425339366516,7007.065263157894,0.33163872794857274,0.3899221453287197
2025-11-29,North,App,13326,911,580,60.84,23.73,11749.380000000001,219414.47999999998,25,145060.85,0.04310344827586207,8776.5792,0.33887294038205673,0.3900394477317554
2025-11-29,North,Marketplace,9598,746,451,46.019999999999996,17.95,7742.26,168973.44,19,118384.93000000001,0.04212860310421286,8893.338947368422,0.2993873475026607,0.3900478053020426
2025-11-29,North,Web,14007,948,591,64.12,25.0,10338.64,216461.91,25,144253.3,0.04230118443316413,8658.4764,0.33358575649637395,0.3898939488459139
2025-11-29,South,App,9883,708,447,48.22,18.810000000000002,8792.369999999999,188282.2,19,126084.74,0.042505592841163314,9909.589473684211,0.3303416892303149,0.3900871007880548
2025-11-29,South,Marketplace,8690,579,384,40.36,15.740000000000002,7056.16,88619.99,16,59496.21,0.041666666666666664,5538.749375,0.3286366879526843,0.38999008919722505
2025-11-29,South,Web,12869,823,521,53.86,21.0,10537.41,186124.41,22,124188.89,0.04222648752399232,8460.200454545455,0.3327640904274727,0.38989974006684
2025-11-29,West,App,13017,838,532,58.0,22.619999999999997,9743.22,106864.67,22,71151.62,0.041353383458646614,4857.485,0.33418949405823273,0.38999999999999996
2025-11-29,West,Marketplace,10388,726,438,46.07,17.97,7882.07,160520.1,19,113907.51,0.04337899543378995,8448.426315789475,0.2903847555539774,0.3900586064684176
2025-11-29,West,Web,13995,905,602,65.74000000000001,25.64,11370.31,260800.71,26,176123.87,0.04318936877076412,10030.796538461538,0.32468025106219994,0.39002129601460295
2025-11-30,East,App,8833,607,393,40.8,15.91,7369.1900000000005,142944.86,17,94114.86,0.043256997455470736,8408.521176470587,0.34160025061411786,0.3899509803921569
2025-11-30,East,Marketplace,6642,496,307,32.76,12.780000000000001,5651.6900000000005,58751.72,13,38976.38,0.04234527687296417,4519.363076923077,0.3365916776564159,0.39010989010989017
2025-11-30,East,Web,10302,723,446,46.36,18.08,8558.86,111781.67,18,100840.31,0.04035874439461883,6210.092777777778,0.09788152207781474,0.3899913718723037
2025-11-30,North,App,11983,814,517,54.24,21.16,10258.57,176529.52,22,116952.79000000001,0.0425531914893617,8024.069090909091,0.33748876675130585,0.39011799410029496
2025-11-30,North,Marketplace,10272,728,448,47.519999999999996,18.53,7980.07,156018.37,19,101013.58,0.04241071428571429,8211.493157894736,0.3525532922821844,0.3899410774410775
2025-11-30,North,Web,14776,992,653,71.78999999999999,28.0,12121.220000000001,313315.94,29,206247.21,0.0444104134762634,10803.997931034482,0.3417276822877253,0.390026466081627
2025-11-30,South,App,11455,776,498,51.6,20.119999999999997,9810.79,166838.35,21,108738.71,0.04216867469879518,7944.683333333333,0.34823911888363795,0.389922480620155
2025-11-30,South,Marketplace,9014,586,378,40.71,15.88,6794.59,48895.49,15,32385.61,0.03968253968253968,3259.699333333333,0.3376564996076325,0.39007614836649473
2025-11-30,South,Web,11950,976,557,56.86,22.17,10090.33,175259.82,24,122069.5,0.04308797127468582,7302.4925,0.30349409237097247,0.38990502989799514
2025-11-30,West,App,11319,748,478,49.45,19.29,9121.73,106854.45999999999,20,69030.23,0.04184100418410042,5342.723,0.35397895417748587,0.3900910010111223
2025-11-30,West,Marketplace,9583,679,427,44.86,17.5,7696.790000000001,98295.35,18,64202.32,0.04215456674473068,5460.852777777778,0.34684275502350825,0.3901025412394115
2025-11-30,West,Web,15053,995,611,63.8,24.88,10289.810000000001,141440.88,26,102634.84,0.0425531914893617,5440.033846153847,0.27436226358320176,0.38996865203761755
2025-12-01,East,App,8474,554,344,37.0,14.43,6100.05,118111.65000000001,14,75965.9,0.040697674418604654,8436.54642857143,0.35682974541461415,0.39
2025-12-01,East,Marketplace,6796,479,295,30.380000000000003,11.850000000000001,5865.15,76213.45,12,50578.7,0.04067796610169491,6351.120833333333,0.3363546723052165,0.39005924950625415
2025-12-01,East,Web,9634,638,414,44.760000000000005,17.45,8362.689999999999,110216.87,17,73723.34,0.04106280193236715,6483.3452941176465,0.3311065719794075,0.3898570151921358
2025-12-01,North,App,11573,823,496,52.849999999999994,20.61,9249.76,149112.15,21,101892.03,0.04233870967741935,7100.578571428571,0.3166752005118295,0.38997161778618733
2025-12-01,North,Marketplace,9723,670,414,43.53,16.98,8036.93,161312.31,17,128865.61,0.04106280193236715,9488.959411764707,0.20114211990393044,0.39007580978635426
2025-12-01,North,Web,11900,918,557,58.64,22.86,10541.76,132735.3,23,89981.56,0.04129263913824058,5771.099999999999,0.3220977388833264,0.3898362892223738
2025-12-01,South,App,9063,718,422,42.57,16.6,7416.28,119556.73,18,78231.1,0.04265402843601896,6642.040555555555,0.34565707844301186,0.3899459713413202
2025-12-01,South,Marketplace,8148,541,355,37.57,14.65,7176.549999999999,40372.68,15,41405.89,0.04225352112676056,2691.512,-0.025591811096018376,0.38993878094224116
2025-12-01,South,Web,11774,841,526,54.83,21.380000000000003,10084.619999999999,205910.97,22,136109.59,0.04182509505703422,9359.589545454546,0.33898815590058173,0.3899325186941456
2025-12-01,West,App,10826,740,471,48.86,19.05,8593.64,183294.27,20,121724.59,0.04246284501061571,9164.7135,0.33590619062996346,0.3898894801473598
2025-12-01,West,Marketplace,8922,622,391,40.760000000000005,15.9,7381.429999999999,170013.31,16,114013.92,0.04092071611253197,10625.831875,0.32938238776716955,0.3900883218842002
2025-12-01,West,Web,12907,896,529,54.760000000000005,21.35,9477.119999999999,144778.35,22,104383.66,0.04158790170132325,6580.834090909091,0.27901057029590404,0.38988312636961286
2025-12-02,East,App,8452,539,354,37.59,14.66,6731.67,172258.87,15,117801.12,0.0423728813559322,11483.924666666666,0.3161390179791613,0.3899973397180101
2025-12-02,East,Marketplace,6805,468,298,31.310000000000002,12.21,5452.83,134646.81,12,86680.73,0.040268456375838924,11220.5675,0.3562362895934928,0.3899712551900351
2025-12-02,East,Web,8616,593,395,41.47,16.17,7086.049999999999,97695.75,16,68098.19,0.04050632911392405,6105.984375,0.30295647456516783,0.3899204244031831
2025-12-02,North,App,11183,779,502,53.4,20.83,9555.59,150326.09,21,98238.74,0.04183266932270916,7158.385238095238,0.34649574135800376,0.3900749063670412
2025-12-02,North,Marketplace,9031,657,403,42.86,16.72,7363.81,125801.81,17,85367.12,0.04218362282878412,7400.106470588235,0.32141580474875525,0.3901073261782548
2025-12-02,North,Web,12188,964,574,61.15,23.85,10392.5,235049.03999999998,24,153857.26,0.041811846689895474,9793.71,0.3454248526179898,0.39002452984464436
2025-12-02,South,App,10204,666,424,43.68,17.03,6691.049999999999,56734.41,18,49266.04,0.04245283018867924,3151.911666666667,0.13163739607056815,0.3898809523809524
2025-12-02,South,Marketplace,8650,583,357,36.38,14.190000000000001,5864.450000000001,94307.87,15,64633.79,0.04201680672268908,6287.191333333333,0.3146511526556585,0.39004947773501925
2025-12-02,South,Web,10569,722,463,49.69,19.380000000000003,8404.45,168228.35,19,119227.46,0.04103671706263499,8854.123684210526,0.2912760542441271,0.39001811229623673
2025-12-02,West,App,10863,720,462,47.76,18.62,8364.33,219367.32,20,139602.06,0.04329004329004329,10968.366,0.3636150544210505,0.3898659966499163
2025-12-02,West,Marketplace,8626,617,378,39.5,15.399999999999999,7367.780000000001,163351.95,16,108062.32,0.042328042328042326,10209.496875,0.3384693601759881,0.38987341772151896
2025-12-02,West,Web,10491,792,488,51.519999999999996,20.09,9530.76,177430.03,20,113953.24,0.040983606557377046,8871.5015,0.357756745010977,0.3899456521739131
2025-12-03,East,App,8426,602,369,38.650000000000006,15.07,6634.45,147534.4,15,98797.02,0.04065040650406504,9835.626666666667,0.3303458718780162,0.3899094437257438
2025-12-03,East,Marketplace,6874,504,307,32.71,12.760000000000002,5702.35,57460.920000000006,13,38306.34,0.04234527687296417,4420.07076923077,0.3333496922778126,0.39009477224090494
2025-12-03,East,Web,10111,683,419,44.09,17.19,8318.17,140978.97,17,92222.25,0.0405727923627685,8292.880588235294,0.34584392267868036,0.38988432751190744
2025-12-03,North,App,11383,738,486,51.58,20.119999999999997,9368.18,135421.99,21,92042.19,0.043209876543209874,6448.66619047619,0.3203305460213662,0.3900736719658782
2025-12-03,North,Marketplace,8617,634,417,43.71,17.05,7264.98,86490.76,18,62378.28,0.04316546762589928,4805.042222222222,0.2787867744485075,0.3900709219858156
2025-12-03,North,Web,12169,914,567,59.89,23.36,10252.19,189887.22,24,130145.31,0.042328042328042326,7911.9675,0.3146178557988263,0.39004842210719654
2025-12-03,South,App,9976,701,438,47.260000000000005,18.43,7954.28,102041.62,18,67031.01000000001,0.0410958904109589,5668.978888888889,0.3431012757343522,0.38997037663986456
2025-12-03,South,Marketplace,7826,545,346,36.43,14.21,6286.38,104461.96,15,69163.75,0.04335260115606936,6964.130666666667,0.3379049177327326,0.3900631347790283
2025-12-03,South,Web,11619,813,526,54.849999999999994,21.39,9904.400000000001,157668.7,22,108251.12,0.04182509505703422,7166.759090909091,0.3134266978797949,0.38997265268915227
2025-12-03,West,App,11085,726,472,48.33,18.85,8863.85,187760.48,19,123035.53,0.04025423728813559,9882.13052631579,0.3447208379526938,0.3900268984067867
2025-12-03,West,Marketplace,8927,620,386,40.04,15.620000000000001,7168.6,136414.25,16,91548.32,0.04145077720207254,8525.890625,0.32889474523372736,0.39010989010989017
2025-12-03,West,Web,13391,878,565,59.449999999999996,23.189999999999998,10791.24,201944.65,24,132037.0,0.04247787610619469,8414.360416666666,0.34617232989336433,0.3900756938603869
2025-12-04,East,App,7931,564,348,36.71,14.31,6512.15,110110.98000000001,14,72945.83,0.040229885057471264,7865.070000000001,0.33752446849533085,0.3898120403159902
2025-12-04,East,Marketplace,6509,451,289,30.24,11.79,5525.67,117292.31,12,78145.87,0.04152249134948097,9774.359166666667,0.3337511214503321,0.3898809523809524
2025-12-04,East,Web,8855,612,390,40.1,15.64,7233.57,151820.16999999998,16,101754.05,0.041025641025641026,9488.760624999999,0.3297725196856253,0.3900249376558603
2025-12-04,North,App,10821,734,479,51.4,20.05,8436.95,203408.6,21,132377.44,0.04384133611691023,9686.12380952381,0.3492043109288398,0.39007782101167315
2025-12-04,North,Marketplace,10308,695,431,45.78,17.86,7805.96,82601.56999999999,18,56663.22,0.04176334106728538,4588.976111111111,0.3140176391320406,0.39012669287898644
2025-12-04,North,Web,14265,900,564,58.36,22.759999999999998,10724.21,203120.83,24,138034.11,0.0425531914893617,8463.367916666666,0.3204335074841906,0.38999314599040436
2025-12-04,South,App,10305,719,462,47.74,18.62,9075.92,166736.24,19,109002.98,0.04112554112554113,8775.591578947367,0.3462550193047414,0.39002932551319647
2025-12-04,South,Marketplace,8095,579,354,36.96,14.41,7017.5,131207.03,15,86363.31,0.0423728813559322,8747.135333333334,0.34177833306645233,0.3898809523809524
2025-12-04,South,Web,12450,938,547,56.58,22.07,9276.65,157223.57,22,107656.52,0.04021937842778794,7146.525909090909,0.3152647532427867,0.39006716154118065
2025-12-04,West,App,11201,724,462,47.879999999999995,18.67,8652.119999999999,233212.85,20,154489.89,0.04329004329004329,11660.6425,0.33755841498442296,0.3899331662489558
2025-12-04,West,Marketplace,10050,662,412,43.01,16.78,7231.46,104488.42,18,71438.76,0.043689320388349516,5804.912222222222,0.31629973924383203,0.39014182748198095
2025-12-04,West,Web,11819,890,541,56.72,22.119999999999997,10915.53,121123.8,22,80326.8,0.04066543438077634,5505.627272727273,0.3368206743843902,0.3899858956276445
2025-12-05,East,App,8905,617,402,40.540000000000006,15.809999999999999,7807.879999999999,196337.55,17,127309.38,0.04228855721393035,11549.267647058823,0.3515790535228742,0.38998519980266394
2025-12-05,East,Marketplace,7445,538,328,32.67,12.739999999999998,6189.67,166416.41999999998,14,111072.12,0.042682926829268296,11886.887142857142,0.3325651399062664,0.38996020814202625
2025-12-05,East,Web,9306,706,434,46.760000000000005,18.240000000000002,8362.34,124770.8,18,83621.29000000001,0.041474654377880185,6931.711111111112,0.32980080275192586,0.3900769888793841
2025-12-05,North,App,10879,829,509,54.230000000000004,21.15,9045.02,185536.13,22,123589.85,0.043222003929273084,8433.460454545455,0.33387718068712546,0.3900055319933616
2025-12-05,North,Marketplace,10748,767,460,49.260000000000005,19.21,9344.48,150213.21,20,100299.54,0.043478260869565216,7510.6605,0.33228548940535924,0.38997157937474625
2025-12-05,North,Web,16867,1033,677,71.46000000000001,27.86,12364.810000000001,229675.99,28,150807.4,0.0413589364844904,8202.713928571427,0.3433906609045203,0.3898684578785334
2025-12-05,South,App,10870,769,472,49.36,19.240000000000002,7825.47,83357.29,20,55365.82,0.0423728813559322,4167.8645,0.33580110389865114,0.38978930307941656
2025-12-05,South,Marketplace,8793,679,415,42.83,16.71,7749.57,176677.13,18,115753.62000000001,0.043373493975903614,9815.396111111111,0.34482963358075824,0.39014709315900076
2025-12-05,South,Web,12467,888,555,57.09,22.259999999999998,10052.52,200809.7,23,140862.99,0.04144144144144144,8730.856521739131,0.2985249716522659,0.3899106673673147
2025-12-05,West,App,11719,840,507,54.0,21.07,9671.91,158691.38,22,106161.93,0.04339250493096647,7213.244545454546,0.3310164042936674,0.3901851851851852
2025-12-05,West,Marketplace,9681,681,419,44.36,17.299999999999997,7200.73,151029.33000000002,18,100224.3,0.04295942720763723,8390.518333333333,0.3363918121069597,0.3899909828674481
2025-12-05,West,Web,12994,947,592,61.760000000000005,24.08,11034.099999999999,193513.31,25,128851.5,0.04222972972972973,7740.5324,0.3341465762742625,0.38989637305699476
2025-12-06,East,App,9433,645,416,43.95,17.14,7733.55,138577.14,17,99882.04,0.040865384615384616,8151.596470588236,0.2792314807478349,0.3899886234357224
2025-12-06,East,Marketplace,8536,562,351,36.349999999999994,14.170000000000002,6318.9,123258.96,15,80014.31,0.042735042735042736,8217.264000000001,0.3508438656305392,0.38982118294360396
2025-12-06,East,Web,11505,881,519,53.69,20.93,9733.74,123523.77,21,85090.93,0.04046242774566474,5882.084285714286,0.3111372005566217,0.3898305084745763
2025-12-06,North,App,14041,1057,627,68.69,26.79,10980.93,163454.51,26,108411.53,0.04146730462519936,6286.711923076923,0.3367480040777095,0.3900131023438637
2025-12-06,North,Marketplace,11572,824,503,52.05,20.299999999999997,10015.880000000001,164102.83000000002,22,106717.59,0.0437375745526839,7459.219545454546,0.34969073964172354,0.3900096061479346
2025-12-06,North,Web,15255,1043,672,71.48,27.880000000000003,13508.67,216704.67,28,146461.84,0.041666666666666664,7739.4525,0.3241408226227889,0.39003917179630665
2025-12-06,South,App,11895,822,512,53.6,20.9,9747.0,132934.33,21,88329.90999999999,0.041015625,6330.2061904761895,0.3355372536198889,0.38992537313432835
2025-12-06,South,Marketplace,9797,719,428,45.05,17.57,7815.1,111574.25,18,72997.27,0.04205607476635514,6198.569444444444,0.345751640723554,0.3900110987791343
2025-12-06,South,Web,14434,1040,626,65.05,25.36,12187.09,140109.35,26,94393.26,0.04153354632587859,5388.821153846154,0.32628864526171886,0.38985395849346655
2025-12-06,West,App,12448,849,543,56.93000000000001,22.21,10605.26,152326.95,23,101809.8,0.0423572744014733,6622.910869565218,0.3316363256797304,0.3901282276479887
2025-12-06,West,Marketplace,10727,705,455,47.05,18.35,7731.299999999999,144470.63999999998,18,127754.26,0.03956043956043956,8026.146666666666,0.11570780056072287,0.39001062699256117
2025-12-06,West,Web,14679,1066,648,68.9,26.869999999999997,12048.630000000001,250250.31,27,166110.08000000002,0.041666666666666664,9268.53,0.33622427880309114,0.3899854862119012
2025-12-07,East,App,9531,593,388,39.58,15.43,7282.07,55299.49,16,42102.86,0.041237113402061855,3456.218125,0.2386392713567521,0.3898433552299141
2025-12-07,East,Marketplace,7597,519,330,34.17,13.33,5714.9,149519.79,14,108410.45,0.04242424242424243,10679.985,0.2749424674820638,0.39010828211881765
2025-12-07,East,Web,11022,761,467,49.879999999999995,19.45,8809.76,165785.49,21,127950.02,0.044967880085653104,7894.547142857143,0.22821942981861676,0.38993584603047315
2025-12-07,North,App,12397,903,580,63.22,24.66,11381.45,267950.06,24,182480.44,0.041379310344827586,11164.585833333333,0.31897593155978393,0.39006643467257196
2025-12-07,North,Marketplace,11141,806,480,51.239999999999995,19.98,8685.18,161568.37,20,106209.67,0.041666666666666664,8078.4185,0.34263327655035447,0.3899297423887588
2025-12-07,North,Web,13946,981,616,64.16,25.02,10884.64,194132.96,26,134053.59,0.04220779220779221,7466.652307692308,0.30947537193066027,0.3899625935162095
2025-12-07,South,App,10445,767,461,49.1,19.15,9140.6,138292.11,19,90419.63,0.04121475054229935,7278.532105263157,0.34616927892704785,0.390020366598778
2025-12-07,South,Marketplace,8657,634,398,42.64,16.64,6713.05,132960.75,17,90545.59,0.04271356783919598,7821.220588235294,0.31900511993201003,0.3902439024390244
2025-12-07,South,Web,13435,929,586,61.11,23.83,11412.59,138233.24,25,92292.09,0.042662116040955635,5529.3296,0.3323451725503938,0.38995254459171985
2025-12-07,West,App,12733,878,543,56.21,21.93,9478.279999999999,160911.09,23,108634.81,0.0423572744014733,6996.134347826087,0.32487679997693136,0.39014410247286957
2025-12-07,West,Marketplace,10303,690,424,43.76,17.07,8128.2,237625.55,18,165983.99,0.04245283018867924,13201.419444444444,0.3014892969211434,0.39008226691042047
2025-12-07,West,Web,14536,1055,636,66.16,25.810000000000002,11890.62,346620.67,26,246849.12,0.040880503144654086,13331.56423076923,0.2878407395612039,0.39011487303506653
2025-12-08,East,App,8457,557,355,35.83,13.969999999999999,6360.91,145670.29,15,106979.39,0.04225352112676056,9711.352666666668,0.26560597909154987,0.38989673457996094
2025-12-08,East,Marketplace,7821,510,329,35.96,14.02,5872.91,134885.22,14,92055.13,0.0425531914893617,9634.658571428572,0.3175298969004906,0.38987764182424917
2025-12-08,East,Web,9250,650,384,40.05,15.620000000000001,6679.780000000001,147656.28999999998,16,98556.97,0.041666666666666664,9228.518124999999,0.3325244051574097,0.3900124843945069
2025-12-08,North,App,11174,771,480,50.91,19.86,8274.66,99113.76,20,67367.94,0.041666666666666664,4955.688,0.3202967983456585,0.3901001767825575
2025-12-08,North,Marketplace,10789,700,422,44.519999999999996,17.36,7580.139999999999,278992.21,18,187316.64,0.04265402843601896,15499.567222222224,0.32859544716320216,0.389937106918239
2025-12-08,North,Web,12928,888,558,58.0,22.619999999999997,10061.11,154954.43,24,100758.56999999999,0.043010752688172046,6456.434583333333,0.3497535372173613,0.38999999999999996
2025-12-08,South,App,9997,681,426,43.79,17.07,7338.83,113771.8,18,78673.24,0.04225352112676056,6320.655555555556,0.30849964578217093,0.3898150262617036
2025-12-08,South,Marketplace,8710,612,373,39.86,15.55,6924.22,132262.31,15,86697.51,0.040214477211796246,8817.487333333333,0.34450328290803334,0.390115403913698
2025-12-08,South,Web,12042,820,500,49.67,19.380000000000003,9020.31,208736.85,21,140492.18,0.042,9939.85,0.32694117018628965,0.3901751560297967
2025-12-08,West,App,10986,771,479,49.19,19.19,8858.78,189268.4,20,126531.61,0.04175365344467641,9463.42,0.33146996540362783,0.3901199430778614
2025-12-08,West,Marketplace,7969,581,367,38.480000000000004,15.010000000000002,6849.360000000001,75744.83,15,50184.28,0.04087193460490463,5049.655333333333,0.3374560349531447,0.39007276507276506
2025-12-08,West,Web,13118,903,550,57.53,22.43,10562.48,224476.61,23,147954.27,0.04181818181818182,9759.852608695652,0.34089226490011587,0.38988353902311834
2025-12-09,East,App,7988,547,345,35.34,13.780000000000001,6299.26,125627.83,15,84004.24,0.043478260869565216,8375.188666666667,0.33132459583199037,0.389926428975665
2025-12-09,East,Marketplace,7455,498,322,33.879999999999995,13.21,5457.52,155743.81,13,100488.43,0.040372670807453416,11980.293076923077,0.35478379525966397,0.3899055489964582
2025-12-09,East,Web,9117,655,428,44.0,17.16,7640.83,199846.73,18,172001.19999999998,0.04205607476635514,11102.596111111112,0.139334428939618,0.39
2025-12-09,North,App,10588,723,467,48.43,18.89,8925.42,125558.35,20,81738.01,0.042826552462526764,6277.9175000000005,0.3490037898714025,0.39004749122444765
2025-12-09,North,Marketplace,10317,707,419,44.85,17.490000000000002,8165.67,123528.86,18,83565.41,0.04295942720763723,6862.714444444445,0.3235150878912021,0.3899665551839465
2025-12-09,North,Web,13821,917,576,60.62,23.64,11636.529999999999,109608.58,25,79538.64,0.043402777777777776,4384.3432,0.27433928986216227,0.38997030682942924
2025-12-09,South,App,9193,657,427,45.19,17.62,7821.92,144916.63,18,95655.76,0.04215456674473068,8050.923888888889,0.3399255834199292,0.38990927196282366
2025-12-09,South,Marketplace,8084,543,364,38.2,14.9,7126.619999999999,77435.95,15,55341.22,0.04120879120879121,5162.3966666666665,0.2853291010183254,0.3900523560209424
2025-12-09,South,Web,11091,735,469,47.58,18.55,8178.38,211626.31,20,148469.93,0.042643923240938165,10581.3155,0.2984334981789363,0.3898696931483817
2025-12-09,West,App,10727,757,455,48.68,18.98,9035.26,213994.58000000002,19,141984.93,0.041758241758241756,11262.872631578948,0.33650221421495824,0.38989317995069844
2025-12-09,West,Marketplace,8193,635,367,39.29,15.330000000000002,7047.07,135904.73,15,94416.58,0.04087193460490463,9060.315333333334,0.30527377523946375,0.39017561720539584
2025-12-09,West,Web,13357,817,548,57.620000000000005,22.47,10513.51,226041.81,22,149894.35,0.040145985401459854,10274.627727272727,0.33687334214851666,0.3899687608469281
2025-12-10,East,App,8821,547,347,36.47,14.219999999999999,6088.0,83614.72,14,58350.36,0.040345821325648415,5972.4800000000005,0.302152061263854,0.38990951466959145
2025-12-10,East,Marketplace,7126,490,298,32.09,12.52,5169.66,104056.52,13,70540.75,0.0436241610738255,8004.347692307692,0.3220919746307103,0.39015269554378307
2025-12-10,East,Web,9534,684,429,43.42,16.93,7832.17,89320.11,18,96175.61,0.04195804195804196,4962.2283333333335,-0.07675203266095396,0.38991248272685397
2025-12-10,North,App,12201,795,510,55.05,21.47,9154.380000000001,127154.66,21,84730.41,0.041176470588235294,6054.98380952381,0.33364290384638673,0.3900090826521344
2025-12-10,North,Marketplace,9438,667,417,43.42,16.93,7897.7300000000005,181046.6,18,123226.09,0.04316546762589928,10058.144444444444,0.3193681074375327,0.38991248272685397
2025-12-10,North,Web,13045,971,586,61.92,24.15,9675.74,237056.76,24,157384.95,0.040955631399317405,9877.365,0.3360874838582962,0.3900193798449612
2025-12-10,South,App,9290,647,408,43.17,16.84,6940.610000000001,162785.68,17,105842.49,0.041666666666666664,9575.628235294118,0.34980466340773947,0.39008570766736156
2025-12-10,South,Marketplace,7969,570,347,36.730000000000004,14.33,6219.79,73119.55,14,47636.99,0.040345821325648415,5222.825,0.34850542707114585,0.3901442962156275
2025-12-10,South,Web,10228,755,486,51.34,20.02,8027.030000000001,204279.35,21,142123.22,0.043209876543209874,9727.588095238096,0.3042702554125026,0.3899493572263342
2025-12-10,West,App,10352,702,433,44.980000000000004,17.54,8190.58,170606.77,18,110971.53,0.04157043879907621,9478.153888888888,0.3495479106720091,0.3899510893730546
2025-12-10,West,Marketplace,8626,602,369,38.93,15.18,6919.98,59776.25,15,39650.12,0.04065040650406504,3985.0833333333335,0.33669107714184143,0.38993064474698175
2025-12-10,West,Web,14136,933,572,59.72,23.29,10363.23,224921.25,24,150713.17,0.04195804195804196,9371.71875,0.32992916409632256,0.38998660415271263
2025-12-11,East,App,7672,543,346,35.81,13.96,6297.030000000001,218088.66,15,141570.78,0.04335260115606936,14539.244,0.35085675706384734,0.38983524155263893
2025-12-11,East,Marketplace,6507,493,297,31.330000000000002,12.219999999999999,5642.15,130016.61,12,85843.41,0.04040404040404041,10834.7175,0.33975043650192077,0.39004149377593356
2025-12-11,East,Web,9732,693,417,43.53,16.98,7540.83,128783.86,18,85819.32,0.04316546762589928,7154.658888888889,0.333617426904272,0.39007580978635426
2025-12-11,North,App,12005,826,516,54.64,21.31,9645.23,121307.84,21,87189.96,0.040697674418604654,5776.563809523809,0.28125041217451396,0.39000732064421667
2025-12-11,North,Marketplace,10304,688,450,48.34,18.85,8030.139999999999,145002.37,18,97935.33,0.04,8055.687222222222,0.3245949704132422,0.3899462143152669
2025-12-11,North,Web,14779,1048,612,64.28999999999999,25.07,11550.73,178856.76,25,117434.4,0.04084967320261438,7154.2704,0.34341648590749385,0.3899517809923783
2025-12-11,South,App,10626,731,457,49.47,19.29,8909.1,196593.03,19,129309.01,0.04157549234135667,10347.00157894737,0.3422502822200767,0.3899332929047908
2025-12-11,South,Marketplace,8516,569,373,39.269999999999996,15.31,6708.29,131619.82,15,86234.15,0.040214477211796246,8774.654666666667,0.34482397863786785,0.3898650369238605
2025-12-11,South,Web,11601,778,502,53.33,20.8,9047.1,169736.47,21,119316.39,0.04183266932270916,8082.689047619047,0.29704918453883244,0.3900243765235327
2025-12-11,West,App,11028,753,476,50.46,19.67,8787.720000000001,186185.29,20,123068.79,0.04201680672268908,9309.264500000001,0.3389983172139969,0.38981371383273883
2025-12-11,West,Marketplace,8688,593,365,38.09,14.86,6932.74,111670.48999999999,16,73861.16,0.043835616438356165,6979.405624999999,0.33857942237022504,0.3901286426883696
2025-12-11,West,Web,13162,898,564,60.62,23.64,9980.83,197810.81,23,129658.82,0.040780141843971635,8600.47,0.34453117097088876,0.38997030682942924
2025-12-12,East,App,8336,610,369,38.260000000000005,14.92,7083.92,98169.6,15,64795.46,0.04065040650406504,6544.64,0.3399641029402178,0.38996340825927855
2025-12-12,East,Marketplace,7100,485,300,30.53,11.91,5644.21,109247.75,13,102626.78,0.043333333333333335,8403.673076923076,0.06060509255339356,0.3901080904028824
2025-12-12,East,Web,10752,660,419,43.980000000000004,17.15,8128.4800000000005,96251.12,17,62162.82,0.0405727923627685,5661.830588235294,0.3541600347092065,0.38994997726239194
2025-12-12,North,App,11529,867,529,55.28,21.560000000000002,9460.21,130453.37,21,87725.57,0.03969754253308128,6212.065238095238,0.32753312543784796,0.39001447178002896
2025-12-12,North,Marketplace,9462,631,410,42.66,16.64,7416.88,149279.29,17,98537.81999999999,0.041463414634146344,8781.134705882354,0.3399096418532002,0.3900609470229724
2025-12-12,North,Web,13310,915,574,60.57000000000001,23.619999999999997,11159.66,207618.91,24,136113.72,0.041811846689895474,8650.787916666666,0.3444059599388129,0.38996202740630664
2025-12-12,South,App,10640,683,433,45.4,17.71,8507.36,92682.16,19,61475.15,0.04387990762124711,4878.008421052632,0.3367099989900969,0.3900881057268723
2025-12-12,South,Marketplace,7862,526,334,36.22,14.12,6155.96,74879.46,14,47816.56,0.041916167664670656,5348.532857142857,0.3614195401515984,0.3898398674765323
2025-12-12,South,Web,11119,782,466,46.97,18.32,8815.16,109941.47,19,73735.33,0.0407725321888412,5786.393157894737,0.3293219564919407,0.3900361933148819
2025-12-12,West,App,10183,786,462,49.379999999999995,19.259999999999998,9457.4,147267.96,20,116711.86,0.04329004329004329,7363.397999999999,0.20748640776989097,0.39003645200486026
2025-12-12,West,Marketplace,8147,615,388,41.37,16.14,7176.709999999999,119752.53,16,81585.29,0.041237113402061855,7484.533125,0.3187176087219202,0.3901377810007252
2025-12-12,West,Web,12214,866,545,56.79,22.15,10260.93,199775.62,23,129890.5,0.04220183486238532,8685.89652173913,0.34981806088250406,0.39003345659447086
2025-12-13,East,App,9723,676,401,42.480000000000004,16.57,7276.88,175950.36,17,115069.34,0.04239401496259352,10350.021176470587,0.3460124776101623,0.3900659133709981
2025-12-13,East,Marketplace,7807,519,326,34.55,13.469999999999999,6346.59,78147.06999999999,14,58159.66,0.04294478527607362,5581.933571428571,0.25576659495999005,0.3898697539797395
2025-12-13,East,Web,11624,738,465,48.120000000000005,18.76,8622.38,110374.12000000001,19,72699.58,0.04086021505376344,5809.164210526316,0.3413349071322155,0.38985868661679135
2025-12-13,North,App,13455,983,581,61.09,23.83,10911.83,156454.67,25,103393.58,0.043029259896729774,6258.1868,0.3391467317658208,0.39008020952692746
2025-12-13,North,Marketplace,10179,745,472,47.76,18.62,8513.77,171935.66,19,114662.58,0.04025423728813559,9049.245263157894,0.3331076287490332,0.3898659966499163
2025-12-13,North,Web,14638,1017,638,67.52,26.33,11931.31,291808.83999999997,27,192352.03,0.04231974921630094,10807.734814814814,0.3408286397355199,0.3899585308056872
2025-12-13,South,App,11570,749,498,51.16,19.950000000000003,9822.09,201700.45,20,134601.08,0.040160642570281124,10085.022500000001,0.3326684199266785,0.38995308835027376
2025-12-13,South,Marketplace,8598,603,387,41.5,16.19,6953.14,148347.38,16,97978.62,0.041343669250646,9271.71125,0.3395325215720022,0.39012048192771087
2025-12-13,South,Web,12662,877,564,59.67,23.27,10160.880000000001,150988.56,24,99516.5,0.0425531914893617,6291.19,0.3409003966923057,0.38997821350762524
2025-12-13,West,App,11853,810,524,53.36,20.810000000000002,8539.310000000001,224563.41,22,155269.33,0.04198473282442748,10207.427727272727,0.3085724428570087,0.389992503748126
2025-12-13,West,Marketplace,10214,752,453,47.129999999999995,18.38,7849.48,124682.31,19,85856.04,0.04194260485651214,6562.226842105263,0.3114015933776011,0.38998514746446
2025-12-13,West,Web,14935,979,608,65.0,25.35,11759.43,148942.71,25,96869.47,0.04111842105263158,5957.7083999999995,0.3496192596468803,0.39
2025-12-14,East,App,9124,614,400,40.43,15.77,7014.42,155062.83000000002,16,104269.85,0.04,9691.426875000001,0.3275638655633978,0.3900568884491714
2025-12-14,East,Marketplace,7724,552,334,36.36,14.18,6523.48,71177.91,14,46599.33,0.041916167664670656,5084.136428571429,0.3453119092707274,0.38998899889988997
2025-12-14,East,Web,11655,755,488,50.64,19.74,8932.69,149268.97,20,98115.95,0.040983606557377046,7463.4485,0.3426902456686075,0.3898104265402843
2025-12-14,North,App,12866,904,560,58.53,22.83,9502.81,207989.32,23,138056.68,0.04107142857142857,9043.013913043478,0.33623187959843326,0.39005638134290105
2025-12-14,North,Marketplace,10093,721,457,48.02,18.72,8926.900000000001,137400.9,19,91548.92,0.04157549234135667,7231.626315789474,0.333709458962787,0.3898375676801332
2025-12-14,North,Web,15248,1048,638,67.23,26.22,12060.810000000001,118252.34,27,80411.71,0.04231974921630094,4379.716296296297,0.31999899536871734,0.3900044622936189
2025-12-14,South,App,10710,753,476,49.79,19.42,8881.02,128612.38,20,86243.18,0.04201680672268908,6430.619000000001,0.329433294057695,0.39003816027314725
2025-12-14,South,Marketplace,8524,641,397,42.540000000000006,16.59,7275.2,133842.54,16,98000.52,0.04030226700251889,8365.15875,0.26779243729235863,0.3899858956276445
2025-12-14,South,Web,13285,947,605,64.78999999999999,25.27,11554.51,186599.34,25,130164.06,0.04132231404958678,7463.9736,0.30244094110943803,0.3900293255131965
2025-12-14,West,App,12865,942,552,56.87,22.18,10476.43,129544.1,22,97664.34999999999,0.03985507246376811,5888.368181818182,0.2460918714167609,0.39001230877439774
2025-12-14,West,Marketplace,10728,739,464,48.099999999999994,18.76,8377.07,164572.09,20,113139.70999999999,0.04310344827586207,8228.6045,0.312521886305266,0.3900207900207901
2025-12-14,West,Web,15284,960,621,62.78,24.479999999999997,11267.95,187066.26,26,123696.57,0.04186795491143317,7194.8561538461545,0.33875531589715857,0.38993309971328444
2025-12-15,East,App,8307,546,350,37.26,14.53,6621.52,188168.91,15,124881.69,0.04285714285714286,12544.594000000001,0.3363319689740457,0.38996242619431026
2025-12-15,East,Marketplace,6674,469,293,31.53,12.3,5482.139999999999,121503.29,12,79156.79,0.040955631399317405,10125.274166666666,0.3485214268683589,0.390104662226451
2025-12-15,East,Web,9864,618,395,41.79,16.29,7066.1900000000005,105427.31999999999,16,81096.37,0.04050632911392405,6589.2074999999995,0.23078410795228407,0.3898061737257717
2025-12-15,North,App,12018,783,502,53.83,21.0,9384.83,198973.86,21,130790.06,0.04183266932270916,9474.945714285714,0.3426771737754899,0.3901170351105332
2025-12-15,North,Marketplace,9574,707,419,42.5,16.57,7568.26,287574.82,18,194444.19999999998,0.04295942720763723,15976.378888888888,0.3238483118932319,0.38988235294117646
2025-12-15,North,Web,14228,965,607,61.629999999999995,24.03,11623.89,156358.76,26,106256.67,0.042833607907743,6013.798461538462,0.3204303359786174,0.3899075125750447
2025-12-15,South,App,9105,652,414,44.519999999999996,17.36,7137.83,223551.01,18,150692.57,0.043478260869565216,12419.500555555556,0.32591416160454834,0.389937106918239
2025-12-15,South,Marketplace,9415,646,391,41.35,16.119999999999997,6979.780000000001,129097.38,16,85148.56,0.04092071611253197,8068.58625,0.3404315409034638,0.38984280532043525
2025-12-15,South,Web,11081,738,476,49.91,19.46,8792.12,203844.69,20,133514.41999999998,0.04201680672268908,10192.2345,0.3450188964941889,0.3899018232819075
2025-12-15,West,App,11435,757,471,47.480000000000004,18.52,8086.12,151722.73,20,99596.34,0.04246284501061571,7586.1365000000005,0.3435634858402562,0.3900589721988205
2025-12-15,West,Marketplace,9538,669,396,40.91,15.95,6888.04,189939.24,16,123331.86,0.04040404040404041,11871.2025,0.35067730080419396,0.38988022488389146
2025-12-15,West,Web,12689,844,527,55.5,21.64,10633.189999999999,136996.88999999998,22,90676.56999999999,0.04174573055028463,6227.131363636363,0.3381122009412038,0.3899099099099099
2025-12-16,East,App,8612,654,386,41.03,16.0,6412.74,57827.409999999996,16,40623.78,0.04145077720207254,3614.2131249999998,0.2974995767578039,0.3899585669022666
2025-12-16,East,Marketplace,6720,478,302,31.5,12.29,5362.83,195786.38,13,130798.74,0.04304635761589404,15060.49076923077,0.33193136315202315,0.39015873015873015
2025-12-16,East,Web,10350,674,429,46.739999999999995,18.23,8013.07,205258.53999999998,18,135015.97,0.04195804195804196,11403.252222222221,0.34221509126977123,0.3900299529311083
2025-12-16,North,App,11324,822,493,52.120000000000005,20.33,9665.64,321527.15,21,214868.05,0.04259634888438134,15310.816666666668,0.3317265742566375,0.3900613967766692
2025-12-16,North,Marketplace,10267,703,424,45.620000000000005,17.79,7796.53,159243.95,18,105212.31,0.04245283018867924,8846.886111111111,0.33930105350941125,0.3899605436212187
2025-12-16,North,Web,13030,964,569,60.02,23.41,10880.17,179587.07,24,121979.05,0.0421792618629174,7482.794583333333,0.32078044371457254,0.39003665444851715
2025-12-16,South,App,10762,720,440,45.900000000000006,17.9,8395.69,164816.73,19,108792.06999999999,0.04318181818181818,8674.564736842105,0.3399209534129212,0.3899782135076252
2025-12-16,South,Marketplace,8922,592,371,39.86,15.55,7036.139999999999,245735.85,16,166794.36000000002,0.0431266846361186,15358.490625,0.3212453128023444,0.390115403913698
2025-12-16,South,Web,10043,714,438,46.11,17.98,8264.26,237350.16999999998,18,157579.97999999998,0.0410958904109589,13186.120555555555,0.336086508806798,0.389937106918239
2025-12-16,West,App,10510,721,443,46.980000000000004,18.32,8317.66,201050.33000000002,19,132214.03,0.04288939051918736,10581.596315789475,0.34238342210132167,0.3899531715623669
2025-12-16,West,Marketplace,10840,628,415,45.83,17.88,8056.070000000001,153589.94,18,99693.55,0.043373493975903614,8532.774444444445,0.3509109385679817,0.39013746454287584
2025-12-16,West,Web,12642,838,540,57.04,22.240000000000002,9632.9,137739.45,22,90165.84,0.040740740740740744,6260.884090909091,0.34538841268786835,0.3899018232819075
2025-12-17,East,App,8000,554,352,35.84,13.98,6989.52,206958.5,14,135703.55,0.03977272727272727,14782.75,0.3442958370881119,0.39006696428571425
2025-12-17,East,Marketplace,6833,488,315,31.76,12.379999999999999,5880.6,55580.1,13,37287.48,0.04126984126984127,4275.392307692307,0.3291217540090787,0.38979848866498734
2025-12-17,East,Web,9235,688,403,43.83,17.1,7385.71,85644.86,17,57739.72,0.04218362282878412,5037.93294117647,0.32582387314311684,0.3901437371663245
2025-12-17,North,App,11309,814,496,51.55,20.1,8866.79,133143.37,20,91458.95,0.04032258064516129,6657.1685,0.31307920176573567,0.3899127061105723
2025-12-17,North,Marketplace,9397,683,412,43.74,17.05,7516.78,98005.26,17,63673.39,0.0412621359223301,5765.015294117647,0.35030640192169277,0.3898033836305441
2025-12-17,North,Web,12322,879,538,56.98,22.22,9940.380000000001,173845.65,23,118974.43000000001,0.04275092936802974,7558.50652173913,0.3156318262780805,0.38996138996138996
2025-12-17,South,App,11164,676,455,47.3,18.45,9224.55,149636.05000000002,20,100524.26999999999,0.04395604395604396,7481.802500000001,0.32820820918488575,0.3900634249471459
2025-12-17,South,Marketplace,8338,604,378,40.459999999999994,15.780000000000001,6706.41,88819.97,16,58880.72,0.042328042328042326,5551.248125,0.3370779116453203,0.3900148294611963
2025-12-17,South,Web,11469,762,490,51.76,20.19,8564.619999999999,189534.03,21,126718.47,0.04285714285714286,9025.43,0.33142101183623857,0.39006955177743435
2025-12-17,West,App,10265,731,452,47.76,18.62,8542.41,122529.9,19,79826.77,0.0420353982300885,6448.942105263158,0.3485119142348112,0.3898659966499163
2025-12-17,West,Marketplace,9331,652,395,40.43,15.77,7486.9,86064.62,17,56236.76,0.043037974683544304,5062.624705882353,0.3465751664272728,0.3900568884491714
2025-12-17,West,Web,12679,924,565,58.95,23.0,10856.52,168377.38999999998,25,113786.68,0.04424778761061947,6735.0956,0.32421639271163427,0.39016115351993214
2025-12-18,East,App,7569,552,341,35.73,13.93,6296.43,138112.05,15,91901.93,0.04398826979472141,9207.47,0.33458427414552167,0.38986845787853347
2025-12-18,East,Marketplace,6662,479,312,33.29,12.98,6136.4,104086.70999999999,13,84238.09,0.041666666666666664,8006.669999999999,0.19069312499165356,0.38990687894262543
2025-12-18,East,Web,9169,683,411,43.66,17.03,7967.199999999999,118494.11,18,78911.15,0.043795620437956206,6583.006111111111,0.3340500215580336,0.3900595510765003
2025-12-18,North,App,11193,760,481,48.91,19.07,9248.67,116634.09999999999,20,76607.09,0.04158004158004158,5831.705,0.3431844546320501,0.38989981598855045
2025-12-18,North,Marketplace,9705,662,412,42.760000000000005,16.67,7699.860000000001,79694.89,17,54549.81,0.0412621359223301,4687.934705882353,0.31551684179500095,0.3898503274087933
2025-12-18,North,Web,14071,945,589,61.71,24.07,11214.21,181853.71,25,121773.64,0.042444821731748725,7274.1484,0.33037582791134695,0.39005023497002106
2025-12-18,South,App,9855,736,457,47.69,18.599999999999998,8690.72,89556.19,19,66300.16,0.04157549234135667,4713.483684210526,0.25968087744688556,0.39001887188089746
2025-12-18,South,Marketplace,9038,624,379,37.14,14.48,7124.950000000001,98787.11,16,64462.26,0.04221635883905013,6174.194375,0.3474628420651237,0.38987614431879375
2025-12-18,South,Web,11709,828,495,52.230000000000004,20.37,9763.470000000001,142848.66,21,93827.9,0.04242424242424243,6802.317142857143,0.34316569717909856,0.3900057438253877
2025-12-18,West,App,12266,745,479,50.379999999999995,19.65,9293.41,201421.06,20,146752.41999999998,0.04175365344467641,10071.053,0.2714147170112203,0.39003572846367607
2025-12-18,West,Marketplace,9174,607,386,41.67,16.259999999999998,6803.83,194992.39,17,131015.19,0.04404145077720207,11470.140588235296,0.3281010094804213,0.39020878329733616
2025-12-18,West,Web,13702,883,550,57.22,22.31,10160.57,122012.55,24,80746.54,0.04363636363636364,5083.85625,0.33821119220932605,0.3898986368402656
2025-12-19,East,App,8053,569,357,36.9,14.39,6533.360000000001,105084.13,15,69288.94,0.04201680672268908,7005.608666666667,0.3406336427774584,0.38997289972899735
2025-12-19,East,Marketplace,7279,498,307,33.41,13.03,5829.77,111372.28,13,72948.34,0.04234527687296417,8567.098461538462,0.34500451997570675,0.3900029931158336
2025-12-19,East,Web,9647,707,433,45.81,17.86,8785.83,79366.18000000001,18,53130.66,0.04157043879907621,4409.232222222223,0.3305629677527632,0.3898712071600087
2025-12-19,North,App,11655,786,510,52.91,20.64,9571.650000000001,322568.52999999997,22,212137.59,0.043137254901960784,14662.205909090908,0.3423487715928147,0.39009639009639013
2025-12-19,North,Marketplace,10098,680,426,45.64,17.8,8185.71,192614.33000000002,17,128501.55,0.03990610328638498,11330.254705882355,0.33285571224114013,0.39000876424189307
2025-12-19,North,Web,13790,902,565,59.72,23.29,11154.93,161515.01,23,110914.87,0.04070796460176991,7022.391739130435,0.3132844433467825,0.38998660415271263
2025-12-19,South,App,9658,678,441,45.35,17.689999999999998,8476.279999999999,142388.13,18,97003.87,0.04081632653061224,7910.451666666667,0.3187362598272764,0.390077177508269
2025-12-19,South,Marketplace,8411,579,364,37.1,14.47,6612.6,188219.79,15,123542.87,0.04120879120879121,12547.986,0.34362444034179407,0.39002695417789757
2025-12-19,South,Web,13059,851,534,57.550000000000004,22.45,10308.93,157708.24,22,103957.72,0.04119850187265917,7168.556363636363,0.34082252138505886,0.39009556907037357
2025-12-19,West,App,10268,735,454,47.989999999999995,18.72,9051.0,133665.7,19,98070.55,0.04185022026431718,7035.0368421052635,0.2662998061581992,0.39008126693061057
2025-12-19,West,Marketplace,8395,555,367,39.47,15.39,6881.860000000001,123586.06,15,81478.67,0.04087193460490463,8239.070666666667,0.3407131030797486,0.38991639219660507
2025-12-19,West,Web,12069,797,541,56.21,21.92,9506.89,160206.49,22,108066.18000000001,0.04066543438077634,7282.113181818181,0.32545691501012214,0.3899661981853763
2025-12-20,East,App,10064,715,447,46.81,18.259999999999998,8598.23,213147.79,18,139635.45,0.040268456375838924,11841.54388888889,0.34488905561723154,0.39008758812219607
2025-12-20,East,Marketplace,8395,605,367,38.69,15.09,6938.28,45849.88,15,35563.92,0.04087193460490463,3056.6586666666667,0.22433995465200782,0.39002326182476094
2025-12-20,East,Web,12105,836,519,53.43,20.83,9599.09,111336.71,21,73694.5,0.04046242774566474,5301.748095238096,0.3380934284837409,0.38985588620625117
2025-12-20,North,App,12728,914,579,59.64,23.259999999999998,10593.98,212110.34,24,140876.05000000002,0.04145077720207254,8837.930833333334,0.3358360087490312,0.39000670690811534
2025-12-20,North,Marketplace,11407,843,519,54.07,21.09,10198.91,144105.16,21,93634.29,0.04046242774566474,6862.150476190476,0.35023638293035453,0.3900499352690956
2025-12-20,North,Web,14990,1193,695,73.28999999999999,28.58,13648.83,252964.30000000002,30,166568.19,0.04316546762589928,8432.143333333333,0.341534793644795,0.3899577022786192
2025-12-20,South,App,12139,838,524,57.32,22.36,10192.64,206535.76,22,144325.67,0.04198473282442748,9387.989090909092,0.3012073550846594,0.3900907187718074
2025-12-20,South,Marketplace,10436,703,445,47.43000000000001,18.5,7972.450000000001,175495.3,19,115032.84,0.04269662921348315,9236.594736842104,0.3445246681819969,0.3900484925152856
2025-12-20,South,Web,14276,1001,624,65.83,25.67,11673.95,175339.75,26,115602.69,0.041666666666666664,6743.836538461538,0.3406931970645561,0.38994379462251255
2025-12-20,West,App,12838,952,585,59.64,23.259999999999998,10631.19,221947.61,25,146056.14,0.042735042735042736,8877.9044,0.34193416185017705,0.39000670690811534
2025-12-20,West,Marketplace,10188,700,447,47.45,18.5,7691.16,135239.3,18,99171.19,0.040268456375838924,7513.294444444444,0.2666984375103982,0.38988408851422546
2025-12-20,West,Web,14135,1040,646,68.84,26.85,13397.529999999999,179471.41,26,117903.51,0.04024767801857585,6902.746538461539,0.3430512971397506,0.3900348634514817
2025-12-21,East,App,8927,650,427,43.65,17.02,7542.26,244517.93,19,165778.46,0.04449648711943794,12869.364736842104,0.3220192073440177,0.38991981672394044
2025-12-21,East,Marketplace,8979,600,374,39.76,15.5,6601.360000000001,188455.11,16,129743.92,0.0427807486631016,11778.444375,0.3115393899374763,0.3898390342052314
2025-12-21,East,Web,12589,838,539,55.980000000000004,21.83,10123.96,142855.22,23,94046.35,0.04267161410018553,6211.09652173913,0.34166668883363166,0.3899607002500893
2025-12-21,North,App,12891,993,614,63.56999999999999,24.79,11209.39,159572.0,26,117382.90000000001,0.04234527687296417,6137.384615384615,0.2643891158849923,0.3899638194116722
2025-12-21,North,Marketplace,11712,826,509,52.379999999999995,20.43,9178.26,140374.52,21,93523.22,0.0412573673870334,6684.500952380952,0.33375928907895813,0.3900343642611684
2025-12-21,North,Web,15374,1090,693,73.4,28.62,11897.93,185590.77,29,120470.58,0.04184704184704185,6399.68172413793,0.3508805421735143,0.3899182561307902
2025-12-21,South,App,11671,845,528,56.81,22.16,9790.24,210180.31999999998,22,140042.62,0.041666666666666664,9553.650909090908,0.33370250839850274,0.3900721703925365
2025-12-21,South,Marketplace,9789,683,460,47.93,18.689999999999998,8632.41,106704.95,19,71964.68,0.041304347826086954,5616.05,0.3255731810005066,0.38994366784894635
2025-12-21,South,Web,14081,1007,615,65.45,25.520000000000003,12285.26,167439.78,26,110986.5,0.04227642276422764,6439.991538461539,0.3371557224931853,0.3899159663865547
2025-12-21,West,App,13761,971,598,62.290000000000006,24.29,9908.41,225771.84,25,149305.08,0.04180602006688963,9030.873599999999,0.3386904230394721,0.38995023278214797
2025-12-21,West,Marketplace,10050,683,448,48.19,18.79,7582.0,98367.05,19,64270.479999999996,0.04241071428571429,5177.213157894737,0.3466259280927913,0.3899149201079062
2025-12-21,West,Web,15855,1110,655,68.24,26.619999999999997,12197.34,226174.87,27,148211.6,0.04122137404580153,8376.847037037036,0.34470350309033004,0.39009378663540445
2025-12-22,East,App,8007,560,357,38.08,14.85,6315.59,114955.47,15,75940.09,0.04201680672268908,7663.698,0.33939559378949086,0.389968487394958
2025-12-22,East,Marketplace,7020,493,307,30.73,11.98,5792.8099999999995,56144.72,13,36499.81,0.04234527687296417,4318.824615384616,0.349897728584273,0.3898470549951188
2025-12-22,East,Web,9981,657,407,42.28,16.490000000000002,7462.23,173335.66,18,114628.18000000001,0.044226044226044224,9629.75888888889,0.3386924537051406,0.39001892147587514
2025-12-22,North,App,10669,741,471,49.79,19.42,9310.76,215685.17,20,146167.48,0.04246284501061571,10784.2585,0.3223109405250254,0.39003816027314725
2025-12-22,North,Marketplace,9890,707,441,47.34,18.46,8396.81,165488.22999999998,19,108351.35,0.04308390022675737,8709.906842105262,0.3452624999373066,0.3899450781580059
2025-12-22,North,Web,13024,869,560,57.910000000000004,22.59,10563.54,189587.2,23,126987.64,0.04107142857142857,8242.921739130436,0.3301887469196233,0.390088067691245
2025-12-22,South,App,9477,674,416,43.91,17.12,7904.97,152262.58,18,101126.88,0.04326923076923077,8459.032222222222,0.33583891721787446,0.38988840810749265
2025-12-22,South,Marketplace,8498,567,360,38.22,14.91,6447.67,70026.31,15,45642.45,0.041666666666666664,4668.420666666667,0.34820997993468455,0.3901098901098901
2025-12-22,South,Web,11522,833,514,53.87,21.009999999999998,9254.19,202150.3,21,134688.84,0.04085603112840467,9626.20476190476,0.3337193167657926,0.3900129942454056
2025-12-22,West,App,10021,755,476,49.12,19.16,7415.209999999999,149317.84,20,99080.75,0.04201680672268908,7465.892,0.33644399088548294,0.39006514657980457
2025-12-22,West,Marketplace,10040,674,421,44.120000000000005,17.21,7708.61,89979.33,17,59553.09,0.040380047505938245,5292.901764705883,0.3381469944263866,0.3900725294650952
2025-12-22,West,Web,10909,839,541,54.83,21.380000000000003,10084.47,199430.15,23,132136.32,0.04251386321626617,8670.876086956521,0.33743057406314936,0.3899325186941456
2025-12-23,East,App,8678,598,367,38.91,15.170000000000002,6823.52,145673.67,15,96664.55,0.04087193460490463,9711.578000000001,0.33643087319760673,0.3898740683628888
2025-12-23,East,Marketplace,6491,445,291,30.4,11.86,5208.57,86572.28,12,60682.07,0.041237113402061855,7214.356666666667,0.29905889044391576,0.39013157894736844
2025-12-23,East,Web,9464,671,411,43.95,17.14,8065.57,218267.1,17,140970.12,0.0413625304136253,12839.241176470588,0.3541394007617273,0.3899886234357224
2025-12-23,North,App,12002,767,495,51.67,20.15,9571.86,256250.21,21,170146.0,0.04242424242424243,12202.390952380953,0.3360161538989568,0.3899748403328817
2025-12-23,North,Marketplace,10364,691,441,45.43,17.72,8342.380000000001,174747.48,19,121429.0,0.04308390022675737,9197.235789473685,0.30511730412364174,0.3900506273387629
2025-12-23,North,Web,13474,922,579,61.3,23.909999999999997,11186.689999999999,223384.07,24,150028.4,0.04145077720207254,9307.669583333334,0.32838362198342974,0.39004893964110926
2025-12-23,South,App,9776,656,419,44.2,17.240000000000002,7345.26,110167.88,18,77868.18,0.04295942720763723,6120.437777777778,0.29318618094493615,0.3900452488687783
2025-12-23,South,Marketplace,8584,612,385,39.980000000000004,15.59,7410.74,148082.86,16,99292.97,0.04155844155844156,9255.17875,0.3294769563472774,0.3899449724862431
2025-12-23,South,Web,12152,826,507,53.16,20.73,9167.21,124639.86,21,88859.65,0.04142011834319527,5935.231428571428,0.2870687595444989,0.3899548532731377
2025-12-23,West,App,11145,722,474,48.47,18.900000000000002,8304.84,166666.77000000002,19,111403.89,0.04008438818565401,8771.935263157895,0.33157707442221396,0.38993191664947396
2025-12-23,West,Marketplace,9091,657,391,40.96,15.969999999999999,7118.6,143749.5,16,95394.31,0.04092071611253197,8984.34375,0.3363851004699147,0.38989257812499994
2025-12-23,West,Web,12755,891,560,57.349999999999994,22.36,10543.17,246281.3,24,200562.63,0.04285714285714286,10261.720833333333,0.18563597804624218,0.3898866608544028
2025-12-24,East,App,8365,529,340,35.35,13.79,6702.07,66448.5,14,43705.91,0.041176470588235294,4746.321428571428,0.3422588922248056,0.39009900990099006
2025-12-24,East,Marketplace,6940,493,298,31.12,12.14,5856.52,115678.85,12,74541.09,0.040268456375838924,9639.904166666667,0.35562040943525985,0.39010282776349614
2025-12-24,East,Web,9667,712,442,45.69,17.82,8755.93,190908.67,18,124553.7,0.04072398190045249,10606.037222222223,0.34757441869978983,0.39001969796454367
2025-12-24,North,App,13107,859,545,58.55,22.83,9877.400000000001,128614.13,23,90358.25,0.04220183486238532,5591.918695652174,0.2974469445931019,0.38992314261315114
2025-12-24,North,Marketplace,9359,646,414,44.18,17.23,7356.83,126214.93000000001,17,83958.48999999999,0.04106280193236715,7424.407647058824,0.33479747601967547,0.3899954730647352
2025-12-24,North,Web,13428,824,550,55.03,21.46,10617.83,134732.69,23,88027.92,0.04181818181818182,5857.943043478261,0.3466476472784742,0.38996910775940397
2025-12-24,South,App,9703,682,429,44.83,17.48,8520.4,121484.86,18,82160.38,0.04195804195804196,6749.158888888889,0.3236986073820227,0.38991746598260096
2025-12-24,South,Marketplace,8626,560,371,39.26,15.31,6516.219999999999,103346.6,15,68487.63,0.04043126684636118,6889.7733333333335,0.3373015657989716,0.38996434029546617
2025-12-24,South,Web,11936,810,517,53.900000000000006,21.02,9139.67,107806.06,22,71660.33,0.0425531914893617,4900.2754545454545,0.33528476970589594,0.3899814471243042
2025-12-24,West,App,10085,852,488,49.89,19.45,8915.779999999999,173547.86,21,113213.34999999999,0.0430327868852459,8264.183809523809,0.34765343692512257,0.38985768691120465
2025-12-24,West,Marketplace,8661,626,402,42.379999999999995,16.53,7478.16,171642.2,18,114943.71,0.04477611940298507,9535.677777777779,0.33032954599742953,0.39004247286455884
2025-12-24,West,Web,12664,869,537,54.81,21.380000000000003,9323.92,179687.67,22,120497.19,0.040968342644320296,8167.621363636365,0.32940757704744017,0.3900748038679073
2025-12-25,East,App,8091,655,378,40.69,15.86,6948.1,59627.48,16,39269.54,0.042328042328042326,3726.7175,0.3414187552450649,0.38977635782747605
2025-12-25,East,Marketplace,6650,485,295,31.54,12.3,5655.01,93926.45,12,62030.16,0.04067796610169491,7827.204166666666,0.33958794354518873,0.3899809765377299
2025-12-25,East,Web,9414,655,412,43.64,17.02,7173.57,121840.04,17,79594.9,0.0412621359223301,7167.061176470588,0.3467262486125251,0.3900091659028414
2025-12-25,North,App,10819,792,496,51.900000000000006,20.240000000000002,10091.43,186041.9,20,122600.28,0.04032258064516129,9302.095,0.34100716021498384,0.389980732177264
2025-12-25,North,Marketplace,10260,681,424,44.84,17.48,7351.97,164651.54,18,111034.51000000001,0.04245283018867924,9147.307777777778,0.32563940792779705,0.38983050847457623
2025-12-25,North,Web,13474,974,619,64.03,24.97,11814.619999999999,218799.37,26,142819.33,0.0420032310177706,8415.360384615384,0.34725895234524673,0.3899734499453381
2025-12-25,South,App,8959,638,422,45.03,17.57,8553.050000000001,123655.12,17,81376.45,0.04028436018957346,7273.830588235294,0.3419079614333802,0.39018432156340216
2025-12-25,South,Marketplace,8681,564,352,37.65,14.69,7021.780000000001,71069.84,15,47562.979999999996,0.04261363636363636,4737.989333333333,0.33075718194947396,0.3901726427622842
2025-12-25,South,Web,11273,797,493,50.129999999999995,19.55,8885.880000000001,220144.09999999998,21,146756.44,0.04259634888438134,10483.05238095238,0.3333619206692343,0.38998603630560547
2025-12-25,West,App,11662,740,494,51.8,20.21,9451.57,231773.91999999998,21,153382.13,0.04251012145748988,11036.853333333333,0.33822524121782116,0.3901544401544402
2025-12-25,West,Marketplace,8952,645,386,41.379999999999995,16.14,7238.5,101471.03,16,66823.95,0.04145077720207254,6341.939375,0.3414479975220514,0.39004349927501214
2025-12-25,West,Web,13007,900,564,58.47,22.810000000000002,10079.5,150196.42,24,108504.78,0.0425531914893617,6258.184166666667,0.27758078388286495,0.39011458867795457
2025-12-26,East,App,9879,581,385,38.29,14.93,7339.82,106358.09,17,82265.64,0.04415584415584416,6256.358235294118,0.22652202573400856,0.38991903891355445
2025-12-26,East,Marketplace,6923,445,297,30.78,12.0,5197.17,132867.59,13,88983.79000000001,0.04377104377104377,10220.583846153846,0.33028220049750273,0.3898635477582846
2025-12-26,East,Web,8733,639,393,41.599999999999994,16.22,8033.24,99497.94,17,65106.07,0.043256997455470736,5852.82,0.34565409092891775,0.38990384615384616
2025-12-26,North,App,12545,838,529,55.83,21.78,9250.91,128337.14,22,85284.55,0.04158790170132325,5833.506363636364,0.3354647766032498,0.3901128425577647
2025-12-26,North,Marketplace,9272,638,412,43.93,17.14,7595.33,166441.78,17,106095.98000000001,0.0412621359223301,9790.69294117647,0.36256401487655315,0.39016617345777377
2025-12-26,North,Web,14070,948,601,62.95,24.55,10855.45,192477.43,25,125656.81000000001,0.04159733777038269,7699.0972,0.34716080737362287,0.38999205718824465
2025-12-26,South,App,10172,715,453,48.02,18.73,8089.93,88089.6,19,58135.98,0.04194260485651214,4636.2947368421055,0.34003582715780295,0.390045814244065
2025-12-26,South,Marketplace,7962,536,347,36.83,14.36,6333.17,110799.45000000001,14,78289.67,0.040345821325648415,7914.2464285714295,0.2934110232496642,0.3898995384197665
2025-12-26,South,Web,12538,902,528,56.47,22.02,9951.689999999999,127799.0,22,85048.63,0.041666666666666664,5809.045454545455,0.3345125548713213,0.3899415618912697
2025-12-26,West,App,10950,759,466,47.78,18.64,8363.380000000001,192343.69,20,128405.32,0.04291845493562232,9617.1845,0.33241729947054666,0.3901213897028045
2025-12-26,West,Marketplace,8367,611,379,39.980000000000004,15.59,6708.05,96400.64,16,63745.5,0.04221635883905013,6025.04,0.3387440166372339,0.3899449724862431
2025-12-26,West,Web,11801,870,546,56.42,22.0,10666.779999999999,189472.81,23,124057.15,0.04212454212454213,8237.948260869565,0.34525090961600247,0.3899326479971641
2025-12-27,East,App,9253,607,400,42.09,16.41,7793.27,208411.79,17,139608.03,0.0425,12259.51705882353,0.3301337222812587,0.38987883107626514
2025-12-27,East,Marketplace,7910,528,324,32.77,12.780000000000001,6331.5,132314.86,14,86328.17,0.043209876543209874,9451.061428571427,0.3475549911778616,0.38999084528532196
2025-12-27,East,Web,10646,764,479,51.67,20.15,8809.57,151404.3,20,98472.6,0.04175365344467641,7570.214999999999,0.349604998008643,0.3899748403328817
2025-12-27,North,App,12878,893,559,59.47,23.189999999999998,10581.22,185377.4,24,125881.52,0.04293381037567084,7724.058333333333,0.3209446243177431,0.3899445098368925
2025-12-27,North,Marketplace,11669,781,505,53.81,20.98,9877.970000000001,172706.65,21,113907.71,0.041584158415841586,8224.12619047619,0.34045556439199065,0.38989035495261104
2025-12-27,North,Web,16071,1093,687,70.47,27.479999999999997,12673.380000000001,289769.13,29,205203.73,0.042212518195050945,9992.038965517242,0.2918371601557419,0.3899531715623669
2025-12-27,South,App,11634,793,507,53.4,20.83,9686.71,213397.66,21,139825.22,0.04142011834319527,10161.793333333333,0.3447668545193982,0.3900749063670412
2025-12-27,South,Marketplace,8371,612,379,39.19,15.29,6523.139999999999,142333.4,16,94644.44,0.04221635883905013,8895.8375,0.33505108428520636,0.3901505486093391
2025-12-27,South,Web,13441,917,591,61.34,23.92,11003.86,244722.75,26,164055.95,0.043993231810490696,9412.413461538461,0.32962525960500194,0.38995761330290185
2025-12-27,West,App,11838,846,531,55.82000000000001,21.770000000000003,9501.48,246392.1,22,165440.73,0.04143126177024482,11199.64090909091,0.3285469379903008,0.39000358294518095
2025-12-27,West,Marketplace,10165,755,470,48.349999999999994,18.86,8651.91,174356.66999999998,20,125994.76,0.0425531914893617,8717.833499999999,0.2773734437575574,0.39007238883143747
2025-12-27,West,Web,14589,953,598,65.02,25.36,10608.76,301883.35,26,195035.41999999998,0.043478260869565216,11610.898076923077,0.35393780412202264,0.3900338357428484
2025-12-28,East,App,8881,714,414,42.72,16.66,7507.379999999999,183965.34,17,124712.15999999999,0.04106280193236715,10821.490588235294,0.3220888239056336,0.38998127340823974
2025-12-28,East,Marketplace,6936,504,324,34.269999999999996,13.36,5637.84,85146.47,14,57210.83,0.043209876543209874,6081.890714285714,0.3280892325894426,0.3898453457834841
2025-12-28,East,Web,9254,743,442,46.71,18.22,8841.05,202617.06,19,135535.98,0.042986425339366516,10664.055789473685,0.33107320775456905,0.39006636694497965
2025-12-28,North,App,13046,955,563,61.05,23.810000000000002,10244.22,119717.58,23,78826.61,0.04085257548845471,5205.112173913044,0.341561949381202,0.39000819000819004
2025-12-28,North,Marketplace,11202,797,480,50.19,19.57,9492.39,127491.73000000001,20,87334.5,0.041666666666666664,6374.5865,0.31497909707555155,0.3899183104204025
2025-12-28,North,Web,15072,984,636,64.74,25.240000000000002,11910.810000000001,272794.87,28,179907.95,0.0440251572327044,9742.673928571428,0.34050097789595524,0.38986716095149837
2025-12-28,South,App,11309,840,512,52.980000000000004,20.66,9195.31,158196.91,22,118110.98,0.04296875,7190.768636363637,0.2533926231555345,0.38995847489618723
2025-12-28,South,Marketplace,8890,664,396,42.0,16.38,7615.45,128149.65,16,84162.58,0.04040404040404041,8009.353125,0.3432476795683796,0.38999999999999996
2025-12-28,South,Web,13393,971,586,61.19,23.86,11127.7,156205.05,25,104885.28,0.042662116040955635,6248.201999999999,0.3285410426871602,0.3899329955875143
2025-12-28,West,App,11793,824,527,54.69,21.33,9383.49,124855.8,22,104894.95,0.04174573055028463,5675.263636363637,0.15987122744798404,0.390016456390565
2025-12-28,West,Marketplace,9989,729,458,47.239999999999995,18.43,8792.28,155332.47,19,103256.29,0.04148471615720524,8175.393157894737,0.3352562410164469,0.39013547840812873
2025-12-28,West,Web,14621,1002,635,66.21,25.82,12016.43,205808.84,27,140114.85,0.04251968503937008,7622.54962962963,0.31919906841708057,0.3899713034284852
2025-12-29,East,App,8140,545,359,39.01,15.21,6453.3099999999995,77220.26000000001,15,52829.9,0.04178272980501393,5148.017333333334,0.31585441437260126,0.38990002563445275
2025-12-29,East,Marketplace,6607,466,292,29.6,11.55,5072.5,59173.13,12,39585.34,0.0410958904109589,4931.094166666667,0.33102507844354356,0.3902027027027027
2025-12-29,East,Web,9526,703,410,43.19,16.85,7723.039999999999,150594.57,17,98368.4,0.041463414634146344,8858.504117647059,0.34679982153406996,0.390136605695763
2025-12-29,North,App,11778,805,493,52.31,20.4,9651.03,168434.99,21,111874.5,0.04259634888438134,8020.713809523809,0.33580012086562294,0.38998279487669657
2025-12-29,North,Marketplace,10976,720,433,46.66,18.19,8636.02,155128.58000000002,18,103639.62,0.04157043879907621,8618.254444444445,0.331911502058486,0.3898414059151308
2025-12-29,North,Web,14493,1001,628,65.71000000000001,25.619999999999997,11032.22,237965.28,27,156370.06,0.042993630573248405,8813.528888888888,0.3428870799975526,0.3898949931517272
2025-12-29,South,App,10140,723,445,47.19,18.4,7960.12,107273.87,19,70418.78,0.04269662921348315,5645.993157894736,0.3435607385097601,0.3899131171858444
2025-12-29,South,Marketplace,8043,590,347,36.62,14.28,6674.93,119023.06999999999,14,78649.74,0.040345821325648415,8501.647857142856,0.33920592033124325,0.3899508465319498
2025-12-29,South,Web,12352,769,495,52.739999999999995,20.57,9547.76,218941.35,21,145974.16,0.04242424242424243,10425.778571428571,0.33327276916854676,0.39002654531664777
2025-12-29,West,App,10745,817,495,52.33,20.41,9321.45,172697.22999999998,21,114627.49,0.04242424242424243,8223.677619047618,0.3362517163708994,0.3900248423466463
2025-12-29,West,Marketplace,9576,662,419,43.519999999999996,16.98,7878.45,163720.82,17,112523.51000000001,0.0405727923627685,9630.636470588235,0.31271105287647594,0.3901654411764706
2025-12-29,West,Web,12619,938,571,60.599999999999994,23.64,10883.31,238821.07,25,156081.78,0.043782837127845885,9552.8428,0.34644887069637537,0.39009900990099017
2025-12-30,East,App,7720,560,352,37.97,14.809999999999999,6060.219999999999,104916.6,14,69301.8,0.03977272727272727,7494.042857142857,0.3394581982260195,0.3900447721885699
2025-12-30,East,Marketplace,6953,471,293,30.27,11.809999999999999,5346.05,65984.14,12,43451.09,0.040955631399317405,5498.678333333333,0.34149191002565166,0.3901552692434754
2025-12-30,East,Web,9091,672,412,42.379999999999995,16.53,8002.74,137164.53,18,90451.48,0.043689320388349516,7620.251666666667,0.3405621701178869,0.39004247286455884
2025-12-30,North,App,11107,823,486,50.56999999999999,19.72,8788.04,154126.53,20,101686.85,0.0411522633744856,7706.3265,0.34023785522194,0.3899545184892229
2025-12-30,North,Marketplace,9717,724,449,47.260000000000005,18.43,8646.5,225276.82,19,147742.12,0.042316258351893093,11856.674736842106,0.3441752240643312,0.38997037663986456
2025-12-30,North,Web,13836,933,576,60.849999999999994,23.73,11000.33,188533.19,25,123419.0,0.043402777777777776,7541.3276000000005,0.3453725574791367,0.389975349219392
2025-12-30,South,App,10012,715,436,46.72,18.22,8335.77,110736.62,18,74738.54,0.04128440366972477,6152.0344444444445,0.32507837064197914,0.38998287671232873
2025-12-30,South,Marketplace,8331,562,357,38.21,14.9,6684.110000000001,119115.08,15,78088.54,0.04201680672268908,7941.0053333333335,0.34442775843327317,0.38995027479717354
2025-12-30,South,Web,11543,769,493,50.24,19.6,9856.35,133470.09,21,87415.75,0.04259634888438134,6355.7185714285715,0.34505363711075643,0.39012738853503187
2025-12-30,West,App,11726,815,500,52.89,20.62,9471.71,189298.95,21,127720.05,0.042,9014.235714285714,0.3252997441348724,0.38986575912270754
2025-12-30,West,Marketplace,9438,667,399,42.540000000000006,16.59,7032.81,127058.04000000001,17,85209.65,0.042606516290726815,7474.002352941177,0.3293643597839225,0.3899858956276445
2025-12-30,West,Web,11964,862,567,61.97,24.17,10181.26,160965.62,23,110238.91,0.04056437389770723,6998.5052173913045,0.3151400280382854,0.39002743262869133
2025-12-31,East,App,7600,522,337,35.48,13.84,6351.62,92221.32,14,60196.88,0.04154302670623145,6587.237142857143,0.34725636111042446,0.39007891770011277
2025-12-31,East,Marketplace,6776,465,288,30.45,11.879999999999999,5621.6900000000005,106243.23999999999,12,70792.73,0.041666666666666664,8853.603333333333,0.3336730882830757,0.3901477832512315
2025-12-31,East,Web,9888,643,403,41.599999999999994,16.22,7099.98,205421.64,17,131660.48,0.04218362282878412,12083.625882352942,0.35907200429321856,0.38990384615384616
2025-12-31,North,App,12074,819,508,52.91,20.64,9282.69,244008.05,22,161996.81,0.04330708661417323,11091.275,0.33610055078100903,0.39009639009639013
2025-12-31,North,Marketplace,9514,681,428,44.79,17.47,7603.38,186054.32,17,120962.94,0.0397196261682243,10944.371764705882,0.3498514842332067,0.39004242018307655
2025-12-31,North,Web,15359,960,620,63.56999999999999,24.79,11654.01,142252.38,26,93595.67,0.041935483870967745,5471.245384615385,0.3420449626220665,0.3899638194116722
2025-12-31,South,App,9781,753,443,46.19,18.009999999999998,8153.17,204673.95,18,136101.59,0.040632054176072234,11370.775000000001,0.3350321816723624,0.3899112361983113
2025-12-31,South,Marketplace,8866,589,366,38.69,15.09,6202.8099999999995,123159.34,16,81658.08,0.04371584699453552,7697.45875,0.3369720883531854,0.39002326182476094
2025-12-31,South,Web,10555,845,505,52.83,20.6,10193.81,116883.15,21,79317.44,0.041584158415841586,5565.864285714286,0.32139542782685093,0.3899299640355859
2025-12-31,West,App,11233,762,452,48.16,18.78,8266.92,129397.91,19,86395.92,0.0420353982300885,6810.416315789474,0.3323236828168245,0.38995016611295685
2025-12-31,West,Marketplace,9229,629,384,40.349999999999994,15.740000000000002,7541.45,45936.299999999996,16,30148.27,0.041666666666666664,2871.0187499999997,0.343693984931307,0.39008674101610913
2025-12-31,West,Web,13403,926,555,58.019999999999996,22.619999999999997,10027.55,143693.91,23,97916.12,0.04144144144144144,6247.561304347826,0.3185784978639666,0.389865563598759
2026-01-01,East,App,6550,429,288,30.15,11.760000000000002,5887.98,175626.33000000002,12,114191.61,0.041666666666666664,14635.527500000002,0.3498035858290725,0.39004975124378116
2026-01-01,East,Marketplace,5471,424,250,26.51,10.34,4390.41,72431.91,10,50124.46000000001,0.04,7243.191000000001,0.30797821015626947,0.39004149377593356
2026-01-01,East,Web,8592,586,348,38.269999999999996,14.93,6566.9,108408.39,15,91984.47,0.04310344827586207,7227.226,0.1515004512104644,0.39012281160177686
2026-01-01,North,App,8657,621,392,41.33,16.119999999999997,7495.05,82119.27,16,56690.25,0.04081632653061224,5132.454375,0.3096595963407858,0.39003145414952817
2026-01-01,North,Marketplace,7422,583,350,36.67,14.31,6285.62,168408.76,15,112593.73000000001,0.04285714285714286,11227.250666666667,0.33142593057510783,0.39023725115898555
2026-01-01,North,Web,10597,732,461,49.35,19.240000000000002,8759.029999999999,226003.91999999998,19,150784.53,0.04121475054229935,11894.943157894735,0.33282338642621767,0.3898682877406282
2026-01-01,South,App,8431,577,364,38.79,15.12,7006.57,103341.17,15,68346.08,0.04120879120879121,6889.4113333333335,0.3386364795366648,0.38979118329466356
2026-01-01,South,Marketplace,6815,498,298,32.09,12.52,5619.41,115601.9,12,79218.06,0.040268456375838924,9633.491666666667,0.31473392738354644,0.39015269554378307
2026-01-01,South,Web,10086,683,419,42.010000000000005,16.38,7350.43,108663.25,18,74735.28,0.04295942720763723,6036.847222222223,0.3122303998822049,0.3899071649607236
2026-01-01,West,App,8824,610,393,40.86,15.93,7038.1900000000005,139728.17,16,99209.23,0.04071246819338423,8733.010625,0.2899840454505345,0.3898678414096916
2026-01-01,West,Marketplace,7536,503,312,32.81,12.8,5645.02,140888.91999999998,13,97349.66,0.041666666666666664,10837.609230769229,0.3090325342830365,0.3901249619018592
2026-01-01,West,Web,11338,697,462,47.55,18.55,9491.83,168076.3,19,113956.3,0.04112554112554113,8846.121052631579,0.3219966170126305,0.3901156677181914
2026-01-02,East,App,6451,448,290,30.43,11.86,4739.52,127088.84,12,83076.97,0.041379310344827586,10590.736666666666,0.3463079055564595,0.3897469602366086
2026-01-02,East,Marketplace,5904,397,252,26.810000000000002,10.45,4322.610000000001,115277.84999999999,10,75320.55,0.03968253968253968,11527.785,0.3466173250108324,0.38977993286087276
2026-01-02,East,Web,7829,543,341,36.69,14.31,6459.36,114802.58,14,76226.82,0.04105571847507331,8200.184285714286,0.33601823234286193,0.39002452984464436
2026-01-02,North,App,8945,654,402,41.83,16.310000000000002,7784.54,166721.75,17,110397.65000000001,0.04228855721393035,9807.161764705883,0.33783294621127713,0.38991154673679185
2026-01-02,North,Marketplace,7621,550,348,36.1,14.08,6265.59,89464.75,15,58195.369999999995,0.04310344827586207,5964.316666666667,0.3495162061035213,0.3900277008310249
2026-01-02,North,Web,11909,812,502,52.31,20.4,8623.73,153085.94,21,133139.14,0.04183266932270916,7289.806666666666,0.13029805349857726,0.38998279487669657
2026-01-02,South,App,7567,561,340,35.24,13.739999999999998,6007.16,143753.19,15,93780.82,0.04411764705882353,9583.546,0.34762616398286533,0.3898978433598183
2026-01-02,South,Marketplace,7684,524,312,32.33,12.6,6401.09,114686.07,13,76947.33,0.041666666666666664,8822.005384615386,0.3290612364692591,0.3897309000927931
2026-01-02,South,Web,10248,684,436,46.59,18.169999999999998,8157.77,86463.62000000001,18,56993.8,0.04128440366972477,4803.534444444445,0.34083490836955477,0.38999785361665584
2026-01-02,West,App,9502,648,397,40.43,15.77,7107.62,103243.54,17,68295.89,0.042821158690176324,6073.149411764705,0.33849720767032976,0.3900568884491714
2026-01-02,West,Marketplace,7729,503,320,34.43,13.43,6041.280000000001,76012.75,13,50317.74,0.040625,5847.134615384615,0.33803552693462613,0.3900668022073773
2026-01-02,West,Web,10485,729,452,48.16,18.78,7881.06,88473.31,19,58435.33,0.0420353982300885,4656.49,0.3395145948535213,0.38995016611295685
2026-01-03,East,App,7793,532,334,35.76,13.95,6109.67,89763.44,14,58394.24,0.041916167664670656,6411.674285714286,0.3494652165736964,0.3901006711409396
2026-01-03,East,Marketplace,6326,433,276,28.97,11.29,5073.41,64433.06,12,42241.32,0.043478260869565216,5369.421666666666,0.3444154289738839,0.38971349672074557
2026-01-03,East,Web,9133,616,385,40.62,15.84,7406.379999999999,181318.92,16,119104.26,0.04155844155844156,11332.4325,0.3431228246892272,0.38995568685376664
2026-01-03,North,App,10464,700,455,47.31,18.45,8168.379999999999,190621.06,19,136740.52000000002,0.041758241758241756,10032.687368421053,0.28265785532826215,0.38998097653772984
2026-01-03,North,Marketplace,8817,679,404,44.42,17.330000000000002,7421.14,93106.14,17,62549.18,0.04207920792079208,5476.831764705882,0.3281948967060604,0.390139576767222
2026-01-03,North,Web,12535,802,512,53.480000000000004,20.86,8872.150000000001,101229.37,23,65730.91,0.044921875,4401.276956521739,0.35067352488709547,0.39005235602094235
2026-01-03,South,App,10224,641,404,41.150000000000006,16.05,7486.17,215885.03,17,143983.52,0.04207920792079208,12699.119411764706,0.3330546356085923,0.39003645200486026
2026-01-03,South,Marketplace,7681,543,339,35.43,13.82,6084.5,87648.56999999999,15,58448.93,0.04424778761061947,5843.237999999999,0.33314451108557724,0.3900649167372284
2026-01-03,South,Web,10884,766,493,51.379999999999995,20.03,8937.11,130241.04,21,86344.06999999999,0.04259634888438134,6201.954285714285,0.33704406844417095,0.3898404048267809
2026-01-03,West,App,8969,659,407,41.59,16.22,7841.38,202865.82,17,132752.89,0.04176904176904177,11933.283529411765,0.34561233627232024,0.3899975955758595
2026-01-03,West,Marketplace,8485,555,357,37.199999999999996,14.5,6371.08,52362.23,15,35574.79,0.04201680672268908,3490.8153333333335,0.3206020828371901,0.3897849462365592
2026-01-03,West,Web,11674,852,521,56.59,22.07,10031.9,184975.71,22,124114.58,0.04222648752399232,8407.986818181818,0.32902228081730295,0.3899982329033398
2026-01-04,East,App,7036,541,324,34.260000000000005,13.36,5868.54,109868.36,13,70716.63,0.040123456790123455,8451.412307692308,0.3563512734694501,0.3899591360186806
2026-01-04,East,Marketplace,7114,500,295,31.090000000000003,12.120000000000001,5378.43,131636.93,12,86177.54000000001,0.04067796610169491,10969.744166666665,0.3453391840724331,0.38983596011579286
2026-01-04,East,Web,9328,628,388,41.54,16.2,6909.780000000001,202417.28999999998,16,132241.72,0.041237113402061855,12651.080624999999,0.34668762732669717,0.38998555609051516
2026-01-04,North,App,10633,780,482,50.84,19.83,8652.05,139977.36,20,92943.92,0.04149377593360996,6998.8679999999995,0.33600748006677644,0.39004720692368205
2026-01-04,North,Marketplace,9655,647,424,44.14,17.21,7893.6,152505.47,18,100984.12999999999,0.04245283018867924,8472.52611111111,0.33783273478649656,0.38989578613502496
2026-01-04,North,Web,12869,814,540,57.550000000000004,22.45,9799.84,165787.11000000002,23,111988.12,0.04259259259259259,7208.135217391305,0.32450647097955937,0.39009556907037357
2026-01-04,South,App,9565,648,417,44.769999999999996,17.46,7291.78,112022.40000000001,17,73248.15,0.0407673860911271,6589.552941176471,0.34612943482732034,0.3899932990842082
2026-01-04,South,Marketplace,7415,548,333,34.04,13.280000000000001,6684.0599999999995,120472.33,14,80720.33,0.042042042042042045,8605.166428571429,0.3299678855717325,0.39012925969447715
2026-01-04,South,Web,10860,791,494,50.83,19.83,9278.23,97859.61,20,63839.47,0.04048582995951417,4892.9805,0.3476423010473882,0.39012394255361005
2026-01-04,West,App,10595,724,464,47.95,18.71,9263.14,142643.99,20,96373.29,0.04310344827586207,7132.1995,0.32437889601938363,0.39019812304483836
2026-01-04,West,Marketplace,8029,533,364,38.81,15.14,6643.71,153029.14,16,101076.35,0.04395604395604396,9564.32125,0.33949605937797206,0.39010564287554755
2026-01-04,West,Web,12583,843,536,55.879999999999995,21.79,9069.41,254625.99,22,166079.45,0.041044776119402986,11573.908636363636,0.3477513823313951,0.3899427344309234
2026-01-05,East,App,7371,481,316,32.67,12.739999999999998,5925.65,97041.68,13,63725.15,0.04113924050632911,7464.744615384615,0.3433218592258501,0.38996020814202625
2026-01-05,East,Marketplace,6660,438,276,29.019999999999996,11.309999999999999,5197.79,160931.47,12,106611.47,0.043478260869565216,13410.955833333333,0.33753497684449163,0.38973121984838044
2026-01-05,East,Web,8669,565,369,38.269999999999996,14.93,6277.34,136775.48,15,97146.08,0.04065040650406504,9118.365333333333,0.28974052951596296,0.39012281160177686
2026-01-05,North,App,9640,674,429,44.14,17.21,7585.83,107401.09999999999,19,70124.69,0.04428904428904429,5652.6894736842105,0.3470766128093659,0.38989578613502496
2026-01-05,North,Marketplace,8634,631,384,40.1,15.64,6771.200000000001,119532.36,16,80650.23,0.041666666666666664,7470.7725,0.32528538715373817,0.3900249376558603
2026-01-05,North,Web,11412,761,492,51.03,19.9,8650.1,126043.62000000001,21,84056.73,0.042682926829268296,6002.077142857143,0.33311396483217487,0.38996668626298253
2026-01-05,South,App,8266,595,373,40.480000000000004,15.79,6882.3099999999995,173495.9,16,113981.8,0.04289544235924933,10843.49375,0.34302885543692957,0.39006916996047425
2026-01-05,South,Marketplace,7024,492,312,32.22,12.57,5353.610000000001,123464.70999999999,13,83469.38,0.041666666666666664,9497.285384615385,0.32394139183577225,0.39013035381750466
2026-01-05,South,Web,10351,709,451,46.31,18.07,8770.24,80428.55,19,61451.08,0.04212860310421286,4233.081578947368,0.23595439679069186,0.3901965018354567
2026-01-05,West,App,10382,686,436,46.36,18.08,8046.03,131309.26,19,88179.15,0.04357798165137615,6911.013684210527,0.32846205972069303,0.3899913718723037
2026-01-05,West,Marketplace,7876,561,358,36.69,14.31,6617.049999999999,84042.37,15,54313.1,0.04189944134078212,5602.824666666666,0.35374145207946894,0.39002452984464436
2026-01-05,West,Web,10688,764,479,52.07,20.31,9456.12,193372.68,20,125797.06,0.04175365344467641,9668.634,0.34945794824791176,0.39005185327443825
2026-01-06,East,App,7497,493,307,33.93,13.239999999999998,5865.5,143473.57,13,94716.26,0.04234527687296417,11036.428461538462,0.3398347862954829,0.39021514883583847
2026-01-06,East,Marketplace,6352,447,276,28.09,10.95,4762.71,114035.06,11,76228.52,0.03985507246376811,10366.823636363637,0.3315343544345046,0.38981844072623706
2026-01-06,East,Web,7754,574,346,34.989999999999995,13.64,6165.34,115412.15,15,76767.98,0.04335260115606936,7694.1433333333325,0.33483623691266473,0.3898256644755645
2026-01-06,North,App,9781,707,453,47.98,18.71,8545.19,146034.46,19,98267.51999999999,0.04194260485651214,7686.024210526315,0.3270936188622877,0.389954147561484
2026-01-06,North,Marketplace,7541,607,362,39.209999999999994,15.29,7058.05,70271.09,15,45502.65,0.04143646408839779,4684.739333333333,0.3524698421498798,0.38995154297373125
2026-01-06,North,Web,12624,873,538,57.36,22.36,10428.86,196692.03,23,129165.08,0.04275092936802974,8551.827391304349,0.3433130971295583,0.3898186889818689
2026-01-06,South,App,8463,607,371,39.379999999999995,15.36,6836.34,101090.61,15,67089.53,0.04043126684636118,6739.374,0.336342613819424,0.3900457084814627
2026-01-06,South,Marketplace,7366,524,326,33.5,13.07,5852.8099999999995,93701.02,14,62313.28,0.04294478527607362,6692.93,0.3349775701481158,0.3901492537313433
2026-01-06,South,Web,11119,733,455,48.230000000000004,18.810000000000002,8830.83,187244.5,18,129650.86,0.03956043956043956,10402.472222222223,0.3075852161211678,0.39000622019489944
2026-01-06,West,App,9746,663,420,44.36,17.299999999999997,7450.31,126142.06999999999,18,85237.16,0.04285714285714286,7007.892777777777,0.32427650822600257,0.3899909828674481
2026-01-06,West,Marketplace,7924,579,361,38.38,14.969999999999999,7010.51,269010.08999999997,15,176162.18,0.04155124653739612,17934.005999999998,0.34514657052454795,0.3900468994267847
2026-01-06,West,Web,11779,810,509,53.6,20.9,9148.74,264581.22,21,172541.22999999998,0.0412573673870334,12599.105714285713,0.3478704573211961,0.38992537313432835
2026-01-07,East,App,6552,469,290,30.36,11.84,5354.9,67348.53,13,46317.24,0.04482758620689655,5180.656153846154,0.3122754126927492,0.38998682476943347
2026-01-07,East,Marketplace,6217,395,253,26.93,10.5,5124.030000000001,102310.32,10,67187.25,0.039525691699604744,10231.032000000001,0.34329938563382467,0.38989974006684
2026-01-07,East,Web,7750,572,355,36.83,14.36,6560.88,116416.81,15,77094.25,0.04225352112676056,7761.120666666667,0.33777390052175454,0.3898995384197665
2026-01-07,North,App,9757,729,433,45.14,17.6,8404.48,171956.41,19,110375.79000000001,0.04387990762124711,9050.337368421053,0.35811761829640426,0.38989809481612764
2026-01-07,North,Marketplace,8003,579,346,37.0,14.43,5975.43,158606.13,15,104086.92,0.04335260115606936,10573.742,0.34373961460379876,0.39
2026-01-07,North,Web,11353,767,467,48.26,18.810000000000002,8691.91,180752.4,19,118606.95,0.04068522483940043,9513.284210526315,0.3438153518293533,0.38976377952755914
2026-01-07,South,App,7855,576,350,37.36,14.57,5783.799999999999,81043.58,15,53825.47,0.04285714285714286,5402.905333333333,0.3358453562885549,0.38998929336188437
2026-01-07,South,Marketplace,6816,492,307,31.910000000000004,12.45,5838.62,75502.17,13,57806.899999999994,0.04234527687296417,5807.859230769231,0.2343677009548203,0.3901598245064242
2026-01-07,South,Web,9091,665,424,45.769999999999996,17.85,7829.1900000000005,115901.13,18,76788.7,0.04245283018867924,6438.951666666667,0.3374637503534263,0.38999344548831116
2026-01-07,West,App,7628,581,355,37.57,14.65,6977.59,135911.57,15,89348.92,0.04225352112676056,9060.771333333334,0.3425951889158517,0.38993878094224116
2026-01-07,West,Marketplace,7698,502,329,35.16,13.71,6191.1,139929.44999999998,14,93496.76,0.0425531914893617,9994.960714285713,0.33182928968848224,0.38993174061433455
2026-01-07,West,Web,10150,711,428,45.7,17.83,7916.58,154842.35,19,108938.76,0.04439252336448598,8149.597368421053,0.29645371566628903,0.39015317286652074
2026-01-08,East,App,7100,495,305,31.81,12.41,5723.19,95867.14,13,62689.48,0.04262295081967213,7374.3953846153845,0.34607958472527706,0.39012889028607356
2026-01-08,East,Marketplace,5927,405,257,27.71,10.809999999999999,4520.12,140930.21000000002,11,96043.89,0.042801556420233464,12811.837272727274,0.31850034141012074,0.39011187297004685
2026-01-08,East,Web,8172,540,346,36.78,14.34,6516.549999999999,187675.16,15,125726.12,0.04335260115606936,12511.677333333333,0.3300865175764337,0.3898858075040783
2026-01-08,North,App,9500,640,405,42.239999999999995,16.47,7183.93,111637.87999999999,16,74883.79,0.03950617283950617,6977.367499999999,0.3292259759859288,0.38991477272727276
2026-01-08,North,Marketplace,7786,593,355,38.14,14.88,6923.59,127804.96,15,84511.20999999999,0.04225352112676056,8520.330666666667,0.33874859003907215,0.3901415836392239
2026-01-08,North,Web,11729,740,481,51.1,19.93,8193.5,108896.13,20,71152.37,0.04158004158004158,5444.806500000001,0.3466033182262768,0.39001956947162425
2026-01-08,South,App,8443,547,347,37.07,14.450000000000001,6430.07,135154.65,14,92343.67,0.040345821325648415,9653.903571428571,0.31675550933689667,0.38980307526301594
2026-01-08,South,Marketplace,7170,489,302,31.330000000000002,12.219999999999999,5560.14,93903.53,13,61086.42,0.04304635761589404,7223.348461538461,0.34947685140271084,0.39004149377593356
2026-01-08,South,Web,9826,685,442,46.24,18.03,8788.310000000001,141128.73,19,95712.65,0.042986425339366516,7427.827894736843,0.3218060560737705,0.3899221453287197
2026-01-08,West,App,8450,605,369,39.209999999999994,15.29,6495.31,123290.81,15,80991.85,0.04065040650406504,8219.387333333334,0.34308282993679734,0.38995154297373125
2026-01-08,West,Marketplace,6712,502,326,34.03,13.27,5852.1,61218.04,14,40390.03,0.04294478527607362,4372.717142857143,0.34022667174577953,0.389950044078754
2026-01-08,West,Web,10541,757,445,45.19,17.62,7835.14,104051.99,18,69907.8,0.04044943820224719,5780.666111111112,0.32814547804419697,0.38990927196282366
2026-01-09,East,App,7222,543,322,33.52,13.07,5879.76,104473.65999999999,13,66000.1,0.040372670807453416,8036.435384615384,0.3682608611586881,0.38991646778042954
2026-01-09,East,Marketplace,5046,364,234,24.45,9.530000000000001,4402.03,91554.26000000001,10,59812.52,0.042735042735042736,9155.426000000001,0.34669866809037625,0.3897750511247444
2026-01-09,East,Web,7931,543,345,35.83,13.98,6322.34,104975.72,15,69701.89,0.043478260869565216,6998.381333333334,0.3360189384745349,0.3901758303097963
2026-01-09,North,App,9900,645,407,43.980000000000004,17.15,8001.900000000001,118154.11,17,78472.08,0.04176904176904177,6950.241764705883,0.3358497643459038,0.38994997726239194
2026-01-09,North,Marketplace,8157,535,332,34.88,13.6,6130.24,117348.66,14,77882.17,0.04216867469879518,8382.047142857144,0.33631819911705857,0.3899082568807339
2026-01-09,North,Web,11703,743,500,53.83,21.0,9772.21,152954.03,21,100957.28,0.042,7283.525238095238,0.339950179802389,0.3901170351105332
2026-01-09,South,App,8574,524,348,35.4,13.809999999999999,6867.280000000001,46359.13,15,42027.770000000004,0.04310344827586207,3090.6086666666665,0.09343057128121243,0.39011299435028246
2026-01-09,South,Marketplace,6426,481,296,31.12,12.14,5741.860000000001,116906.23,12,77043.41,0.04054054054054054,9742.185833333333,0.34098114360543486,0.39010282776349614
2026-01-09,South,Web,9934,657,421,44.480000000000004,17.35,7806.1900000000005,153413.95,18,101168.41,0.04275534441805225,8522.997222222222,0.34055273330749913,0.39006294964028776
2026-01-09,West,App,8390,595,371,38.69,15.09,6570.71,94883.43,16,62634.45,0.0431266846361186,5930.214375,0.33987999801440566,0.39002326182476094
2026-01-09,West,Marketplace,7217,548,331,34.69,13.53,6625.52,125067.91,14,81852.61,0.04229607250755287,8933.422142857144,0.34553467792017956,0.39002594407610264
2026-01-09,West,Web,11347,738,459,48.42,18.88,8131.91,225150.08,19,147748.62,0.04139433551198257,11850.004210526315,0.34377718186908923,0.38992152003304414
2026-01-10,East,App,8153,548,345,36.55,14.26,5654.7,82400.85,14,55782.85,0.04057971014492753,5885.775000000001,0.3230306483488945,0.39015047879616965
2026-01-10,East,Marketplace,6165,428,272,28.340000000000003,11.05,4880.74,87712.22,11,56612.69,0.04044117647058824,7973.8381818181815,0.3545632524179641,0.38990825688073394
2026-01-10,East,Web,8084,604,370,40.260000000000005,15.7,6817.96,125822.3,15,84467.64,0.04054054054054054,8388.153333333334,0.328675123567126,0.38996522603079975
2026-01-10,North,App,10560,676,432,46.14,18.0,8212.07,129386.0,18,90523.86,0.041666666666666664,7188.111111111111,0.30035815312321273,0.39011703511053314
2026-01-10,North,Marketplace,9081,629,393,41.31,16.119999999999997,7355.27,163044.51,17,110045.92,0.043256997455470736,9590.853529411765,0.325055961712541,0.3902202856451222
2026-01-10,North,Web,13353,898,565,59.06999999999999,23.04,10575.66,182953.44,23,121165.69,0.04070796460176991,7954.497391304348,0.33772390396157626,0.3900457084814627
2026-01-10,South,App,9183,648,399,40.59,15.83,7175.43,144739.49,16,96478.34,0.040100250626566414,9046.218125,0.33343457269332644,0.3899975363389997
2026-01-10,South,Marketplace,8229,533,338,35.67,13.91,6233.3099999999995,81624.39,14,57077.79,0.04142011834319527,5830.313571428572,0.30072629026691655,0.38996355480796185
2026-01-10,South,Web,10548,755,474,50.95,19.869999999999997,9089.09,202749.97,19,133361.43,0.04008438818565401,10671.05105263158,0.34223699268611485,0.38999018645731104
2026-01-10,West,App,10079,683,434,45.5,17.74,7882.289999999999,99695.5,18,65109.799999999996,0.041474654377880185,5538.638888888889,0.3469133511542648,0.38989010989010986
2026-01-10,West,Marketplace,7743,618,372,38.89,15.170000000000002,6568.969999999999,129229.06999999999,16,83575.92,0.043010752688172046,8076.8168749999995,0.3532730677393252,0.3900745692980201
2026-01-10,West,Web,10674,834,502,51.519999999999996,20.09,9829.98,121096.26999999999,21,80400.48,0.04183266932270916,5766.489047619047,0.3360614658073283,0.3899456521739131
2026-01-11,East,App,6635,499,323,33.67,13.14,5392.8099999999995,136991.77,14,90717.94,0.043343653250773995,9785.126428571428,0.33778547426608174,0.39025839025839026
2026-01-11,East,Marketplace,6974,471,303,30.93,12.07,5499.389999999999,103671.12,13,69161.44,0.0429042904290429,7974.701538461538,0.3328765040832972,0.39023601681215647
2026-01-11,East,Web,8701,683,403,42.72,16.66,7546.6900000000005,80133.13,17,54653.79,0.04218362282878412,4713.713529411765,0.3179626204542366,0.38998127340823974
2026-01-11,North,App,10807,739,472,48.45,18.900000000000002,8323.09,140269.61,19,98655.04,0.04025423728813559,7382.611052631578,0.2966755949488987,0.39009287925696595
2026-01-11,North,Marketplace,9302,657,409,42.39,16.53,7710.02,161226.07,17,106810.62,0.04156479217603912,9483.886470588235,0.33751024260530577,0.3899504600141543
2026-01-11,North,Web,12672,861,538,57.019999999999996,22.240000000000002,10279.490000000002,125748.45999999999,23,86458.02,0.04275092936802974,5467.3243478260865,0.3124526534957167,0.39003858295334976
2026-01-11,South,App,9685,638,400,41.67,16.259999999999998,7594.379999999999,129895.62,17,89998.24,0.0425,7640.918823529411,0.30714954053108173,0.39020878329733616
2026-01-11,South,Marketplace,7740,569,355,38.03,14.83,6937.35,113497.2,15,75728.17,0.04225352112676056,7566.48,0.3327749935681233,0.3899552984485932
2026-01-11,South,Web,10150,701,469,49.379999999999995,19.259999999999998,8804.31,202532.0,20,137849.76,0.042643923240938165,10126.6,0.319368001105998,0.39003645200486026
2026-01-11,West,App,9988,695,445,46.47,18.12,8174.33,136458.86,19,90731.67,0.04269662921348315,7182.045263157894,0.33509872499301246,0.3899289864428664
2026-01-11,West,Marketplace,7430,549,356,36.98,14.43,7123.880000000001,93300.47,15,61544.08,0.042134831460674156,6220.031333333333,0.340366881324392,0.39021092482422937
2026-01-11,West,Web,11448,907,524,55.29,21.57,9272.21,231629.41999999998,22,158176.45,0.04198473282442748,10528.609999999999,0.31711416451329877,0.390124796527401
2026-01-12,East,App,6584,436,291,30.42,11.86,5341.14,99040.7,12,65789.09,0.041237113402061855,8253.391666666666,0.3357368233463617,0.38987508218277445
2026-01-12,East,Marketplace,5614,424,260,27.41,10.690000000000001,4573.14,127637.13,11,83051.81,0.04230769230769231,11603.375454545456,0.3493130878138674,0.3900036483035389
2026-01-12,East,Web,8434,606,357,38.120000000000005,14.87,6929.92,157945.42,15,106002.25,0.04201680672268908,10529.694666666668,0.3288678456140103,0.3900839454354669
2026-01-12,North,App,9610,674,426,45.120000000000005,17.6,7607.719999999999,144401.8,18,98110.45,0.04225352112676056,8022.322222222221,0.3205732200014127,0.3900709219858156
2026-01-12,North,Marketplace,8069,602,358,37.48,14.620000000000001,6866.57,111757.20000000001,15,74407.47,0.04189944134078212,7450.4800000000005,0.3342042391899583,0.3900747065101388
2026-01-12,North,Web,12066,779,500,52.29,20.39,9122.35,133726.77,21,91111.96,0.042,6367.941428571428,0.31867074931967615,0.3899407152419201
2026-01-12,South,App,8248,597,360,38.0,14.809999999999999,6688.41,170806.85,15,113577.44,0.041666666666666664,11387.123333333333,0.3350533658339815,0.3897368421052631
2026-01-12,South,Marketplace,7272,517,316,34.05,13.280000000000001,5998.67,126828.37,13,84603.06,0.04113924050632911,9756.02846153846,0.33293268690593436,0.3900146842878121
2026-01-12,South,Web,10310,689,429,44.5,17.36,7787.860000000001,130431.13,18,87228.08,0.04195804195804196,7246.173888888889,0.33123265895189286,0.3901123595505618
2026-01-12,West,App,8647,629,393,40.61,15.84,7550.960000000001,103245.23999999999,16,71968.95999999999,0.04071246819338423,6452.827499999999,0.3029319317771938,0.3900517114011327
2026-01-12,West,Marketplace,7555,552,333,34.260000000000005,13.36,6601.26,92993.16,14,61333.68,0.042042042042042045,6642.368571428572,0.3404495556447378,0.3899591360186806
2026-01-12,West,Web,9848,693,441,46.54,18.15,7718.35,143287.54,19,96697.82,0.04308390022675737,7541.449473684211,0.32514843928509063,0.3899871078642028
2026-01-13,East,App,7170,469,305,31.740000000000002,12.379999999999999,5772.17,109364.24,13,79125.81,0.04262295081967213,8412.633846153847,0.2764928462905243,0.3900441083805923
2026-01-13,East,Marketplace,5692,365,243,26.14,10.190000000000001,4805.96,127067.91,10,82158.11,0.0411522633744856,12706.791000000001,0.3534314839993827,0.38982402448355014
2026-01-13,East,Web,7987,579,348,36.45,14.21,6963.16,180083.98,15,120170.99,0.04310344827586207,12005.598666666667,0.3326947238727176,0.3898491083676269
2026-01-13,North,App,8781,678,405,43.76,17.07,7579.07,133766.09,17,101315.34,0.04197530864197531,7868.593529411764,0.24259324616575098,0.39008226691042047
2026-01-13,North,Marketplace,7959,541,341,36.91,14.399999999999999,6418.47,101495.73000000001,14,75418.73,0.04105571847507331,7249.695000000001,0.25692706481346567,0.39013817393660255
2026-01-13,North,Web,12088,812,517,53.519999999999996,20.88,9102.81,151030.22,21,111889.81999999999,0.04061895551257253,7191.915238095238,0.25915608147826313,0.3901345291479821
2026-01-13,South,App,7893,524,344,35.15,13.71,6050.53,96783.31,14,66370.31,0.040697674418604654,6913.0935714285715,0.3142380643935406,0.3900426742532006
2026-01-13,South,Marketplace,6503,454,295,31.9,12.44,5171.49,86444.09,13,57656.38,0.04406779661016949,6649.545384615384,0.3330211469633147,0.38996865203761755
2026-01-13,South,Web,9827,709,431,45.72,17.83,7908.41,121088.0,18,84771.93000000001,0.04176334106728538,6727.111111111111,0.29991469014270605,0.3899825021872266
2026-01-13,West,App,9117,629,415,43.730000000000004,17.05,7822.700000000001,110155.42,17,77027.87,0.04096385542168675,6479.730588235294,0.3007346347551487,0.3898925222959067
2026-01-13,West,Marketplace,7319,486,313,32.91,12.83,5316.68,89620.61,13,57682.990000000005,0.04153354632587859,6893.893076923077,0.3563646799547559,0.38985110908538445
2026-01-13,West,Web,9460,691,435,45.519999999999996,17.76,7781.120000000001,89199.8,19,58400.91,0.04367816091954023,4694.726315789474,0.3452798100444171,0.390158172231986
2026-01-14,East,App,6081,438,279,28.900000000000002,11.27,5140.02,83919.7,11,56916.35,0.03942652329749104,7629.063636363636,0.32177605496683137,0.3899653979238754
2026-01-14,East,Marketplace,5429,386,242,25.08,9.780000000000001,4474.01,120111.38999999998,10,82472.25,0.04132231404958678,12011.139,0.3133686155825854,0.38995215311004794
2026-01-14,East,Web,8247,522,341,35.31,13.780000000000001,6463.72,179027.32,15,117271.06999999999,0.04398826979472141,11935.154666666667,0.34495433434405437,0.3902577173605211
2026-01-14,North,App,10448,671,427,43.1,16.81,8414.0,199893.31999999998,18,130746.12,0.04215456674473068,11105.184444444443,0.3459205140021687,0.39002320185614847
2026-01-14,North,Marketplace,7481,542,342,36.1,14.08,6213.35,187897.78,15,124484.67,0.043859649122807015,12526.518666666667,0.3374872763265218,0.3900277008310249
2026-01-14,North,Web,11558,774,486,52.959999999999994,20.65,9638.0,139377.47,20,95701.81,0.0411522633744856,6968.8735,0.313362410725349,0.38991691842900306
2026-01-14,South,App,8980,617,376,39.71,15.48,7276.0,118281.49,16,78634.38,0.0425531914893617,7392.593125,0.33519285223748874,0.3898262402417527
2026-01-14,South,Marketplace,7316,526,331,34.72,13.54,6490.700000000001,123036.39,14,86549.51999999999,0.04229607250755287,8788.31357142857,0.2965534830792744,0.3899769585253456
2026-01-14,South,Web,9714,700,428,45.31,17.67,8008.91,129563.65000000001,18,86236.74,0.04205607476635514,7197.980555555556,0.33440637092270864,0.38998013683513577
2026-01-14,West,App,8386,631,397,42.760000000000005,16.67,7488.79,112748.58,17,73661.64,0.042821158690176324,6632.269411764706,0.34667345699608815,0.3898503274087933
2026-01-14,West,Marketplace,7182,543,331,34.13,13.309999999999999,6114.969999999999,125616.02,14,83824.58,0.04229607250755287,8972.572857142857,0.33269196078653024,0.3899794901845883
2026-01-14,West,Web,10926,748,471,49.53,19.31,9325.11,150871.08000000002,20,98030.79000000001,0.04246284501061571,7543.554000000001,0.350234716951718,0.38986472844740555
2026-01-15,East,App,7795,518,316,34.0,13.260000000000002,5386.76,58014.75,13,38096.95,0.04113924050632911,4462.673076923077,0.3433230342283644,0.39000000000000007
2026-01-15,East,Marketplace,5474,388,245,25.619999999999997,10.0,4857.3099999999995,205392.65,10,134047.45,0.04081632653061224,20539.265,0.34736004428590794,0.39032006245121004
2026-01-15,East,Web,7947,557,352,37.57,14.65,6464.42,155540.71,14,103503.59,0.03977272727272727,11110.050714285713,0.33455627147387973,0.38993878094224116
2026-01-15,North,App,8614,612,403,43.27,16.88,7410.02,102990.81,17,68696.94,0.04218362282878412,6058.282941176471,0.33297990374092595,0.39010862029119475
2026-01-15,North,Marketplace,8055,564,341,35.43,13.82,6294.67,105939.55,14,68853.81,0.04105571847507331,7567.1107142857145,0.350065107884638,0.3900649167372284
2026-01-15,North,Web,11050,751,471,50.26,19.6,7969.59,143334.53,20,97446.95,0.04246284501061571,7166.7265,0.3201432341529986,0.3899721448467967
2026-01-15,South,App,8103,533,348,36.519999999999996,14.24,6028.6,79326.74,14,52727.57,0.040229885057471264,5666.1957142857145,0.3353115229492603,0.38992332968236587
2026-01-15,South,Marketplace,6795,469,304,31.240000000000002,12.190000000000001,5378.89,115562.91,13,75714.93,0.04276315789473684,8889.454615384615,0.3448163428906386,0.39020486555697825
2026-01-15,South,Web,9774,652,424,44.84,17.48,8073.35,217846.83000000002,18,141079.37,0.04245283018867924,12102.601666666667,0.35239190765364825,0.38983050847457623
2026-01-15,West,App,8095,591,371,38.1,14.86,6873.97,170296.56,16,112808.54000000001,0.0431266846361186,10643.535,0.33757593224431537,0.3900262467191601
2026-01-15,West,Marketplace,7759,538,339,35.97,14.030000000000001,6410.530000000001,197274.3,14,130568.0,0.04129793510324484,14091.021428571428,0.33813983879299025,0.3900472616068947
2026-01-15,West,Web,9898,712,445,47.74,18.62,7858.66,222514.43,18,154139.48,0.04044943820224719,12361.912777777778,0.3072832175423409,0.39002932551319647
2026-01-16,East,App,6990,447,279,29.080000000000002,11.34,4821.26,127805.01999999999,12,84879.75,0.043010752688172046,10650.418333333333,0.3358652891725223,0.389958734525447
2026-01-16,East,Marketplace,5803,388,243,24.88,9.71,4346.86,43501.08,10,34759.59,0.0411522633744856,4350.108,0.20094880402969317,0.3902733118971062
2026-01-16,East,Web,9027,574,362,39.19,15.28,6323.139999999999,96754.02,15,63913.520000000004,0.04143646408839779,6450.268,0.33942258936631264,0.389895381474866
2026-01-16,North,App,9148,676,407,41.45,16.16,7312.5,170629.88,17,111571.86,0.04176904176904177,10037.051764705882,0.3461176905240747,0.3898673100120627
2026-01-16,North,Marketplace,8430,526,336,34.95,13.64,6610.1900000000005,154667.21,14,99368.1,0.041666666666666664,11047.657857142856,0.35753609313829343,0.39027181688125895
2026-01-16,North,Web,12053,774,497,53.05,20.689999999999998,8948.220000000001,140986.91,21,94088.53,0.04225352112676056,6713.662380952381,0.33264350569850776,0.39000942507068803
2026-01-16,South,App,8259,574,374,39.86,15.55,6492.0,146887.82,15,95257.27,0.040106951871657755,9792.521333333334,0.3514964685295214,0.390115403913698
2026-01-16,South,Marketplace,7246,502,305,32.11,12.52,5714.66,79620.48,13,53253.45,0.04262295081967213,6124.652307692308,0.33115889278738336,0.38990968545624416
2026-01-16,South,Web,10190,680,419,43.379999999999995,16.92,7402.5,159760.47,18,107403.18000000001,0.04295942720763723,8875.581666666667,0.3277236853396838,0.39004149377593367
2026-01-16,West,App,8569,624,379,40.47,15.780000000000001,6542.45,126021.86,16,84026.29000000001,0.04221635883905013,7876.36625,0.3332403600454714,0.38991845811712383
2026-01-16,West,Marketplace,7661,522,329,33.76,13.16,5995.53,57242.770000000004,14,59587.92,0.0425531914893617,4088.769285714286,-0.040968492614875104,0.38981042654028436
2026-01-16,West,Web,11103,754,488,52.03,20.29,9301.189999999999,160061.77,20,108754.29000000001,0.040983606557377046,8003.0885,0.3205479984383528,0.38996732654237937
2026-01-17,East,App,7514,526,324,34.1,13.3,5909.5,108818.8,14,74323.04,0.043209876543209874,7772.771428571429,0.3170018415935483,0.39002932551319647
2026-01-17,East,Marketplace,6569,436,278,29.03,11.33,4803.46,75455.12000000001,12,49257.47,0.04316546762589928,6287.926666666667,0.34719512738168073,0.3902859111264209
2026-01-17,East,Web,9352,601,374,38.79,15.12,7011.85,130600.81,16,94363.73,0.0427807486631016,8162.550625,0.27746443532777476,0.38979118329466356
2026-01-17,North,App,11195,783,479,52.120000000000005,20.33,9108.26,200922.45,20,137456.55000000002,0.04175365344467641,10046.122500000001,0.3158726165244351,0.3900613967766692
2026-01-17,North,Marketplace,9460,604,390,39.99,15.600000000000001,6939.8099999999995,115921.55,16,80051.54,0.041025641025641026,7245.096875,0.30943349187446173,0.3900975243810953
2026-01-17,North,Web,13779,902,559,59.41,23.17,9985.29,177488.36,23,129018.0,0.04114490161001789,7716.885217391304,0.27309035927764497,0.39000168321831347
2026-01-17,South,App,10243,641,411,42.120000000000005,16.43,7490.95,146892.63,17,97322.14,0.0413625304136253,8640.742941176472,0.3374607017384058,0.3900759734093067
2026-01-17,South,Marketplace,6824,543,328,35.22,13.739999999999998,5989.07,104695.68,14,70158.77,0.042682926829268296,7478.262857142857,0.3298790360786614,0.39011925042589435
2026-01-17,South,Web,10876,755,484,51.67,20.15,9129.34,171578.0,21,113481.09,0.04338842975206612,8170.380952380952,0.33860349228922126,0.3899748403328817
2026-01-17,West,App,10809,685,428,46.45,18.12,8382.38,97768.11,18,64937.7,0.04205607476635514,5431.5616666666665,0.3357987589204701,0.39009687836383206
2026-01-17,West,Marketplace,8683,614,372,40.05,15.620000000000001,7163.79,103844.58,16,71834.1,0.043010752688172046,6490.28625,0.3082537384233245,0.3900124843945069
2026-01-17,West,Web,12607,788,521,54.480000000000004,21.240000000000002,9654.880000000001,138184.77,22,90892.52,0.04222648752399232,6281.125909090909,0.3422392351921271,0.38986784140969166
2026-01-18,East,App,8191,549,338,36.21,14.12,5977.99,100513.03,14,67307.97,0.04142011834319527,7179.502142857143,0.3303557757636,0.38994752830709745
2026-01-18,East,Marketplace,6898,452,290,31.8,12.4,5376.22,87768.31,12,59819.59,0.041379310344827586,7314.025833333333,0.3184374861496137,0.389937106918239
2026-01-18,East,Web,9757,612,398,40.6,15.83,7124.19,114861.72,17,75794.65,0.04271356783919598,6756.571764705883,0.34012262745151306,0.3899014778325123
2026-01-18,North,App,10160,717,447,46.55,18.15,7603.15,129563.37,19,85468.44,0.042505592841163314,6819.124736842105,0.3403348492710555,0.38990332975295383
2026-01-18,North,Marketplace,8789,654,398,41.58,16.22,7429.95,156974.19,17,106271.22,0.04271356783919598,9233.775882352942,0.3230019533784503,0.3900913900913901
2026-01-18,North,Web,12490,867,551,56.83,22.17,10451.03,162683.42,23,104840.41,0.041742286751361164,7073.192173913044,0.35555565527206157,0.3901108569417562
2026-01-18,South,App,9304,667,398,42.260000000000005,16.48,7250.74,111594.82,16,77081.78,0.04020100502512563,6974.67625,0.30927098587550933,0.3899668717463322
2026-01-18,South,Marketplace,8331,557,354,37.55,14.64,7169.48,197975.61,15,133308.1,0.0423728813559322,13198.374,0.32664382243853163,0.3898801597869508
2026-01-18,South,Web,10461,739,469,49.150000000000006,19.17,8507.83,176033.27,20,125756.62,0.042643923240938165,8801.663499999999,0.28560879429212443,0.39003051881993894
2026-01-18,West,App,9269,648,417,43.46,16.95,6761.34,154171.73,17,102575.01,0.0407673860911271,9068.925294117647,0.33467043536451213,0.3900138057984353
2026-01-18,West,Marketplace,7309,529,327,34.2,13.34,5795.6,83763.89,14,56593.94,0.04281345565749235,5983.135,0.32436351750139586,0.3900584795321637
2026-01-18,West,Web,10895,826,510,53.34,20.810000000000002,9373.0,257595.16,21,171744.5,0.041176470588235294,12266.43619047619,0.3332774575422923,0.3901387326584177
2026-01-19,East,App,6615,434,288,30.26,11.8,4992.57,98610.56,12,66355.64,0.041666666666666664,8217.546666666667,0.3270939745195646,0.38995373430270985
2026-01-19,East,Marketplace,6036,404,248,26.12,10.190000000000001,4331.9,80050.98,10,52765.26,0.04032258064516129,8005.098,0.34085429060331296,0.3901225114854518
2026-01-19,East,Web,7364,538,341,37.120000000000005,14.47,6445.41,107036.23999999999,15,72789.17,0.04398826979472141,7135.749333333332,0.3199577077819624,0.38981681034482757
2026-01-19,North,App,9390,688,423,44.03,17.17,8200.74,101012.69,18,67338.61,0.0425531914893617,5611.816111111111,0.3333648475255931,0.38996138996139
2026-01-19,North,Marketplace,7752,533,331,34.260000000000005,13.36,5791.45,95647.70999999999,14,63374.979999999996,0.04229607250755287,6831.979285714285,0.3374124691537309,0.3899591360186806
2026-01-19,North,Web,12243,786,508,54.36,21.200000000000003,9630.36,131434.56,22,85849.08,0.04330708661417323,5974.298181818182,0.3468302400829736,0.38999264164827085
2026-01-19,South,App,8698,549,355,37.43,14.600000000000001,5965.02,124020.93,15,83526.1,0.04225352112676056,8268.062,0.32651609692009237,0.3900614480363345
2026-01-19,South,Marketplace,6941,488,314,31.86,12.43,5792.09,75889.16,13,49814.72,0.041401273885350316,5837.627692307693,0.34358582964945195,0.3901443816698054
2026-01-19,South,Web,10262,681,436,44.95,17.53,7708.84,149765.83,19,102616.82,0.04357798165137615,7882.412105263157,0.3148182065294866,0.3899888765294772
2026-01-19,West,App,8677,638,390,39.900000000000006,15.55,7285.860000000001,97427.66,16,85034.31,0.041025641025641026,6089.22875,0.1272056621292147,0.3897243107769423
2026-01-19,West,Marketplace,7924,536,337,36.38,14.190000000000001,6263.9,178056.57,14,118779.77,0.04154302670623145,12718.326428571429,0.33290992856933055,0.39004947773501925
2026-01-19,West,Web,10781,743,457,48.099999999999994,18.76,8247.02,110398.49,19,73607.31999999999,0.04157549234135667,5810.446842105263,0.33325790959640855,0.3900207900207901
2026-01-20,East,App,7766,469,314,33.35,13.0,5627.21,52896.299999999996,13,42745.7,0.041401273885350316,4068.9461538461537,0.19189621958435654,0.38980509745127434
2026-01-20,East,Marketplace,6653,472,295,31.299999999999997,12.21,5508.74,140675.66999999998,13,112198.37000000001,0.04406779661016949,10821.205384615383,0.2024323040366538,0.39009584664536745
2026-01-20,East,Web,8997,595,374,38.95,15.190000000000001,6509.73,61694.58,16,51318.39,0.0427807486631016,3855.91125,0.1681864111887949,0.389987163029525
2026-01-20,North,App,10274,702,429,42.64,16.64,7450.26,99979.83,17,66185.56,0.039627039627039624,5881.166470588236,0.33801087679384934,0.3902439024390244
2026-01-20,North,Marketplace,8761,619,378,39.61,15.450000000000001,6573.78,118515.59,16,76825.26,0.042328042328042326,7407.224375,0.35177085141288167,0.3900530169149205
2026-01-20,North,Web,12417,855,500,53.35,20.810000000000002,9911.55,149327.63,21,111673.79,0.042,7110.839523809524,0.252155880328376,0.39006560449859423
2026-01-20,South,App,8797,605,374,40.28,15.709999999999999,7404.3099999999995,112519.61,16,84087.16,0.0427807486631016,7032.475625,0.2526888424160019,0.39001986097318764
2026-01-20,South,Marketplace,7804,574,347,37.24,14.52,5900.57,109912.09,15,77191.23999999999,0.043227665706051875,7327.472666666667,0.2977001893058353,0.3899033297529538
2026-01-20,South,Web,11103,750,459,48.099999999999994,18.76,8768.88,110949.93,19,77535.09,0.04139433551198257,5839.469999999999,0.3011704468853653,0.3900207900207901
2026-01-20,West,App,10712,666,429,44.22,17.240000000000002,7792.67,149261.95,18,101095.5,0.04195804195804196,8292.330555555556,0.3226974456651545,0.3898688376300317
2026-01-20,West,Marketplace,7815,546,340,35.14,13.71,6226.9,75399.87000000001,14,49531.01,0.041176470588235294,5385.705000000001,0.3430889204450884,0.3901536710301651
2026-01-20,West,Web,11960,753,495,51.12,19.93,8681.62,200592.0,21,130483.76,0.04242424242424243,9552.0,0.34950666028555477,0.38986697965571204
2026-01-21,East,App,7924,503,319,33.43,13.04,6272.1,99228.54,13,66514.1,0.04075235109717868,7632.964615384615,0.329687809575753,0.390068800478612
2026-01-21,East,Marketplace,6627,433,272,29.27,11.41,5293.59,65734.77,11,44133.29,0.04044117647058824,5975.888181818183,0.32861573867224303,0.389818927229245
2026-01-21,East,Web,9072,647,407,41.78,16.29,7502.1,143398.13999999998,17,94469.65,0.04176904176904177,8435.184705882351,0.34120728483646995,0.3898994734322642
2026-01-21,North,App,10651,734,442,46.31,18.07,8767.76,95747.97,19,64305.7,0.042986425339366516,5039.3668421052635,0.3283857610767101,0.3901965018354567
2026-01-21,North,Marketplace,9029,626,393,41.33,16.119999999999997,7527.23,125768.0,16,82484.88,0.04071246819338423,7860.5,0.3441504993321035,0.39003145414952817
2026-01-21,North,Web,12471,841,528,54.64,21.31,9698.9,245081.15,23,162957.01,0.043560606060606064,10655.702173913043,0.3350895815528856,0.39000732064421667
2026-01-21,South,App,8216,638,400,41.1,16.03,6909.73,191237.52,17,126861.53,0.0425,11249.26588235294,0.33662845031665334,0.3900243309002433
2026-01-21,South,Marketplace,7194,487,319,33.67,13.14,5636.47,104497.54000000001,13,69338.24,0.04075235109717868,8038.2723076923085,0.33646055208572373,0.39025839025839026
2026-01-21,South,Web,10017,670,421,44.349999999999994,17.29,8049.549999999999,176549.62,18,116168.09,0.04275534441805225,9808.312222222223,0.3420088358162425,0.3898534385569335
2026-01-21,West,App,9386,664,421,43.91,17.12,8437.14,132153.65,18,100680.92,0.04275534441805225,7341.8694444444445,0.2381525595395965,0.38988840810749265
2026-01-21,West,Marketplace,8024,536,340,35.879999999999995,14.0,6477.43,75158.62,14,51730.99,0.041176470588235294,5368.472857142857,0.31170915591584836,0.3901895206243033
2026-01-21,West,Web,11834,808,491,51.379999999999995,20.04,7991.24,152589.15,21,105892.68000000001,0.04276985743380855,7266.15,0.30602746001272035,0.3900350330868042
2026-01-22,East,App,6678,443,295,31.36,12.23,5836.6900000000005,94402.2,13,61920.659999999996,0.04406779661016949,7261.707692307692,0.3440760914470214,0.3899872448979592
2026-01-22,East,Marketplace,5439,383,238,24.740000000000002,9.649999999999999,4685.16,68065.63,10,44271.380000000005,0.04201680672268908,6806.563,0.34957804695262495,0.3900565885206143
2026-01-22,East,Web,7709,474,319,32.95,12.850000000000001,6238.51,62325.96,13,41634.9,0.04075235109717868,4794.304615384615,0.33198140870995,0.3899848254931715
2026-01-22,North,App,9107,671,415,45.05,17.57,7583.6900000000005,155115.3,18,111726.95999999999,0.043373493975903614,8617.516666666666,0.279716701060437,0.3900110987791343
2026-01-22,North,Marketplace,7646,536,336,35.41,13.809999999999999,6038.6,178775.63,14,115871.93,0.041666666666666664,12769.687857142857,0.35185836011317656,0.39000282406099973
2026-01-22,North,Web,11169,747,483,51.14,19.950000000000003,7996.93,136556.16,21,92378.44,0.043478260869565216,6502.674285714286,0.3235131977934939,0.3901055924912007
2026-01-22,South,App,8555,595,367,39.0,15.21,6862.55,95114.58,16,72648.36,0.043596730245231606,5944.66125,0.23620164227187884,0.39
2026-01-22,South,Marketplace,6396,507,300,30.64,11.95,5259.3099999999995,101788.81,13,67626.06,0.043333333333333335,7829.908461538462,0.3356238274128561,0.3900130548302872
2026-01-22,South,Web,9672,680,426,45.5,17.74,7695.389999999999,200809.22999999998,18,132156.59,0.04225352112676056,11156.068333333333,0.3418799026319656,0.38989010989010986
2026-01-22,West,App,8650,592,369,39.3,15.330000000000002,6698.26,206306.34,15,140991.69999999998,0.04065040650406504,13753.756,0.3165905613952534,0.39007633587786267
2026-01-22,West,Marketplace,7610,557,338,35.52,13.85,6189.209999999999,160267.63999999998,14,104800.47,0.04142011834319527,11447.68857142857,0.3460908889654829,0.38992117117117114
2026-01-22,West,Web,10115,683,434,45.230000000000004,17.64,8192.86,257908.46,18,172117.24,0.041474654377880185,14328.247777777777,0.3326421320184689,0.39000663276586334
2026-01-23,East,App,6788,469,300,30.78,12.0,4990.23,153972.64,13,102415.12,0.043333333333333335,11844.049230769231,0.33484858089073494,0.3898635477582846
2026-01-23,East,Marketplace,5434,367,235,24.78,9.67,4525.92,87560.87,10,59834.86,0.0425531914893617,8756.087,0.31664840698819,0.3902340597255851
2026-01-23,East,Web,7869,543,343,37.05,14.450000000000001,6438.950000000001,95492.04000000001,14,64434.3,0.04081632653061224,6820.860000000001,0.3252390461026909,0.39001349527665324
2026-01-23,North,App,10283,657,417,44.54,17.37,8613.86,147654.17,18,98850.83,0.04316546762589928,8203.009444444446,0.3305246306284476,0.3899865289627302
2026-01-23,North,Marketplace,9057,574,362,38.269999999999996,14.93,6705.35,98091.36,15,65058.6,0.04143646408839779,6539.424,0.3367550414226085,0.39012281160177686
2026-01-23,North,Web,11800,765,490,49.95,19.48,8810.97,214339.63,21,141626.93,0.04285714285714286,10206.649047619048,0.33924057814226893,0.38998998998998996
2026-01-23,South,App,8103,546,341,35.41,13.809999999999999,6485.62,83159.53,14,59437.5,0.04105571847507331,5939.966428571429,0.28525930822360346,0.39000282406099973
2026-01-23,South,Marketplace,7097,461,298,30.759999999999998,12.0,5404.049999999999,74613.46,12,51594.43,0.040268456375838924,6217.788333333334,0.30851042157809067,0.3901170351105332
2026-01-23,South,Web,9462,696,422,45.019999999999996,17.55,7458.03,188637.71,17,137190.53,0.04028436018957346,11096.335882352942,0.2727300919842591,0.3898267436694803
2026-01-23,West,App,9554,634,393,42.21,16.46,7669.0199999999995,107614.57,16,70270.98999999999,0.04071246819338423,6725.910625,0.34701230511816394,0.3899549869699124
2026-01-23,West,Marketplace,7103,522,328,33.26,12.969999999999999,5936.030000000001,95374.35,13,64412.47,0.039634146341463415,7336.488461538462,0.3246352924030413,0.3899579073962718
2026-01-23,West,Web,10699,712,457,47.67,18.59,8653.880000000001,96861.74,19,64412.22,0.04157549234135667,5097.986315789474,0.3350086422151822,0.3899727291797776
2026-01-24,East,App,7696,514,338,35.1,13.690000000000001,6194.62,102105.17000000001,15,72736.86,0.04437869822485207,6807.011333333334,0.2876280407740373,0.39002849002849005
2026-01-24,East,Marketplace,5376,410,261,27.659999999999997,10.79,5123.07,91017.22,11,59555.42,0.0421455938697318,8274.292727272727,0.34566865478862135,0.3900939985538684
2026-01-24,East,Web,9461,593,398,42.379999999999995,16.53,7479.26,104475.42,17,71851.32,0.04271356783919598,6145.6129411764705,0.312265794193505,0.39004247286455884
2026-01-24,North,App,11128,723,459,48.95,19.09,8774.5,237789.81,20,154265.02,0.04357298474945534,11889.4905,0.3512547068354191,0.3899897854954035
2026-01-24,North,Marketplace,9298,648,405,43.55,16.98,6805.24,118250.91,17,77780.09,0.04197530864197531,6955.935882352941,0.34224531549059545,0.3898966704936854
2026-01-24,North,Web,12067,888,541,58.209999999999994,22.7,10691.95,338081.63,22,224122.87,0.04066543438077634,15367.346818181819,0.3370746881455819,0.38996735956021306
2026-01-24,South,App,8969,652,407,42.83,16.71,7907.969999999999,97915.28,17,73604.06,0.04176904176904177,5759.722352941177,0.2482883161851756,0.39014709315900076
2026-01-24,South,Marketplace,9065,595,359,37.599999999999994,14.67,6800.71,114438.2,15,75153.66,0.04178272980501393,7629.213333333333,0.3432817013899204,0.3901595744680852
2026-01-24,South,Web,9895,717,438,47.22,18.41,7956.67,169397.18,19,114801.17,0.04337899543378995,8915.64105263158,0.3222958611235441,0.38987717069038547
2026-01-24,West,App,9399,681,436,44.59,17.39,7894.36,116327.05,18,76801.28,0.04128440366972477,6462.613888888889,0.3397814179934934,0.3899977573446961
2026-01-24,West,Marketplace,8438,588,359,38.43,14.98,6729.719999999999,93872.5,15,64551.22,0.04178272980501393,6258.166666666667,0.31235217981837066,0.38979963570127507
2026-01-24,West,Web,12638,805,526,56.48,22.03,9589.6,141458.55000000002,22,97107.12,0.04182509505703422,6429.9340909090915,0.31352951094154446,0.39004957507082155
2026-01-25,East,App,7545,550,338,36.09,14.07,6391.15,60459.420000000006,14,42229.479999999996,0.04142011834319527,4318.530000000001,0.30152356737792074,0.38985868661679135
2026-01-25,East,Marketplace,6403,417,262,27.36,10.670000000000002,4817.24,114897.35,11,84660.72,0.04198473282442748,10445.213636363636,0.26316211818636376,0.38998538011695916
2026-01-25,East,Web,8524,623,386,40.64,15.85,7440.17,94577.63,16,62033.36,0.04145077720207254,5911.101875,0.34410113681216165,0.390009842519685
2026-01-25,North,App,9750,655,429,45.36,17.689999999999998,7210.76,161159.08000000002,18,104780.79000000001,0.04195804195804196,8953.282222222224,0.34983005611598184,0.3899911816578483
2026-01-25,North,Marketplace,9116,633,376,40.21,15.68,6651.969999999999,127879.69,15,86768.45999999999,0.0398936170212766,8525.312666666667,0.3214836538937497,0.38995274807261876
2026-01-25,North,Web,12134,912,538,56.309999999999995,21.96,10242.84,174857.48,22,117794.48,0.040892193308550186,7948.067272727273,0.3263400570567528,0.3899840170484817
2026-01-25,South,App,8909,662,407,42.71,16.66,7616.89,137196.35,17,91215.79999999999,0.04176904176904177,8070.373529411765,0.33514412008774297,0.3900725825333645
2026-01-25,South,Marketplace,7624,545,338,35.85,13.98,5883.02,114886.6,14,76944.51,0.04142011834319527,8206.185714285715,0.3302568793923748,0.3899581589958159
2026-01-25,South,Web,10830,723,446,45.54,17.76,7700.1,123329.38,18,81466.2,0.04035874439461883,6851.6322222222225,0.3394420696836391,0.3899868247694335
2026-01-25,West,App,9169,674,428,45.08,17.58,7951.5,155938.33000000002,18,102385.84999999999,0.04205607476635514,8663.240555555556,0.34342088952728955,0.38997338065661047
2026-01-25,West,Marketplace,8352,615,372,37.379999999999995,14.580000000000002,6916.88,78078.09,15,50783.72,0.04032258064516129,5205.206,0.3495778393144606,0.390048154093098
2026-01-25,West,Web,11536,898,521,54.31,21.189999999999998,8808.27,178444.27,23,127834.46,0.044145873320537425,7758.44652173913,0.28361689618837294,0.39016755661940705
2026-01-26,East,App,7179,493,298,31.55,12.309999999999999,5762.74,118059.41,12,79087.32,0.040268456375838924,9838.284166666666,0.3301057493002887,0.39017432646592703
2026-01-26,East,Marketplace,5488,433,250,26.88,10.48,4723.78,78322.5,11,58197.63,0.044,7120.227272727273,0.256948769510677,0.3898809523809524
2026-01-26,East,Web,8581,601,379,39.65,15.46,6863.23,168162.67,16,109732.93,0.04221635883905013,10510.166875,0.3474596353637821,0.38991172761664566
2026-01-26,North,App,10500,695,440,44.42,17.330000000000002,8145.61,104053.92,19,75944.54000000001,0.04318181818181818,5476.522105263158,0.27014244153415834,0.390139576767222
2026-01-26,North,Marketplace,7745,578,345,37.29,14.55,5922.97,152256.15,14,104477.38,0.04057971014492753,10875.439285714285,0.3138051894783888,0.39018503620273537
2026-01-26,North,Web,12016,791,495,50.980000000000004,19.88,9697.38,182767.96,20,121453.67,0.04040404040404041,9138.398,0.33547614144185883,0.3899568458218909
2026-01-26,South,App,7516,545,346,36.660000000000004,14.299999999999999,6264.62,119834.74,14,82573.79000000001,0.04046242774566474,8559.624285714286,0.310936127536973,0.39007092198581556
2026-01-26,South,Marketplace,6790,469,299,32.29,12.59,5551.38,105731.71,12,74999.18,0.04013377926421405,8810.975833333334,0.2906652129242969,0.3899039950449055
2026-01-26,South,Web,9521,664,415,44.7,17.43,7335.7300000000005,183104.09,17,119629.23,0.04096385542168675,10770.828823529411,0.3466599790315989,0.38993288590604025
2026-01-26,West,App,9816,698,423,44.68,17.43,7604.67,175624.58,18,114744.77,0.0425531914893617,9756.92111111111,0.346647433975358,0.39010743061772607
2026-01-26,West,Marketplace,8314,576,353,36.93,14.399999999999999,7020.1,84715.43,15,56979.96,0.042492917847025496,5647.695333333333,0.32739572944385686,0.38992688870836717
2026-01-26,West,Web,9757,738,447,45.879999999999995,17.89,8131.83,129369.59,19,87503.84,0.042505592841163314,6808.925789473684,0.32361353236104407,0.3899302528334787
2026-01-27,East,App,6559,476,290,29.96,11.690000000000001,5245.700000000001,67982.6,12,44610.96,0.041379310344827586,5665.216666666667,0.34378855766034255,0.3901869158878505
2026-01-27,East,Marketplace,5643,374,248,25.36,9.89,4821.62,86935.68000000001,11,56860.56,0.04435483870967742,7903.243636363637,0.34594679652819194,0.38998422712933756
2026-01-27,East,Web,7686,502,341,36.18,14.11,6540.14,123240.94,14,81790.64,0.04105571847507331,8802.924285714285,0.3363354742344549,0.3899944720840243
2026-01-27,North,App,8817,653,414,44.47,17.34,7757.16,113696.86,17,78086.45,0.04106280193236715,6688.0505882352945,0.3132048677509652,0.38992579266921523
2026-01-27,North,Marketplace,8642,617,374,38.41,14.98,7016.780000000001,85797.76,15,56297.97,0.040106951871657755,5719.850666666666,0.34382937270157166,0.3900026034886749
2026-01-27,North,Web,11703,805,485,50.120000000000005,19.55,8487.689999999999,165546.88999999998,20,110611.24,0.041237113402061855,8277.3445,0.3318434432685506,0.39006384676775735
2026-01-27,South,App,7933,552,361,37.65,14.69,6669.62,108322.58,15,73923.17,0.04155124653739612,7221.5053333333335,0.3175645373291515,0.3901726427622842
2026-01-27,South,Marketplace,6795,459,296,31.240000000000002,12.190000000000001,5710.6,106092.02,13,67582.42,0.04391891891891892,8160.924615384616,0.3629830028686418,0.39020486555697825
2026-01-27,South,Web,8204,616,384,40.05,15.620000000000001,7167.33,162881.82,16,104678.86,0.041666666666666664,10180.11375,0.3573324512213825,0.3900124843945069
2026-01-27,West,App,8976,652,386,39.69,15.48,6783.3099999999995,139375.47,16,94149.05,0.04145077720207254,8710.966875,0.3244933990177755,0.3900226757369615
2026-01-27,West,Marketplace,7641,566,333,34.81,13.57,6042.0,100813.86,14,64742.26,0.042042042042042045,7200.99,0.35780397655639806,0.38983050847457623
2026-01-27,West,Web,10503,741,448,48.26,18.82,7877.86,168201.41999999998,19,110632.6,0.04241071428571429,8852.706315789474,0.3422612008864133,0.38997099046829675
2026-01-28,East,App,7159,459,285,30.119999999999997,11.739999999999998,5179.33,56350.25,12,36972.63,0.042105263157894736,4695.854166666667,0.3438781549327643,0.3897742363877822
2026-01-28,East,Marketplace,5574,426,248,26.45,10.31,4791.46,120253.59999999999,10,79004.66,0.04032258064516129,12025.359999999999,0.34301625897270427,0.3897920604914934
2026-01-28,East,Web,7355,520,331,35.59,13.88,6058.38,99280.45999999999,14,66160.5,0.04229607250755287,7091.461428571428,0.33359998533447566,0.38999719022197243
2026-01-28,North,App,9465,677,411,44.019999999999996,17.17,7293.530000000001,192175.58,17,140567.73,0.0413625304136253,11304.44588235294,0.2685453063287228,0.39004997728305324
2026-01-28,North,Marketplace,9678,595,369,39.05,15.23,7006.469999999999,140290.09,15,93139.8,0.04065040650406504,9352.672666666667,0.33609138036763675,0.3900128040973112
2026-01-28,North,Web,11790,822,506,53.239999999999995,20.759999999999998,9479.64,183543.76,22,122164.97,0.043478260869565216,8342.898181818182,0.3344095707748387,0.3899323816679189
2026-01-28,South,App,9071,590,377,39.48,15.399999999999999,6878.6,93224.48000000001,16,62479.63,0.042440318302387266,5826.530000000001,0.32979374087149654,0.3900709219858156
2026-01-28,South,Marketplace,6700,451,288,30.589999999999996,11.93,4969.48,82107.87,12,54103.06,0.041666666666666664,6842.322499999999,0.34107339527867425,0.3899967309578294
2026-01-28,South,Web,8807,634,405,43.86,17.1,7402.7699999999995,87709.55,17,93880.12,0.04197530864197531,5159.385294117647,-0.0703523162529051,0.38987688098495216
2026-01-28,West,App,9202,610,384,40.41,15.760000000000002,7368.570000000001,108336.45999999999,17,68872.12,0.044270833333333336,6372.73294117647,0.36427570182743646,0.39000247463499144
2026-01-28,West,Marketplace,7186,540,324,34.24,13.36,6206.879999999999,193770.32,14,129824.0,0.043209876543209874,13840.737142857144,0.3300109118878474,0.3901869158878504
2026-01-28,West,Web,10626,763,455,48.290000000000006,18.83,8517.199999999999,94560.59,20,85353.97,0.04395604395604396,4728.0295,0.09736212517286531,0.38993580451439214
2026-01-29,East,App,6805,481,305,31.83,12.41,5499.93,72541.1,12,45952.770000000004,0.03934426229508197,6045.091666666667,0.36652780285934455,0.3898837574615143
2026-01-29,East,Marketplace,5810,397,250,26.34,10.27,4431.360000000001,61948.44,10,42609.399999999994,0.04,6194.844,0.31217961259395727,0.3899012908124525
2026-01-29,East,Web,8486,597,373,39.980000000000004,15.59,7151.460000000001,124066.47,16,81153.23999999999,0.04289544235924933,7754.154375,0.34588902223138945,0.3899449724862431
2026-01-29,North,App,8134,634,393,41.879999999999995,16.330000000000002,7421.54,152216.68,16,103543.5,0.04071246819338423,9513.5425,0.3197624596726193,0.3899235912129896
2026-01-29,North,Marketplace,8112,554,358,38.14,14.88,6806.59,139059.47,15,91552.85,0.04189944134078212,9270.631333333333,0.34162808185591387,0.3901415836392239
2026-01-29,North,Web,11626,812,498,51.78,20.19,9172.46,303566.97,21,206692.28,0.04216867469879518,14455.569999999998,0.3191213128358463,0.38991888760139054
2026-01-29,South,App,8626,609,373,38.519999999999996,15.02,6396.53,106986.63,16,71066.77,0.04289544235924933,6686.664375,0.3357415781766376,0.3899273104880582
2026-01-29,South,Marketplace,7102,503,322,33.21,12.95,5880.24,71910.69,13,60975.92,0.040372670807453416,5531.591538461538,0.15206042383962667,0.38994278831677204
2026-01-29,South,Web,9554,619,395,42.07,16.4,7701.81,113140.37999999999,16,75039.02,0.04050632911392405,7071.273749999999,0.33676181748726663,0.38982647967672923
2026-01-29,West,App,8771,586,374,39.29,15.32,7664.139999999999,92871.94,16,61761.88,0.0427807486631016,5804.49625,0.33497803534630594,0.3899210995164164
2026-01-29,West,Marketplace,7650,541,341,35.55,13.86,6273.1,91495.0,15,62636.32,0.04398826979472141,6099.666666666667,0.31541264549975406,0.389873417721519
2026-01-29,West,Web,10197,733,443,46.010000000000005,17.95,8226.91,154455.25,19,101399.64,0.04288939051918736,8129.223684210527,0.343501499625296,0.3901325798739404
2026-01-30,East,App,8096,507,316,33.73,13.149999999999999,6146.780000000001,110232.79,13,73137.02,0.04113924050632911,8479.445384615385,0.3365221001845276,0.38986065816780313
2026-01-30,East,Marketplace,5688,374,247,25.45,9.93,4601.639999999999,91613.97,10,58776.58,0.04048582995951417,9161.397,0.3584321255808475,0.39017681728880155
2026-01-30,East,Web,8412,589,359,37.46,14.61,6185.73,117559.26000000001,15,78335.75,0.04178272980501393,7837.284000000001,0.33364883378816784,0.39001601708489053
2026-01-30,North,App,9771,657,410,43.66,17.03,7766.08,160631.39,17,109204.62,0.041463414634146344,9448.905294117649,0.3201539250827626,0.3900595510765003
2026-01-30,North,Marketplace,8067,560,354,35.95,14.02,6496.79,76920.79,15,51062.130000000005,0.0423728813559322,5128.0526666666665,0.33617257441063714,0.3899860917941585
2026-01-30,North,Web,10974,769,493,51.66,20.15,9185.380000000001,189126.89,21,137600.05000000002,0.04259634888438134,9006.042380952382,0.2724458695429296,0.3900503290747193
2026-01-30,South,App,8352,598,383,40.03,15.61,6525.41,207396.45,16,137638.27000000002,0.04177545691906005,12962.278125,0.3363518517313097,0.38995753185111165
2026-01-30,South,Marketplace,7347,495,302,32.03,12.49,5313.54,75087.05,13,47997.049999999996,0.04304635761589404,5775.926923076923,0.3607812532254231,0.3899469247580393
2026-01-30,South,Web,8891,636,407,42.81,16.689999999999998,7314.86,200096.95,17,131038.18,0.04176904176904177,11770.408823529413,0.34512654990493363,0.38986218173323983
2026-01-30,West,App,8989,660,421,44.34,17.29,7833.57,225687.33000000002,17,146811.4,0.040380047505938245,13275.725294117648,0.3494920605423442,0.3899413622011727
2026-01-30,West,Marketplace,7902,519,340,35.79,13.96,6345.280000000001,110352.25,14,73919.72,0.041176470588235294,7882.303571428572,0.3301475955406437,0.39005308745459627
2026-01-30,West,Web,10784,695,447,47.81,18.65,8228.24,189296.01,19,126478.40999999999,0.042505592841163314,9962.947894736842,0.3318485159829836,0.3900857561179669
2026-01-31,East,App,6831,486,319,32.81,12.79,5495.77,95452.06999999999,13,62218.72,0.04075235109717868,7342.466923076922,0.34816793391699097,0.3898201767753733
2026-01-31,East,Marketplace,6209,419,269,28.14,10.97,5286.5,88253.79000000001,11,62237.25,0.040892193308550186,8023.071818181819,0.2947923256327009,0.3898365316275764
2026-01-31,East,Web,9402,667,398,41.65,16.240000000000002,7068.780000000001,243431.71,17,181660.35,0.04271356783919598,14319.512352941176,0.25375231517701613,0.3899159663865547
2026-01-31,North,App,10536,709,447,48.59,18.95,7876.76,156289.38,19,101641.49,0.042505592841163314,8225.756842105264,0.34965837090146495,0.3899979419633669
2026-01-31,North,Marketplace,9062,626,391,41.24,16.08,6943.17,105666.19,17,69697.75,0.043478260869565216,6215.658235294118,0.3403968667745094,0.3899127061105722
2026-01-31,North,Web,12393,909,542,58.07,22.64,10709.33,121002.04000000001,23,79383.83,0.042435424354243544,5260.9582608695655,0.3439463499954216,0.3898742896504219
2026-01-31,South,App,9943,698,438,46.5,18.14,8856.45,130483.47,19,87978.96,0.04337899543378995,6867.551052631579,0.3257463186716294,0.39010752688172046
2026-01-31,South,Marketplace,7236,547,345,37.15,14.49,6255.16,116384.65,15,76686.20999999999,0.043478260869565216,7758.9766666666665,0.3410968714516906,0.39004037685060566
2026-01-31,South,Web,9983,755,453,47.14,18.38,8498.0,133618.27,20,88472.89,0.04415011037527594,6680.9135,0.3378683169599486,0.3899024183283835
2026-01-31,West,App,10919,714,440,46.47,18.12,8285.26,117084.81,18,77752.72,0.04090909090909091,6504.711666666666,0.3359282045211501,0.3899289864428664
2026-01-31,West,Marketplace,8255,602,374,39.95,15.579999999999998,6786.74,120464.13,16,78174.2,0.0427807486631016,7529.008125,0.3510582776798372,0.3899874843554442
2026-01-31,West,Web,12902,845,522,53.86,21.0,10534.88,142981.86,22,94733.76000000001,0.0421455938697318,6499.175454545454,0.3374421062923645,0.38989974006684
2026-02-01,East,App,7769,528,340,36.91,14.399999999999999,6375.88,85815.84,14,56660.4,0.041176470588235294,6129.702857142857,0.3397442709877337,0.39013817393660255
2026-02-01,East,Marketplace,6514,455,291,30.41,11.86,5083.1900000000005,101616.61,12,66513.93,0.041237113402061855,8468.050833333333,0.3454423445143467,0.3900032883919763
2026-02-01,East,Web,9000,624,381,39.1,15.24,7032.96,112145.43,16,77777.56,0.04199475065616798,7009.089375,0.30645805183501457,0.389769820971867
2026-02-01,North,App,11007,747,474,49.53,19.31,8808.31,152462.0,20,112615.29,0.04219409282700422,7623.1,0.26135502617045564,0.38986472844740555
2026-02-01,North,Marketplace,9558,705,428,45.43,17.72,7821.03,208122.88,18,139712.39,0.04205607476635514,11562.382222222222,0.32870239927488987,0.3900506273387629
2026-02-01,North,Web,14223,971,611,64.46000000000001,25.14,9929.380000000001,148131.68,25,97804.34,0.04091653027823241,5925.267199999999,0.33974731131112534,0.39000930809804524
2026-02-01,South,App,9701,633,404,41.66,16.240000000000002,7708.3099999999995,131560.62,17,92676.65000000001,0.04207920792079208,7738.86,0.29555933986933164,0.38982237157945276
2026-02-01,South,Marketplace,7860,538,336,34.9,13.61,5998.07,97659.91,14,64430.31,0.041666666666666664,6975.707857142857,0.3402583516613931,0.38997134670487105
2026-02-01,South,Web,11016,834,495,50.97,19.88,9346.88,171206.15,21,122508.98,0.04242424242424243,8152.673809523809,0.2844358686881283,0.3900333529527173
2026-02-01,West,App,9207,669,445,46.980000000000004,18.330000000000002,7277.209999999999,76519.57,18,50926.99,0.04044943820224719,4251.087222222222,0.334457969379598,0.3901660280970626
2026-02-01,West,Marketplace,9158,605,373,38.86,15.149999999999999,6994.16,117896.23999999999,16,79506.4,0.04289544235924933,7368.514999999999,0.32562395543742534,0.38986103962943897
2026-02-01,West,Web,12365,836,517,55.41,21.61,9979.380000000001,282749.68,21,188691.08000000002,0.04061895551257253,13464.270476190475,0.3326567867380079,0.3900018047283884
2026-02-02,East,App,6796,490,291,30.380000000000003,11.850000000000001,5376.8,48747.329999999994,12,32255.97,0.041237113402061855,4062.2774999999997,0.3383028362784176,0.39005924950625415
2026-02-02,East,Marketplace,6328,417,257,26.310000000000002,10.26,4533.24,126443.55,11,84357.2,0.042801556420233464,11494.868181818181,0.3328469502793935,0.3899657924743443
2026-02-02,East,Web,8300,590,357,38.71,15.1,6946.57,72189.69,15,59121.49,0.04201680672268908,4812.646,0.18102585009022762,0.39008008266597777
2026-02-02,North,App,9179,662,419,43.879999999999995,17.11,7191.39,163196.71,17,106555.57,0.0405727923627685,9599.806470588235,0.3470728055731025,0.38992707383773934
2026-02-02,North,Marketplace,8102,576,360,36.91,14.399999999999999,6020.84,198724.33000000002,15,130040.5,0.041666666666666664,13248.288666666667,0.3456236586632347,0.39013817393660255
2026-02-02,North,Web,11555,767,491,53.14,20.72,9704.93,180734.06,21,128694.19,0.04276985743380855,8606.38380952381,0.28793615326297656,0.38991343620624763
2026-02-02,South,App,8617,602,368,38.72,15.1,6704.95,104710.51,16,68773.18000000001,0.043478260869565216,6544.406875,0.3432065224398199,0.3899793388429752
2026-02-02,South,Marketplace,7098,471,303,32.64,12.73,5184.57,224043.22,13,148119.96,0.0429042904290429,17234.093846153846,0.33887773975039287,0.3900122549019608
2026-02-02,South,Web,9130,667,424,43.879999999999995,17.12,7734.48,198445.56,18,131261.13,0.04245283018867924,11024.753333333334,0.33855345516422736,0.3901549680948041
2026-02-02,West,App,7580,607,384,39.82,15.53,6978.88,127818.44,16,84206.48,0.041666666666666664,7988.6525,0.34120241179598193,0.39000502260170766
2026-02-02,West,Marketplace,8042,524,324,34.09,13.29,5945.16,139139.8,14,90553.83,0.043209876543209874,9938.557142857142,0.3491881546473402,0.3898503960105602
2026-02-02,West,Web,10410,766,473,49.91,19.46,8602.33,131346.80000000002,20,87751.0,0.042283298097251586,6567.340000000001,0.3319136819473334,0.3899018232819075
2026-02-03,East,App,7000,469,286,30.43,11.879999999999999,5420.62,65748.97,12,55028.37,0.04195804195804196,5479.080833333333,0.16305350486859335,0.3904042063752875
2026-02-03,East,Marketplace,5776,392,255,26.45,10.31,4825.09,51945.31,11,34940.53,0.043137254901960784,4722.300909090909,0.3273592938419272,0.3897920604914934
2026-02-03,East,Web,8347,600,357,36.83,14.36,6814.71,101778.24,16,69358.18,0.04481792717086835,6361.14,0.31853626079602093,0.3898995384197665
2026-02-03,North,App,10747,704,437,47.72,18.61,7131.1900000000005,102725.35,18,70123.79000000001,0.041189931350114416,5706.963888888889,0.3173662586693547,0.38998323554065384
2026-02-03,North,Marketplace,7986,521,340,35.16,13.71,6648.049999999999,69915.55,14,48874.0,0.041176470588235294,4993.967857142858,0.3009566541348813,0.38993174061433455
2026-02-03,North,Web,11766,810,502,53.55,20.88,9504.69,90757.34,21,59350.67,0.04183266932270916,4321.778095238095,0.34605101912418323,0.3899159663865546
2026-02-03,South,App,8818,566,365,38.05,14.84,7132.05,116490.14,16,79159.61,0.043835616438356165,7280.63375,0.32046085617203307,0.39001314060446785
2026-02-03,South,Marketplace,7183,503,307,32.58,12.71,5614.360000000001,220501.74,13,145228.11000000002,0.04234527687296417,16961.672307692308,0.3413743129646051,0.3901166359729896
2026-02-03,South,Web,9704,743,465,48.86,19.05,7995.389999999999,174182.29,19,115389.11,0.04086021505376344,9167.488947368422,0.3375382192988736,0.3898894801473598
2026-02-03,West,App,9695,645,414,40.91,15.96,7320.58,126460.7,18,83223.07,0.043478260869565216,7025.594444444444,0.34190566713611414,0.3901246638963579
2026-02-03,West,Marketplace,8478,569,343,36.739999999999995,14.33,6631.09,76210.36,15,50998.9,0.043731778425655975,5080.690666666666,0.3308140782959167,0.39003810560696794
2026-02-03,West,Web,11402,812,490,50.55,19.71,9262.119999999999,101616.52,21,92209.06999999999,0.04285714285714286,4838.881904761905,0.09257795878071805,0.38991097922848666
2026-02-04,East,App,7262,505,315,33.879999999999995,13.21,5921.66,109412.06,13,93304.33,0.04126984126984127,8416.312307692308,0.14722079083420964,0.3899055489964582
2026-02-04,East,Marketplace,5671,412,252,27.33,10.66,4723.24,104259.27,10,67401.36,0.03968253968253968,10425.927,0.3535216580741454,0.3900475667764362
2026-02-04,East,Web,8390,570,362,38.93,15.190000000000001,6177.1,161981.06,15,108944.55,0.04143646408839779,10798.737333333333,0.32742414452652674,0.39018751605445673
2026-02-04,North,App,10407,764,464,49.81,19.43,8602.72,177106.49,20,114394.04,0.04310344827586207,8855.324499999999,0.35409459020954004,0.3900823127885966
2026-02-04,North,Marketplace,7662,540,326,34.22,13.350000000000001,5920.38,159362.1,14,107516.13,0.04294478527607362,11383.007142857143,0.32533438000628756,0.39012273524254826
2026-02-04,North,Web,12084,808,526,56.81,22.16,10390.59,193907.15,22,139262.57,0.04182509505703422,8813.961363636363,0.2818079684013714,0.3900721703925365
2026-02-04,South,App,8662,583,365,39.65,15.47,6333.6,195510.76,15,130225.8,0.0410958904109589,13034.050666666668,0.33392003591004404,0.39016393442622954
2026-02-04,South,Marketplace,6841,440,293,31.12,12.14,5173.47,47371.4,12,31373.72,0.040955631399317405,3947.616666666667,0.3377075619466598,0.39010282776349614
2026-02-04,South,Web,10512,678,415,44.57,17.38,7919.48,94870.53,18,72935.83,0.043373493975903614,5270.585,0.2312066771419955,0.38994839578191604
2026-02-04,West,App,8393,581,379,40.06,15.620000000000001,7126.530000000001,130694.12999999999,16,87723.26,0.04221635883905013,8168.383124999999,0.32878959445232925,0.38991512730903644
2026-02-04,West,Marketplace,7352,534,333,35.18,13.719999999999999,6344.74,150766.84,14,100700.97,0.042042042042042045,10769.06,0.3320748116760953,0.3899943149516771
2026-02-04,West,Web,10550,719,452,47.59,18.55,7511.74,98745.29,19,64822.2,0.0420353982300885,5197.120526315789,0.34354134764301164,0.3897877705400294
2026-02-05,East,App,8321,510,334,35.14,13.71,6612.9,60056.36,14,45911.5,0.041916167664670656,4289.74,0.2355264288411752,0.3901536710301651
2026-02-05,East,Marketplace,6500,433,260,26.83,10.46,5033.12,52809.119999999995,11,33602.78,0.04230769230769231,4800.82909090909,0.3636936195869198,0.38986209467014543
2026-02-05,East,Web,9093,610,385,41.17,16.05,7533.3099999999995,67325.09,16,44706.0,0.04155844155844156,4207.818125,0.33596821036555613,0.3898469759533641
2026-02-05,North,App,10862,792,479,50.120000000000005,19.55,9567.19,166821.17,21,132157.12,0.04384133611691023,7943.865238095239,0.20779167296332962,0.39006384676775735
2026-02-05,North,Marketplace,8995,627,383,40.16,15.66,6278.16,84417.81,16,76567.31,0.04177545691906005,5276.113125,0.0929957789712858,0.38994023904382474
2026-02-05,North,Web,13445,848,552,58.07,22.65,9636.220000000001,213844.68,23,139123.85,0.041666666666666664,9297.594782608696,0.34941636144513855,0.39004649560874805
2026-02-05,South,App,9031,666,418,44.81,17.47,7652.57,102226.92,18,67770.5,0.0430622009569378,5679.2733333333335,0.3370581838912881,0.3898683329613925
2026-02-05,South,Marketplace,7038,572,341,35.04,13.67,6289.38,124023.68,14,83488.56,0.04105571847507331,8858.834285714285,0.32683371433584296,0.3901255707762557
2026-02-05,South,Web,10357,688,452,48.290000000000006,18.83,8243.38,124477.77,19,80504.86,0.0420353982300885,6551.461578947368,0.3532591401661518,0.38993580451439214
2026-02-05,West,App,9398,665,410,43.599999999999994,17.0,8169.6900000000005,112150.66,17,77202.13,0.041463414634146344,6597.097647058824,0.31162126018696634,0.389908256880734
2026-02-05,West,Marketplace,8980,592,369,39.71,15.48,6743.95,125584.15,15,83275.01,0.04065040650406504,8372.276666666667,0.33689872487889594,0.3898262402417527
2026-02-05,West,Web,11334,890,531,54.790000000000006,21.36,10248.119999999999,148638.9,22,99179.37,0.04143126177024482,6756.313636363636,0.3327495695945005,0.3898521628034312
2026-02-06,East,App,7721,557,340,35.620000000000005,13.89,6426.0,79338.79,14,53155.63,0.041176470588235294,5667.056428571428,0.33001713285518974,0.38994946659180235
2026-02-06,East,Marketplace,6522,438,286,31.22,12.17,5273.66,139176.93,12,91741.72,0.04195804195804196,11598.0775,0.34082667292632474,0.3898142216527867
2026-02-06,East,Web,9728,645,395,40.62,15.84,7095.62,111068.22,16,72599.20999999999,0.04050632911392405,6941.76375,0.346354789875988,0.38995568685376664
2026-02-06,North,App,10048,738,448,46.959999999999994,18.31,8670.55,123203.58,19,87971.95,0.04241071428571429,6484.398947368421,0.28596271309648635,0.3899063032367973
2026-02-06,North,Marketplace,8643,595,371,37.5,14.620000000000001,7156.789999999999,68939.98999999999,15,45273.13,0.04043126684636118,4595.999333333332,0.3432965394976123,0.3898666666666667
2026-02-06,North,Web,12299,859,524,52.959999999999994,20.66,10321.86,104978.08,22,68930.37,0.04198473282442748,4771.730909090909,0.34338320914232767,0.3901057401812689
2026-02-06,South,App,9240,657,407,42.36,16.52,7637.91,135479.27,17,90558.53,0.04176904176904177,7969.368823529411,0.3315691027859834,0.3899905571293673
2026-02-06,South,Marketplace,7795,510,333,35.07,13.68,6502.57,130829.16,14,86167.68,0.042042042042042045,9344.94,0.34137251970432286,0.3900769888793841
2026-02-06,South,Web,10997,745,457,47.93,18.689999999999998,8617.86,316410.91,19,217961.22,0.04157549234135667,16653.205789473683,0.3111450550172242,0.38994366784894635
2026-02-06,West,App,9950,679,433,45.43,17.72,8326.76,114270.25,18,74489.89,0.04157043879907621,6348.347222222223,0.3481252556986617,0.3900506273387629
2026-02-06,West,Marketplace,8679,624,381,40.17,15.67,6512.67,131904.19,16,86438.84,0.04199475065616798,8244.011875,0.344684653307829,0.39009210853871046
2026-02-06,West,Web,10767,773,473,49.260000000000005,19.21,8030.6900000000005,113451.93,20,80833.13,0.042283298097251586,5672.5965,0.28751207670067835,0.38997157937474625
2026-02-07,East,App,7798,559,331,35.04,13.67,6329.65,95780.75,14,70836.68,0.04229607250755287,6841.482142857143,0.26042884400049077,0.3901255707762557
2026-02-07,East,Marketplace,6195,433,277,29.79,11.620000000000001,5278.219999999999,48913.98,11,31435.9,0.039711191335740074,4446.725454545455,0.3573227940151262,0.3900637797918765
2026-02-07,East,Web,8523,650,393,41.59,16.22,7806.91,123334.68000000001,17,81750.63,0.043256997455470736,7254.981176470588,0.3371642915034117,0.3899975955758595
2026-02-07,North,App,11678,832,511,53.67,20.93,9577.880000000001,184252.09,22,119776.25,0.043052837573385516,8375.095,0.3499327470315262,0.38997577790199367
2026-02-07,North,Marketplace,9143,634,392,41.16,16.05,7302.450000000001,81423.01000000001,16,54668.409999999996,0.04081632653061224,5088.938125000001,0.328587705121685,0.3899416909620992
2026-02-07,North,Web,13548,888,555,58.019999999999996,22.619999999999997,10279.46,231162.27,23,152300.85,0.04144144144144144,10050.53347826087,0.3411517805219683,0.389865563598759
2026-02-07,South,App,10160,652,417,43.120000000000005,16.81,8062.38,174402.29,17,114822.15000000001,0.0407673860911271,10258.958235294118,0.34162475733546843,0.3898423005565862
2026-02-07,South,Marketplace,8048,552,353,37.45,14.600000000000001,6456.41,117741.92,15,76197.29000000001,0.042492917847025496,7849.461333333334,0.35284484914124037,0.38985313751668893
2026-02-07,South,Web,11480,848,490,53.0,20.67,9109.09,129639.5,20,84384.73000000001,0.04081632653061224,6481.975,0.34908164564041044,0.39
2026-02-07,West,App,11107,743,469,51.07,19.91,8897.69,103988.83,20,69514.17,0.042643923240938165,5199.4415,0.33152272220006707,0.3898570589387116
2026-02-07,West,Marketplace,8836,567,365,38.34,14.95,6837.04,96807.27,16,64731.299999999996,0.043835616438356165,6050.454375,0.33133844183396566,0.3899321857068335
2026-02-07,West,Web,12170,790,517,52.8,20.59,9710.689999999999,203310.52,22,136091.74,0.0425531914893617,9241.387272727272,0.33062125855563207,0.3899621212121212
2026-02-08,East,App,7571,517,323,34.739999999999995,13.55,5251.43,95562.33,13,63255.36,0.04024767801857585,7350.948461538462,0.33807222992574587,0.3900402993667243
2026-02-08,East,Marketplace,7005,455,293,31.520000000000003,12.29,5915.469999999999,51292.46,12,41561.31,0.040955631399317405,4274.371666666667,0.18971891775126407,0.3899111675126903
2026-02-08,East,Web,9324,641,392,41.97,16.36,7441.78,167578.33000000002,16,111417.7,0.04081632653061224,10473.645625000001,0.335130622199183,0.38980223969502026
2026-02-08,North,App,10282,736,481,52.34,20.41,8355.26,222057.5,21,149874.76,0.04365904365904366,10574.166666666666,0.3250632831586413,0.38995032479938857
2026-02-08,North,Marketplace,9050,646,391,41.84,16.310000000000002,7706.24,140209.81,17,91652.31,0.043478260869565216,8247.63588235294,0.3463202753074125,0.3898183556405354
2026-02-08,North,Web,14761,929,595,62.26,24.28,11695.05,257680.44999999998,24,169137.43,0.040336134453781515,10736.685416666665,0.34361559055023383,0.38997751365242533
2026-02-08,South,App,10143,672,422,44.47,17.34,8099.31,64228.880000000005,17,41791.48,0.04028436018957346,3778.169411764706,0.34933506547210535,0.38992579266921523
2026-02-08,South,Marketplace,8605,566,350,36.91,14.399999999999999,6585.71,63100.87,15,41118.54,0.04285714285714286,4206.724666666667,0.3483680969850337,0.39013817393660255
2026-02-08,South,Web,10955,752,481,52.14,20.34,9090.12,133390.38,21,92844.45,0.04365904365904366,6351.9228571428575,0.3039644238212681,0.39010356731875717
2026-02-08,West,App,10192,731,460,47.74,18.62,8439.07,139805.32,19,98168.26000000001,0.041304347826086954,7358.174736842106,0.29782171379458233,0.39002932551319647
2026-02-08,West,Marketplace,8278,546,363,37.17,14.5,7289.960000000001,151460.93,14,98491.57,0.03856749311294766,10818.637857142856,0.3497229285466555,0.3900995426419155
2026-02-08,West,Web,12253,843,508,54.01,21.07,8311.189999999999,155410.13,22,113591.46,0.04330708661417323,7064.096818181818,0.26908586975636656,0.390112942047769
2026-02-09,East,App,7203,468,300,32.16,12.54,6053.59,120279.31999999999,13,77414.28,0.043333333333333335,9252.255384615384,0.35637913483381845,0.38992537313432835
2026-02-09,East,Marketplace,5600,383,242,25.86,10.08,4716.88,97889.2,10,69085.35,0.04132231404958678,9788.92,0.2942495188437539,0.38979118329466356
2026-02-09,East,Web,7871,541,348,36.650000000000006,14.29,6530.43,101801.98,15,73738.71,0.04310344827586207,6786.798666666667,0.275665267021329,0.38990450204638466
2026-02-09,North,App,9705,681,419,45.620000000000005,17.79,7696.62,75835.92,17,49375.0,0.0405727923627685,4460.936470588235,0.34892330705554836,0.3899605436212187
2026-02-09,North,Marketplace,8969,557,352,36.91,14.399999999999999,6257.139999999999,116969.58,15,83269.59,0.04261363636363636,7797.972,0.2881090109069384,0.39013817393660255
2026-02-09,North,Web,11069,803,502,52.31,20.4,9278.83,173693.07,21,114398.67,0.04183266932270916,8271.098571428573,0.3413745867926683,0.38998279487669657
2026-02-09,South,App,7824,586,379,39.53,15.42,7571.3099999999995,108089.96,16,80909.94,0.04221635883905013,6755.6225,0.25145739715326015,0.3900834809005818
2026-02-09,South,Marketplace,7081,519,315,33.09,12.9,5897.64,100491.35,13,68623.66,0.04126984126984127,7730.1038461538465,0.3171187370853312,0.38984587488667266
2026-02-09,South,Web,9710,752,438,43.5,16.96,7761.68,197602.95,19,129566.15000000001,0.04337899543378995,10400.155263157896,0.3443106492084253,0.3898850574712644
2026-02-09,West,App,9577,662,419,45.42,17.71,7498.459999999999,155870.66999999998,18,106061.87000000001,0.04295942720763723,8659.481666666667,0.3195521004689335,0.3899163364156759
2026-02-09,West,Marketplace,8031,557,336,36.07,14.07,6103.17,98905.59,14,66723.75,0.041666666666666664,7064.6849999999995,0.3253793845221488,0.3900748544496812
2026-02-09,West,Web,9874,691,443,47.5,18.52,8528.880000000001,157553.67,19,110746.6,0.04288939051918736,8292.298421052632,0.2970865102666285,0.38989473684210524
2026-02-10,East,App,7666,490,305,32.9,12.83,5095.87,146932.98,13,98762.42,0.04262295081967213,11302.536923076925,0.32784035279213697,0.3899696048632219
2026-02-10,East,Marketplace,6242,412,261,26.700000000000003,10.41,5079.88,88153.93000000001,11,59242.130000000005,0.0421455938697318,8013.993636363637,0.32796949608485976,0.3898876404494382
2026-02-10,East,Web,8012,564,357,37.67,14.69,6619.72,139455.25,15,92951.77,0.04201680672268908,9297.016666666666,0.3334652513978498,0.3899654897796655
2026-02-10,North,App,10848,710,442,45.59,17.78,8141.02,89982.91,19,62003.63,0.042986425339366516,4735.942631578948,0.3109399329272637,0.38999780653652116
2026-02-10,North,Marketplace,8072,565,355,37.0,14.43,7080.43,172729.55,15,114412.24,0.04225352112676056,11515.303333333333,0.3376220802983623,0.39
2026-02-10,North,Web,11282,836,500,52.47,20.46,9040.45,95217.62,21,62923.58,0.042,4534.172380952381,0.33916033608065393,0.389937106918239
2026-02-10,South,App,8309,583,364,38.370000000000005,14.96,6454.049999999999,118224.45999999999,15,81905.31,0.04120879120879121,7881.630666666666,0.30720504031060913,0.38988793328120924
2026-02-10,South,Marketplace,7981,538,336,35.74,13.93,6178.1900000000005,102112.32,15,66598.52,0.044642857142857144,6807.488,0.34779152995446583,0.3897593732512591
2026-02-10,South,Web,9238,645,412,42.62,16.62,7737.12,89258.13,17,58827.94,0.0412621359223301,5250.478235294118,0.34092345425565157,0.3899577663068982
2026-02-10,West,App,9218,635,393,41.849999999999994,16.32,7699.35,145519.95,17,96796.89,0.043256997455470736,8559.99705882353,0.3348204833770216,0.3899641577060933
2026-02-10,West,Marketplace,7382,543,328,35.14,13.71,5303.36,148609.78,13,110143.83,0.039634146341463415,11431.521538461539,0.25883861748533643,0.3901536710301651
2026-02-10,West,Web,11496,862,504,53.81,20.98,9233.55,148568.59,21,97291.1,0.041666666666666664,7074.694761904761,0.3451435461560212,0.38989035495261104
2026-02-11,East,App,7376,503,324,34.24,13.36,6496.29,133259.29,13,90293.52,0.040123456790123455,10250.714615384615,0.3224223241771737,0.3901869158878504
2026-02-11,East,Marketplace,5536,407,250,26.03,10.149999999999999,4546.469999999999,46672.14,10,31679.69,0.04,4667.214,0.3212291101286549,0.3899346907414521
2026-02-11,East,Web,8774,592,364,37.86,14.77,6057.719999999999,159098.04,16,104171.86,0.04395604395604396,9943.6275,0.34523479987559874,0.390121500264131
2026-02-11,North,App,9960,669,422,44.81,17.48,8249.27,134828.96,18,88441.62999999999,0.04265402843601896,7490.497777777778,0.34404574506841856,0.39009149743360855
2026-02-11,North,Marketplace,7757,529,346,35.1,13.690000000000001,6269.33,112009.5,14,73217.18,0.04046242774566474,8000.678571428572,0.34633062374173623,0.39002849002849005
2026-02-11,North,Web,10324,820,503,53.6,20.9,9844.43,115038.78,21,75845.5,0.041749502982107355,5478.0371428571425,0.34069624173691687,0.38992537313432835
2026-02-11,South,App,8236,547,359,37.120000000000005,14.48,6540.83,70453.3,15,46997.83,0.04178272980501393,4696.886666666667,0.3329222335930325,0.3900862068965517
2026-02-11,South,Marketplace,7610,515,319,33.69,13.14,5731.24,75290.78,13,50393.13,0.04075235109717868,5791.598461538461,0.33068657277823393,0.39002671415850404
2026-02-11,South,Web,9421,646,410,43.5,16.97,7630.6900000000005,113319.13,17,75206.77,0.041463414634146344,6665.831176470589,0.3363276791835588,0.39011494252873563
2026-02-11,West,App,9474,643,400,41.900000000000006,16.34,7373.12,250225.69,17,169828.38,0.0425,14719.158235294119,0.32129918394869844,0.38997613365155126
2026-02-11,West,Marketplace,7667,519,327,34.57,13.48,5825.620000000001,117678.33,14,88978.07,0.04281345565749235,8405.595,0.243887383514025,0.3899334683251374
2026-02-11,West,Web,11866,800,495,51.57,20.11,9556.36,131251.53,21,98344.46,0.04242424242424243,6250.072857142857,0.25071761068232873,0.3899554004266046
2026-02-12,East,App,7476,510,309,32.35,12.620000000000001,5701.96,120332.93,13,80501.66,0.042071197411003236,9256.379230769231,0.3310088934093103,0.39010819165378674
2026-02-12,East,Marketplace,6045,426,267,28.83,11.239999999999998,5041.47,67309.13,11,43920.96,0.04119850187265917,6119.011818181819,0.3474739608133399,0.389871661463753
2026-02-12,East,Web,8264,564,350,35.96,14.02,6380.9,134959.66,15,94637.69,0.04285714285714286,8997.310666666666,0.2987705363217424,0.38987764182424917
2026-02-12,North,App,10455,700,424,45.5,17.74,7918.14,221446.85,18,147224.2,0.04245283018867924,12302.602777777778,0.3351713966579339,0.38989010989010986
2026-02-12,North,Marketplace,8612,602,360,36.41,14.2,6226.09,155782.28,15,104412.45,0.041666666666666664,10385.485333333334,0.3297540002624175,0.3900027464982148
2026-02-12,North,Web,10024,795,477,51.09,19.93,9363.05,178519.81,19,116050.54000000001,0.039832285115303984,9395.77947368421,0.3499290638949257,0.39009590917987863
2026-02-12,South,App,8072,609,374,41.29,16.1,6847.860000000001,160144.14,16,107707.2,0.0427807486631016,10009.00875,0.32743589618702257,0.38992492128844763
2026-02-12,South,Marketplace,7143,476,300,31.55,12.309999999999999,5500.07,74062.81,13,49300.54,0.043333333333333335,5697.13923076923,0.3343414866381656,0.39017432646592703
2026-02-12,South,Web,9407,694,419,43.599999999999994,17.0,7661.59,162323.04,17,106913.99,0.0405727923627685,9548.414117647058,0.3413504946679165,0.389908256880734
2026-02-12,West,App,8707,607,391,41.71,16.27,7852.2,93748.89,16,64996.23,0.04092071611253197,5859.305625,0.3066986713122683,0.3900743227043874
2026-02-12,West,Marketplace,7879,507,327,34.2,13.34,5880.45,100910.35,14,70637.31999999999,0.04281345565749235,7207.882142857144,0.29999925676603056,0.3900584795321637
2026-02-12,West,Web,10671,773,486,50.760000000000005,19.79,9360.58,260441.07,21,168546.53,0.043209876543209874,12401.955714285714,0.3528419692024764,0.3898739164696611
2026-02-13,East,App,6695,493,296,30.67,11.96,5486.28,96484.07,12,63373.07,0.04054054054054054,8040.339166666668,0.343175821666727,0.38995761330290185
2026-02-13,East,Marketplace,5851,407,254,26.43,10.31,4276.66,116993.72,11,78069.36,0.04330708661417323,10635.792727272727,0.3327046956024648,0.3900870223231177
2026-02-13,East,Web,8862,552,364,38.36,14.96,6833.07,141683.11,15,96072.81999999999,0.04120879120879121,9445.540666666666,0.3219176230674214,0.3899895724713243
2026-02-13,North,App,9823,652,424,44.93,17.52,8000.26,138809.15,18,93149.66,0.04245283018867924,7711.6194444444445,0.3289371774122959,0.38993990652125526
2026-02-13,North,Marketplace,8119,519,326,35.48,13.84,5794.88,86018.81,14,58365.6,0.04294478527607362,6144.200714285714,0.3214786393813167,0.39007891770011277
2026-02-13,North,Web,13250,895,536,54.84,21.380000000000003,9472.81,139910.45,22,92554.6,0.041044776119402986,6359.565909090909,0.33847257299222466,0.38986141502552885
2026-02-13,South,App,9194,681,412,43.16,16.83,8054.1900000000005,166832.1,18,112320.84999999999,0.043689320388349516,9268.45,0.32674317472476827,0.3899443929564411
2026-02-13,South,Marketplace,7243,512,317,33.52,13.07,5880.93,186806.41999999998,13,126305.18,0.04100946372239748,14369.724615384614,0.32387131020443516,0.38991646778042954
2026-02-13,South,Web,9855,615,417,44.21,17.240000000000002,7829.45,96681.53,18,62787.29,0.04316546762589928,5371.196111111111,0.350576164857962,0.38995702329789644
2026-02-13,West,App,9187,645,393,41.76,16.29,7161.28,164708.53,17,107975.28,0.043256997455470736,9688.73705882353,0.34444633802511626,0.3900862068965517
2026-02-13,West,Marketplace,7660,540,331,35.24,13.739999999999998,6581.6900000000005,57187.16,13,66694.37,0.03927492447129909,4399.012307692308,-0.16624728348111695,0.3898978433598183
2026-02-13,West,Web,10374,750,476,49.81,19.43,9003.45,184742.97,20,123793.11,0.04201680672268908,9237.1485,0.3299170734345128,0.3900823127885966
2026-02-14,East,App,8234,519,319,34.68,13.52,6148.95,73288.96,13,49008.38,0.04075235109717868,5637.612307692309,0.33129928436697703,0.38985005767012687
2026-02-14,East,Marketplace,6207,450,272,29.43,11.48,5140.35,87304.41,11,58341.95,0.04044117647058824,7936.764545454545,0.33174108845131656,0.3900781515460415
2026-02-14,East,Web,9895,659,402,42.23,16.47,6934.79,237285.51,17,159533.46,0.04228855721393035,13957.971176470588,0.3276729792729443,0.3900071039545347
2026-02-14,North,App,11636,757,476,48.16,18.78,8449.43,176994.43,20,117019.48999999999,0.04201680672268908,8849.7215,0.3388521322394157,0.38995016611295685
2026-02-14,North,Marketplace,9426,612,395,42.43,16.55,7063.72,178089.23,17,124987.5,0.043037974683544304,10475.83705882353,0.29817485313401604,0.3900542069290596
2026-02-14,North,Web,12905,872,543,56.400000000000006,22.0,9022.02,206360.02,23,153010.63,0.0423572744014733,8972.174782608696,0.2585258035931572,0.39007092198581556
2026-02-14,South,App,9376,641,397,41.51,16.19,7621.62,245811.61000000002,17,168257.47,0.042821158690176324,14459.506470588236,0.3155023475091352,0.39002649963864133
2026-02-14,South,Marketplace,8371,545,355,36.67,14.31,5916.54,76343.56,15,51039.39,0.04225352112676056,5089.5706666666665,0.3314512710698846,0.39023725115898555
2026-02-14,South,Web,11438,786,504,52.28,20.380000000000003,9253.02,114061.87,21,75332.99,0.041666666666666664,5431.517619047619,0.33954274114566063,0.38982402448355014
2026-02-14,West,App,10354,708,443,46.16,18.0,7691.05,195480.74000000002,19,128981.83000000002,0.04288939051918736,10288.460000000001,0.34018139076003084,0.38994800693240905
2026-02-14,West,Marketplace,9188,585,377,39.34,15.34,7225.81,130472.39,16,87058.96,0.042440318302387266,8154.524375,0.33274035985697814,0.3899339095068632
2026-02-14,West,Web,11186,812,507,50.739999999999995,19.79,9556.0,262408.58999999997,22,182968.52000000002,0.04339250493096647,11927.66318181818,0.30273425881370714,0.3900275916436737
2026-02-15,East,App,8658,543,343,35.81,13.96,6292.0,168480.24,15,109679.22,0.043731778425655975,11232.016,0.34900840597093163,0.38983524155263893
2026-02-15,East,Marketplace,6474,436,283,29.71,11.59,5062.0,37879.91,12,24719.11,0.04240282685512368,3156.659166666667,0.3474348275906675,0.39010434197239985
2026-02-15,East,Web,9712,614,393,40.739999999999995,15.88,7507.9,112403.13,16,74919.36,0.04071246819338423,7025.195625,0.3334762119168746,0.38978890525282284
2026-02-15,North,App,11457,731,489,50.02,19.5,9524.189999999999,177638.11,20,121523.06,0.0408997955010225,8881.905499999999,0.31589533349572335,0.38984406237505
2026-02-15,North,Marketplace,8524,642,398,40.69,15.88,7890.46,124614.58,16,80758.99,0.04020100502512563,7788.41125,0.3519298464112305,0.3902678790857705
2026-02-15,North,Web,13496,957,595,61.980000000000004,24.17,11589.220000000001,215761.02,26,160950.88,0.043697478991596636,8298.500769230768,0.2540317060050976,0.3899645046789287
2026-02-15,South,App,8985,674,399,42.07,16.41,7433.05,148638.63,17,99500.84,0.042606516290726815,8743.448823529412,0.3305855954135207,0.3900641787497029
2026-02-15,South,Marketplace,8129,566,355,38.0,14.83,6969.21,235225.09,15,156685.47,0.04225352112676056,15681.672666666667,0.3338913378670617,0.39026315789473687
2026-02-15,South,Web,10821,814,507,51.36,20.03,9539.15,145684.8,21,98290.1,0.04142011834319527,6937.371428571428,0.3253235752803311,0.38999221183800625
2026-02-15,West,App,9519,695,443,45.79,17.86,8012.12,114190.05,18,78910.9,0.040632054176072234,6343.891666666666,0.3089511739420379,0.3900414937759336
2026-02-15,West,Marketplace,8790,645,388,40.5,15.79,7035.9,130153.82,16,88469.70999999999,0.041237113402061855,8134.61375,0.3202680489900336,0.3898765432098765
2026-02-15,West,Web,11859,826,515,55.14,21.5,9811.02,165382.08,21,107210.75,0.040776699029126215,7875.337142857143,0.35173901549672126,0.3899165759883932
2026-02-16,East,App,6933,521,303,31.78,12.4,5740.24,189307.58000000002,13,126445.43,0.0429042904290429,14562.121538461539,0.332063565547666,0.39018250471994964
2026-02-16,East,Marketplace,5888,377,250,27.03,10.54,5004.8099999999995,87894.76,10,60037.97,0.04,8789.475999999999,0.31693345541873025,0.38993710691823896
2026-02-16,East,Web,8471,605,374,38.43,14.989999999999998,6568.26,106909.85,16,71656.04,0.0427807486631016,6681.865625,0.3297526841539859,0.39005984907624247
2026-02-16,North,App,10600,686,428,44.959999999999994,17.53,8231.28,97859.23,19,66984.56999999999,0.04439252336448598,5150.485789473684,0.3155007453052717,0.3899021352313168
2026-02-16,North,Marketplace,7753,534,336,35.61,13.88,6420.62,69753.22,14,45931.5,0.041666666666666664,4982.372857142857,0.34151426987886724,0.389778152204437
2026-02-16,North,Web,11095,776,481,50.43,19.67,9018.4,147236.29,20,100821.99,0.04158004158004158,7361.8145,0.31523682103101075,0.39004560777315095
2026-02-16,South,App,8035,571,351,37.33,14.55,6161.46,141005.28,15,94244.01999999999,0.042735042735042736,9400.352,0.33162772344411506,0.38976694347709623
2026-02-16,South,Marketplace,6784,519,311,32.239999999999995,12.57,5697.43,60915.69,13,39955.47,0.04180064308681672,4685.822307692308,0.3440857355469502,0.3898883374689827
2026-02-16,South,Web,8973,660,400,43.35,16.91,6704.33,108997.57,17,71162.58,0.0425,6411.621764705883,0.347117738496372,0.39008073817762395
2026-02-16,West,App,9114,672,415,43.29,16.88,8121.71,113113.62000000001,17,78339.36,0.04096385542168675,6653.742352941177,0.3074276996881543,0.3899283899283899
2026-02-16,West,Marketplace,8123,562,357,37.79,14.740000000000002,6623.5,84061.07,15,83085.79,0.04201680672268908,5604.071333333334,0.011602041230262872,0.3900502778512835
2026-02-16,West,Web,10253,766,467,49.1,19.15,8430.36,169438.97,19,112367.62,0.04068522483940043,8917.84052631579,0.33682540681166795,0.390020366598778
2026-02-17,East,App,7609,458,307,33.35,13.0,5383.889999999999,124732.44,13,79785.34,0.04234527687296417,9594.803076923077,0.3603481179394872,0.38980509745127434
2026-02-17,East,Marketplace,6297,428,257,27.189999999999998,10.600000000000001,4915.110000000001,63291.68,10,41615.56,0.038910505836575876,6329.168,0.3424797698528464,0.38984920926811334
2026-02-17,East,Web,7855,602,365,39.48,15.399999999999999,6690.79,83756.32,15,54043.659999999996,0.0410958904109589,5583.754666666667,0.3547512593676514,0.3900709219858156
2026-02-17,North,App,10009,697,436,44.980000000000004,17.54,7731.02,244825.80000000002,18,162635.72,0.04128440366972477,13601.433333333334,0.33570840981628575,0.3899510893730546
2026-02-17,North,Marketplace,8502,588,352,37.55,14.64,6578.530000000001,136299.19999999998,14,116584.70999999999,0.03977272727272727,9735.657142857142,0.14464127449023906,0.3898801597869508
2026-02-17,North,Web,11959,823,509,53.83,21.0,9362.52,232242.32,22,155979.35,0.043222003929273084,10556.469090909091,0.32837671445927685,0.3901170351105332
2026-02-17,South,App,7902,626,365,38.64,15.07,6646.38,144346.98,15,95784.82,0.0410958904109589,9623.132000000001,0.3364265743557641,0.3900103519668737
2026-02-17,South,Marketplace,7345,500,312,32.35,12.620000000000001,6058.34,53553.12,13,34940.12,0.041666666666666664,4119.470769230769,0.3475614492675683,0.39010819165378674
2026-02-17,South,Web,9521,655,412,43.07,16.8,7199.38,148356.32,17,100372.81,0.0412621359223301,8726.842352941178,0.32343421567749864,0.3900626886463896
2026-02-17,West,App,9538,678,419,43.66,17.03,7453.93,185993.31,17,125753.9,0.0405727923627685,10940.78294117647,0.3238794449112175,0.3900595510765003
2026-02-17,West,Marketplace,7546,568,334,35.84,13.98,5782.28,46506.66,14,31120.25,0.041916167664670656,3321.904285714286,0.3308431523571033,0.39006696428571425
2026-02-17,West,Web,10674,741,471,50.379999999999995,19.64,9685.29,119658.7,20,79408.34,0.04246284501061571,5982.9349999999995,0.33637637714599944,0.3898372369988091
2026-02-18,East,App,6984,474,290,31.38,12.239999999999998,5269.29,106443.96,12,71563.26,0.041379310344827586,8870.33,0.32769073980336705,0.390057361376673
2026-02-18,East,Marketplace,6117,411,254,26.740000000000002,10.43,4466.79,192167.51,11,129538.34999999999,0.04330708661417323,17469.773636363636,0.3259092028616076,0.39005235602094235
2026-02-18,East,Web,7848,584,366,39.17,15.28,6938.17,130459.25,16,86317.94,0.04371584699453552,8153.703125,0.33835324057128946,0.3900944600459535
2026-02-18,North,App,9802,707,431,47.43000000000001,18.5,8402.26,94272.53,18,69734.53,0.04176334106728538,5237.362777777777,0.2602879120778874,0.3900484925152856
2026-02-18,North,Marketplace,7462,569,358,37.620000000000005,14.67,6786.54,143322.31,15,98534.34,0.04189944134078212,9554.820666666667,0.3124982425974016,0.3899521531100478
2026-02-18,North,Web,12222,819,503,53.41,20.83,9872.099999999999,261796.99,21,172572.75999999998,0.041749502982107355,12466.523333333333,0.3408145754464175,0.39000187230855643
2026-02-18,South,App,9215,617,384,40.62,15.84,7334.05,108340.04,16,70203.91,0.041666666666666664,6771.2525,0.3520040236278295,0.38995568685376664
2026-02-18,South,Marketplace,6943,483,293,29.76,11.600000000000001,5329.139999999999,120876.51999999999,12,81370.09,0.040955631399317405,10073.043333333333,0.32683295316575955,0.3897849462365592
2026-02-18,South,Web,10377,712,448,47.83,18.65,7972.48,119349.45999999999,19,79032.95,0.04241071428571429,6281.550526315789,0.3378021986861105,0.3899226426928706
2026-02-18,West,App,8933,657,384,40.8,15.91,7396.09,135990.09,16,91072.57,0.041666666666666664,8499.380625,0.3302999505331601,0.3899509803921569
2026-02-18,West,Marketplace,7808,572,343,36.45,14.219999999999999,6160.17,68948.51,14,45072.020000000004,0.04081632653061224,4924.893571428571,0.3462945029559013,0.3901234567901234
2026-02-18,West,Web,10502,691,441,44.64,17.41,8202.869999999999,117703.45000000001,18,78846.8,0.04081632653061224,6539.080555555556,0.33012328865466567,0.3900089605734767
2026-02-19,East,App,7083,499,307,32.17,12.55,6296.52,86357.43,13,57394.399999999994,0.04234527687296417,6642.87923076923,0.33538550186127586,0.39011501398818776
2026-02-19,East,Marketplace,5635,405,255,26.91,10.5,4789.1900000000005,101416.61,11,70753.68,0.043137254901960784,9219.691818181818,0.3023462330282979,0.39018952062430323
2026-02-19,East,Web,7906,536,355,36.36,14.170000000000002,7170.45,113221.51,15,77251.87,0.04225352112676056,7548.100666666666,0.31769263631972405,0.38971397139713976
2026-02-19,North,App,9485,631,412,43.67,17.03,7548.450000000001,121935.23,18,92362.70999999999,0.043689320388349516,6774.179444444444,0.2425264626146193,0.389970231280055
2026-02-19,North,Marketplace,8190,560,355,37.379999999999995,14.580000000000002,6413.21,163450.21,15,109818.59,0.04225352112676056,10896.680666666665,0.3281220623699413,0.390048154093098
2026-02-19,North,Web,11585,802,502,51.29,20.0,9465.05,220663.53999999998,21,143784.9,0.04183266932270916,10507.787619047618,0.34839756490809487,0.38993955936829794
2026-02-19,South,App,9500,597,386,41.67,16.259999999999998,7676.0,71883.45999999999,16,53479.43,0.04145077720207254,4492.7162499999995,0.2560259341996058,0.39020878329733616
2026-02-19,South,Marketplace,7080,520,319,34.33,13.39,6241.530000000001,85268.26999999999,13,56032.36,0.04075235109717868,6559.097692307691,0.34286974509978907,0.39003786775415095
2026-02-19,South,Web,9910,712,426,45.519999999999996,17.76,7901.950000000001,198790.4,18,135267.8,0.04225352112676056,11043.91111111111,0.31954561186053254,0.390158172231986
2026-02-19,West,App,9431,633,412,42.769999999999996,16.68,7407.09,87090.37,17,57756.66,0.0412621359223301,5122.96294117647,0.33681921434023065,0.3899929857376666
2026-02-19,West,Marketplace,7995,535,341,35.34,13.780000000000001,6633.4,106516.47,14,69885.08,0.04105571847507331,7608.319285714286,0.3439035296607182,0.389926428975665
2026-02-19,West,Web,11185,776,479,51.57,20.119999999999997,9267.6,171150.29,20,115021.67,0.04175365344467641,8557.514500000001,0.32794931285246437,0.39014931161528016
2026-02-20,East,App,7464,551,329,34.6,13.5,6223.91,50338.44,14,36091.5,0.0425531914893617,3595.6028571428574,0.2830230734206305,0.3901734104046243
2026-02-20,East,Marketplace,6303,483,283,30.07,11.73,5306.950000000001,43482.66,12,35239.16,0.04240282685512368,3623.5550000000003,0.18958131816222834,0.39008979048885933
2026-02-20,East,Web,8134,583,360,37.26,14.53,7018.9,118175.0,15,83002.84,0.041666666666666664,7878.333333333333,0.2976277554474297,0.38996242619431026
2026-02-20,North,App,10366,733,467,50.849999999999994,19.83,8909.69,109474.96,20,72010.16,0.042826552462526764,5473.7480000000005,0.34222255025258747,0.3899705014749263
2026-02-20,North,Marketplace,9159,677,409,43.57,16.99,7905.929999999999,155133.99,17,104820.72,0.04156479217603912,9125.528823529412,0.3243213817938931,0.38994721138397975
2026-02-20,North,Web,11257,835,519,53.38,20.810000000000002,10546.0,135257.76,22,100321.2,0.04238921001926782,6148.080000000001,0.25829615986543036,0.3898463844136381
2026-02-20,South,App,8730,618,386,40.09,15.64,6871.29,115965.38,16,77340.3,0.04145077720207254,7247.83625,0.33307423301678485,0.39012222499376403
2026-02-20,South,Marketplace,8093,567,348,36.55,14.26,6577.12,106830.19,14,69419.94,0.040229885057471264,7630.727857142857,0.35018425035095413,0.39015047879616965
2026-02-20,South,Web,11100,808,481,49.879999999999995,19.45,8969.27,162271.27,20,106634.49,0.04158004158004158,8113.563499999999,0.34286278772576306,0.38993584603047315
2026-02-20,West,App,10128,690,422,43.32,16.9,8263.6,149676.51,18,98647.38,0.04265402843601896,8315.361666666668,0.3409294484485241,0.3901200369344413
2026-02-20,West,Marketplace,7850,554,359,37.53,14.64,6804.049999999999,61816.619999999995,15,40932.46,0.04178272980501393,4121.107999999999,0.337840535441763,0.390087929656275
2026-02-20,West,Web,11007,766,486,50.69,19.770000000000003,9029.91,95746.71,20,63178.58,0.0411522633744856,4787.3355,0.34014881555721344,0.39001775498125874
2026-02-21,East,App,8046,588,360,37.48,14.620000000000001,6619.28,113247.6,15,77253.53,0.041666666666666664,7549.84,0.31783516825080627,0.3900747065101388
2026-02-21,East,Marketplace,7017,485,314,33.480000000000004,13.06,5866.1900000000005,81044.73,13,54774.27,0.041401273885350316,6234.21,0.3241476651227045,0.39008363201911583
2026-02-21,East,Web,9280,652,435,45.05,17.57,8382.85,250556.95,18,167458.76,0.041379310344827586,13919.830555555556,0.3316539014383756,0.3900110987791343
2026-02-21,North,App,12038,821,512,53.8,20.98,8663.26,172247.53,22,115523.09,0.04296875,7829.433181818182,0.3293193231856503,0.38996282527881043
2026-02-21,North,Marketplace,10647,742,460,47.72,18.61,8098.35,170125.16999999998,19,118806.29999999999,0.041304347826086954,8953.956315789474,0.30165360011102416,0.38998323554065384
2026-02-21,North,Web,13921,979,616,64.95,25.33,11726.04,208085.37,25,135998.75,0.040584415584415584,8323.4148,0.34642810304251564,0.38999230177059274
2026-02-21,South,App,10243,738,438,44.760000000000005,17.45,7913.72,156463.23,19,104141.45,0.04337899543378995,8234.906842105263,0.33440304153250583,0.3898570151921358
2026-02-21,South,Marketplace,8674,588,381,40.16,15.66,6297.6,136711.15,16,91103.94,0.04199475065616798,8544.446875,0.3336027090694504,0.38994023904382474
2026-02-21,South,Web,10202,779,488,51.55,20.1,9304.22,186816.0,21,122743.96,0.0430327868852459,8896.0,0.3429686964713943,0.3899127061105723
2026-02-21,West,App,12219,773,500,52.61,20.52,9482.42,173702.73,21,119860.37,0.042,8271.558571428572,0.30996841557988186,0.39003991636570995
2026-02-21,West,Marketplace,8781,640,393,41.31,16.119999999999997,7673.599999999999,202184.22,16,131262.32,0.04071246819338423,12636.51375,0.35077861170372243,0.3902202856451222
2026-02-21,West,Web,12462,919,555,56.0,21.84,9971.7,187264.35,23,125604.38,0.04144144144144144,8141.928260869566,0.3292669960940243,0.39
2026-02-22,East,App,8114,569,359,36.33,14.170000000000002,6500.71,63766.030000000006,15,42197.88,0.04178272980501393,4251.068666666667,0.3382388710728895,0.390035783099367
2026-02-22,East,Marketplace,6662,411,268,28.41,11.08,5013.17,117099.67,11,74058.56,0.041044776119402986,10645.424545454545,0.3675596182294963,0.3900035198873636
2026-02-22,East,Web,9281,670,419,43.95,17.14,8220.58,174213.24,18,119032.42,0.04295942720763723,9678.513333333332,0.3167429754477903,0.3899886234357224
2026-02-22,North,App,12339,833,505,52.7,20.55,9208.4,143673.30000000002,21,108036.34999999999,0.041584158415841586,6841.585714285715,0.24804156374218467,0.3899430740037951
2026-02-22,North,Marketplace,8853,646,403,41.71,16.259999999999998,6896.42,77818.86,16,50822.52,0.03970223325062035,4863.67875,0.3469125607853932,0.38983457204507305
2026-02-22,North,Web,12802,884,549,56.69,22.11,9741.2,177062.27,24,115853.5,0.04371584699453552,7377.594583333333,0.345690643184457,0.3900158758158405
2026-02-22,South,App,9652,708,424,43.1,16.81,6864.84,174821.73,18,116428.56,0.04245283018867924,9712.318333333335,0.3340155139752936,0.39002320185614847
2026-02-22,South,Marketplace,8247,607,372,38.95,15.190000000000001,6744.79,70619.65,16,55199.84,0.043010752688172046,4413.728125,0.2183501334260365,0.389987163029525
2026-02-22,South,Web,10398,767,476,48.5,18.91,9495.34,179566.65,21,119551.26,0.04411764705882353,8550.792857142857,0.33422347635265237,0.38989690721649484
2026-02-22,West,App,10974,714,452,46.93,18.31,8394.5,178479.55000000002,20,118491.17,0.04424778761061947,8923.9775,0.3361078622172681,0.39015555082037073
2026-02-22,West,Marketplace,8216,569,352,37.29,14.55,6440.36,103955.81,15,67959.14,0.04261363636363636,6930.387333333333,0.3462689579351072,0.39018503620273537
2026-02-22,West,Web,11809,831,537,56.93000000000001,22.21,10400.310000000001,329572.66000000003,22,217353.11,0.040968342644320296,14980.575454545457,0.3405001798389467,0.3901282276479887
2026-02-23,East,App,7845,507,323,34.15,13.309999999999999,6142.530000000001,71447.22,14,47822.59,0.043343653250773995,5103.372857142857,0.330658491680992,0.3897510980966325
2026-02-23,East,Marketplace,6057,419,265,28.310000000000002,11.04,5120.24,100764.34,11,66549.06,0.04150943396226415,9160.394545454545,0.33955742676427,0.3899682091133874
2026-02-23,East,Web,7755,545,341,35.34,13.780000000000001,6527.83,98882.75,15,64280.19,0.04398826979472141,6592.183333333333,0.34993525159848404,0.389926428975665
2026-02-23,North,App,10111,698,427,45.91,17.9,8378.41,173782.24,18,115315.81,0.04215456674473068,9654.568888888889,0.33643501200122633,0.3898932694402091
2026-02-23,North,Marketplace,7550,559,345,35.43,13.82,6816.48,59019.07,15,39535.13,0.043478260869565216,3934.6046666666666,0.3301295665960172,0.3900649167372284
2026-02-23,North,Web,12859,786,524,54.57,21.28,9166.04,143823.48,22,97045.67,0.04198473282442748,6537.430909090909,0.32524459844804204,0.38995785229979846
2026-02-23,South,App,8710,584,364,37.64,14.68,6960.18,114158.4,15,75380.07,0.04120879120879121,7610.5599999999995,0.33968880082411795,0.3900106269925611
2026-02-23,South,Marketplace,6795,533,316,31.76,12.379999999999999,5340.62,161811.1,13,109712.7,0.04113924050632911,12447.007692307692,0.3219704952256057,0.38979848866498734
2026-02-23,South,Web,10541,690,426,45.040000000000006,17.57,7949.69,108518.23,18,70929.23,0.04225352112676056,6028.790555555555,0.3463841973832415,0.3900976909413854
2026-02-23,West,App,8943,648,408,41.99,16.38,7730.05,82110.85,17,53841.520000000004,0.041666666666666664,4830.05,0.34428251564805384,0.3900928792569659
2026-02-23,West,Marketplace,7031,557,328,35.5,13.84,5799.16,107438.04000000001,13,77823.62,0.039634146341463415,8264.464615384615,0.2756418490136269,0.38985915492957746
2026-02-23,West,Web,10593,720,453,46.760000000000005,18.240000000000002,8056.8099999999995,118921.35,19,78423.41,0.04194260485651214,6259.018421052632,0.3405438972900997,0.3900769888793841
2026-02-24,East,App,7322,507,307,32.45,12.649999999999999,5323.24,145963.66,13,98809.86,0.04234527687296417,11227.973846153847,0.32305164175795537,0.3898305084745762
2026-02-24,East,Marketplace,5938,393,243,25.310000000000002,9.88,4172.54,91494.23,10,60882.02999999999,0.0411522633744856,9149.422999999999,0.3345806615346127,0.3903595416831292
2026-02-24,East,Web,8559,588,369,39.59,15.43,6768.3099999999995,119562.91,15,88202.14,0.04065040650406504,7970.8606666666665,0.26229513818290306,0.38974488507198785
2026-02-24,North,App,8777,645,412,42.55,16.6,7564.1,142790.38,17,95854.86,0.0412621359223301,8399.434117647059,0.32870225571218453,0.39012925969447715
2026-02-24,North,Marketplace,9583,669,382,41.620000000000005,16.240000000000002,7007.6,127950.20999999999,16,84616.6,0.041884816753926704,7996.8881249999995,0.33867556762900186,0.3901970206631427
2026-02-24,North,Web,11879,847,503,53.69,20.93,9751.470000000001,192746.64,21,128318.79999999999,0.041749502982107355,9178.41142857143,0.3342618060683186,0.3898305084745763
2026-02-24,South,App,8391,570,372,39.66,15.47,6939.05,86194.37,15,56500.69,0.04032258064516129,5746.291333333333,0.34449674613318704,0.3900655572365104
2026-02-24,South,Marketplace,7217,500,316,32.78,12.780000000000001,5643.98,81289.43000000001,13,54779.71,0.04113924050632911,6253.033076923078,0.3261152157174679,0.38987187309334964
2026-02-24,South,Web,10728,746,462,48.79,19.03,9524.79,183268.53,19,119334.34,0.04112554112554113,9645.712105263157,0.34885525627340386,0.3900389424062308
2026-02-24,West,App,9848,642,417,44.349999999999994,17.29,7310.1900000000005,151788.91999999998,17,100103.79,0.0407673860911271,8928.759999999998,0.34050660614753697,0.3898534385569335
2026-02-24,West,Marketplace,7147,540,336,35.36,13.79,6313.53,189668.18,14,129202.26,0.041666666666666664,13547.727142857142,0.31879844051859413,0.38998868778280543
2026-02-24,West,Web,10122,750,455,47.150000000000006,18.38,7821.67,190673.85,19,127580.59,0.041758241758241756,10035.465789473685,0.33089623983571953,0.3898197242841993
2026-02-25,East,App,7006,497,309,32.33,12.6,5679.57,67431.35,13,51213.74,0.042071197411003236,5187.026923076924,0.24050549188174353,0.3897309000927931
2026-02-25,East,Marketplace,5910,412,262,27.34,10.670000000000002,5216.3099999999995,65188.31,11,42840.0,0.04198473282442748,5926.21,0.342826957778166,0.39027066569129487
2026-02-25,East,Web,8998,600,379,38.93,15.190000000000001,6525.24,84102.12,16,56422.5,0.04221635883905013,5256.3825,0.3291191708365972,0.39018751605445673
2026-02-25,North,App,9465,701,433,45.95,17.92,8042.33,119136.47,18,78679.33,0.04157043879907621,6618.692777777778,0.33958652627528746,0.3899891186071817
2026-02-25,North,Marketplace,7545,554,350,37.86,14.77,6416.48,85364.64,14,58087.11,0.04,6097.4742857142855,0.31954132296463733,0.390121500264131
2026-02-25,North,Web,11433,809,509,52.78,20.58,10142.68,210983.63,21,140993.48,0.0412573673870334,10046.839523809524,0.3317326088284669,0.389920424403183
2026-02-25,South,App,9243,567,390,41.57,16.21,7326.540000000001,174899.7,16,116813.42,0.041025641025641026,10931.23125,0.33211194759053336,0.3899446716382006
2026-02-25,South,Marketplace,7611,492,311,32.14,12.53,5451.360000000001,80941.43,13,54610.95,0.04180064308681672,6226.263846153845,0.32530287641322864,0.38985687616677034
2026-02-25,South,Web,9586,660,414,44.31,17.28,7711.48,228923.0,17,153395.21,0.04106280193236715,13466.058823529413,0.3299266128785662,0.3899796885578876
2026-02-25,West,App,9255,677,405,43.0,16.77,7489.19,98893.5,17,73638.59,0.04197530864197531,5817.264705882353,0.2553748224099663,0.39
2026-02-25,West,Marketplace,7384,552,346,37.11,14.47,6422.57,106907.03,14,71388.4,0.04046242774566474,7636.216428571429,0.33223848796472977,0.389921853947723
2026-02-25,West,Web,10355,767,492,49.769999999999996,19.41,9403.53,116548.96,21,76472.3,0.042682926829268296,5549.950476190476,0.34386115500301334,0.3899939722724533
2026-02-26,East,App,6860,512,312,33.27,12.98,6027.469999999999,107589.26000000001,13,78376.0,0.041666666666666664,8276.096923076924,0.2715258009953782,0.3901412684099789
2026-02-26,East,Marketplace,6015,436,272,29.409999999999997,11.47,5032.41,136932.77,11,88593.02,0.04044117647058824,12448.433636363636,0.3530181270706785,0.3900034002040123
2026-02-26,East,Web,8324,576,352,37.47,14.620000000000001,6517.5,142502.57,15,95596.51,0.04261363636363636,9500.171333333334,0.3291593969147364,0.39017880971443825
2026-02-26,North,App,9991,712,436,46.4,18.09,8522.67,152998.51,18,100891.58,0.04128440366972477,8499.917222222222,0.3405714866112095,0.3898706896551724
2026-02-26,North,Marketplace,8174,576,357,37.96,14.809999999999999,6635.46,139632.46,15,91233.85,0.04201680672268908,9308.830666666667,0.3466143187622705,0.3901475237091675
2026-02-26,North,Web,11382,811,500,50.84,19.83,9531.08,125162.81,21,82369.55,0.042,5960.13380952381,0.34190076109668677,0.39004720692368205
2026-02-26,South,App,8655,614,367,38.83,15.14,6949.17,129029.45,15,85756.63,0.04087193460490463,8601.963333333333,0.3353716535256098,0.3899047128508885
2026-02-26,South,Marketplace,6917,478,293,31.9,12.45,5829.5,83112.61,12,53179.82,0.040955631399317405,6926.050833333334,0.36014739520272554,0.390282131661442
2026-02-26,South,Web,11340,732,448,48.120000000000005,18.76,8570.09,107794.16,19,71550.39,0.04241071428571429,5673.376842105264,0.3362312949050301,0.38985868661679135
2026-02-26,West,App,10100,663,426,44.79,17.47,7860.33,99257.84,18,66825.5,0.04225352112676056,5514.324444444444,0.3267483958949741,0.39004242018307655
2026-02-26,West,Marketplace,8066,550,338,35.17,13.71,6907.38,193804.82,14,128743.51,0.04142011834319527,13843.201428571429,0.3357053245631353,0.38982087005971
2026-02-26,West,Web,10473,759,457,49.519999999999996,19.31,9028.03,74441.97,19,53179.59,0.04157549234135667,3917.998421052632,0.28562355348736745,0.3899434571890145
2026-02-27,East,App,6810,492,299,31.200000000000003,12.17,5737.76,75744.58,12,50264.78,0.04013377926421405,6312.048333333333,0.33639106586900347,0.3900641025641025
2026-02-27,East,Marketplace,5797,400,248,25.35,9.88,4578.7,56124.63,10,41421.369999999995,0.04032258064516129,5612.463,0.26197517916821905,0.38974358974358975
2026-02-27,East,Web,7621,526,346,36.85,14.379999999999999,6468.33,94582.69,15,61251.95,0.04335260115606936,6305.5126666666665,0.35239788591337384,0.3902306648575305
2026-02-27,North,App,11207,727,452,46.57,18.16,8253.2,175727.22999999998,19,119294.2,0.0420353982300885,9248.801578947367,0.32113992805782,0.3899506119819626
2026-02-27,North,Marketplace,8103,593,370,39.14,15.26,6590.23,56781.16,15,38718.89,0.04054054054054054,3785.410666666667,0.31810322297043603,0.38988247317322433
2026-02-27,North,Web,11668,810,495,53.76,20.96,9263.33,95924.98,21,65489.36,0.04242424242424243,4567.85619047619,0.31728565385158275,0.3898809523809524
2026-02-27,South,App,9014,595,383,39.379999999999995,15.36,7201.5,164293.86,16,108760.59,0.04177545691906005,10268.36625,0.3380118404911784,0.3900457084814627
2026-02-27,South,Marketplace,7327,553,319,33.379999999999995,13.02,5883.4,69276.05,13,44318.49,0.04075235109717868,5328.926923076923,0.36026245722728134,0.3900539245056921
2026-02-27,South,Web,8767,653,424,44.21,17.240000000000002,7498.860000000001,120268.41,18,79892.58,0.04245283018867924,6681.578333333334,0.3357143409478848,0.38995702329789644
2026-02-27,West,App,9448,643,423,43.29,16.88,7708.3099999999995,144341.52,18,94526.82,0.0425531914893617,8018.973333333332,0.3451169143847175,0.3899283899283899
2026-02-27,West,Marketplace,7498,515,322,32.84,12.809999999999999,6144.09,189087.05,13,129600.5,0.040372670807453416,14545.157692307692,0.31459875226780465,0.3900730816077953
2026-02-27,West,Web,10447,764,481,50.31,19.62,8401.6,193282.86,21,127343.89,0.04365904365904366,9203.945714285714,0.341152702314111,0.38998211091234347
2026-02-28,East,App,8031,590,352,37.18,14.5,6416.45,189879.62,15,124358.76,0.04261363636363636,12658.641333333333,0.34506525766167007,0.38999462076385155
2026-02-28,East,Marketplace,6469,464,288,29.950000000000003,11.68,5324.84,92165.21,12,60585.04,0.041666666666666664,7680.434166666667,0.3426474045900834,0.3899833055091819
2026-02-28,East,Web,9550,643,398,41.1,16.03,7461.71,157512.45,16,100914.54000000001,0.04020100502512563,9844.528125,0.3593234058641079,0.3900243309002433
2026-02-28,North,App,11148,695,474,50.379999999999995,19.64,8544.46,226296.8,20,149720.24000000002,0.04219409282700422,11314.84,0.33838993746265955,0.3898372369988091
2026-02-28,North,Marketplace,9281,641,405,42.290000000000006,16.5,6863.91,134158.98,17,94660.79000000001,0.04197530864197531,7891.704705882354,0.2944133147106515,0.39016315913927635
2026-02-28,North,Web,13059,857,548,56.48,22.03,10245.45,184591.06,22,121480.83,0.040145985401459854,8390.502727272727,0.34189212630340815,0.39004957507082155
2026-02-28,South,App,8486,626,395,42.519999999999996,16.59,7134.950000000001,78610.15,17,68159.05,0.043037974683544304,4624.126470588235,0.13294848057152914,0.39016933207902166
2026-02-28,South,Marketplace,7707,530,342,35.57,13.87,6948.19,127166.85,14,93102.04000000001,0.04093567251461988,9083.346428571429,0.2678749218054862,0.38993533876862524
2026-02-28,South,Web,10959,789,493,51.09,19.93,9456.09,106117.70999999999,20,81016.73,0.04056795131845842,5305.885499999999,0.23653902821687348,0.39009590917987863
2026-02-28,West,App,9762,659,424,43.34,16.9,7488.26,188097.5,18,123475.14,0.04245283018867924,10449.861111111111,0.34355778253299485,0.3899400092293493
2026-02-28,West,Marketplace,8112,607,371,38.64,15.07,6461.95,76793.1,16,60726.12,0.0431266846361186,4799.56875,0.20922426624267026,0.3900103519668737
2026-02-28,West,Web,12500,872,539,56.760000000000005,22.14,9642.92,179418.46,23,117974.95,0.04267161410018553,7800.8026086956515,0.3424592430455595,0.39006342494714585
2026-03-01,East,App,8145,592,355,36.55,14.26,6668.96,126796.61,15,82087.42,0.04225352112676056,8453.107333333333,0.3526055625619644,0.39015047879616965
2026-03-01,East,Marketplace,6505,453,281,30.09,11.73,4998.3099999999995,155761.59,12,113244.78,0.042704626334519574,12980.1325,0.2729608114555071,0.3898305084745763
2026-03-01,East,Web,8993,617,393,40.17,15.67,7373.24,120214.86,16,79509.84999999999,0.04071246819338423,7513.42875,0.33860214951795486,0.39009210853871046
2026-03-01,North,App,11236,802,481,51.18,19.96,9019.529999999999,155082.65,21,100991.95,0.04365904365904366,7384.888095238095,0.34878627622109887,0.3899960922235248
2026-03-01,North,Marketplace,9409,645,407,43.480000000000004,16.96,7290.41,160077.08,17,110448.86,0.04176904176904177,9416.29882352941,0.3100270194833638,0.39006439742410304
2026-03-01,North,Web,12266,923,585,61.09,23.83,10904.61,170712.49,25,111612.41,0.042735042735042736,6828.499599999999,0.3461965788209169,0.39008020952692746
2026-03-01,South,App,10352,705,433,46.099999999999994,17.98,8029.29,93059.03,18,61791.24,0.04157043879907621,5169.946111111111,0.3359995263221635,0.3900216919739697
2026-03-01,South,Marketplace,8272,628,371,39.41,15.379999999999999,7023.030000000001,167935.33000000002,16,109283.85,0.0431266846361186,10495.958125000001,0.34925039299354105,0.39025628013194624
2026-03-01,South,Web,11888,888,533,55.739999999999995,21.740000000000002,10133.55,108121.78,22,73846.1,0.04127579737335835,4914.626363636364,0.3170099493367571,0.39002511661284545
2026-03-01,West,App,10527,812,486,49.93,19.47,8257.17,151606.03,21,99658.23,0.043209876543209874,7219.334761904762,0.34264995923974795,0.3899459242940116
2026-03-01,West,Marketplace,8658,626,381,38.760000000000005,15.12,6932.4,91541.73,16,67974.01000000001,0.04199475065616798,5721.358125,0.2574532947979024,0.3900928792569659
2026-03-01,West,Web,12516,886,560,58.2,22.689999999999998,9956.52,131323.61,24,88644.39,0.04285714285714286,5471.817083333332,0.32499274121386085,0.3898625429553264
2026-03-02,East,App,6707,512,316,33.21,12.95,6148.15,63550.399999999994,13,41982.65,0.04113924050632911,4888.492307692307,0.3393802399355471,0.38994278831677204
2026-03-02,East,Marketplace,6164,397,255,25.88,10.09,4422.7,181333.91,11,122381.84,0.043137254901960784,16484.90090909091,0.3251022933327804,0.38987635239567237
2026-03-02,East,Web,9045,569,366,39.05,15.23,6436.139999999999,191001.54,15,126056.63,0.040983606557377046,12733.436,0.34002296525986125,0.3900128040973112
2026-03-02,North,App,9588,698,426,45.55,17.76,8144.54,95256.97,17,63503.15,0.03990610328638498,5603.351176470588,0.3333490452194732,0.389901207464325
2026-03-02,North,Marketplace,8076,604,369,40.21,15.68,7200.07,89697.39,15,57262.049999999996,0.04065040650406504,5979.826,0.3616085150303705,0.38995274807261876
2026-03-02,North,Web,11755,833,519,52.82,20.6,9541.89,176002.55000000002,22,129157.83,0.04238921001926782,8000.11590909091,0.26615932553249944,0.3900037864445286
2026-03-02,South,App,8010,589,379,40.49,15.79,6953.95,159661.95,16,105269.08,0.04221635883905013,9978.871875,0.3406752203640254,0.38997283279822176
2026-03-02,South,Marketplace,7759,548,329,33.879999999999995,13.21,6256.28,98559.56999999999,14,64627.66,0.0425531914893617,7039.969285714285,0.34427818627861295,0.3899055489964582
2026-03-02,South,Web,10474,745,467,48.53,18.93,8237.23,146450.63,20,107898.89,0.042826552462526764,7322.5315,0.26324052003053866,0.39006799917576757
2026-03-02,West,App,9550,665,417,43.09,16.81,7430.96,110190.87,18,74683.43000000001,0.04316546762589928,6121.715,0.32223577143914,0.39011371547922946
2026-03-02,West,Marketplace,7827,526,353,37.28,14.54,6875.43,118167.57,15,79661.1,0.042492917847025496,7877.838000000001,0.3258632634994525,0.3900214592274678
2026-03-02,West,Web,11376,791,488,51.43,20.05,9287.9,135733.45,20,110200.64,0.040983606557377046,6786.672500000001,0.18810993163439085,0.38985028193661286
2026-03-03,East,App,6567,485,312,33.24,12.96,6065.17,135916.58000000002,13,86407.81999999999,0.041666666666666664,10455.121538461539,0.3642584296926837,0.3898916967509025
2026-03-03,East,Marketplace,6333,401,253,26.97,10.52,4268.45,102174.11,11,70042.76999999999,0.043478260869565216,9288.555454545454,0.3144763384775264,0.39006303299962924
2026-03-03,East,Web,8355,621,371,40.239999999999995,15.69,7265.9800000000005,169380.94,16,113300.79000000001,0.0431266846361186,10586.30875,0.3310889052806059,0.3899105367793241
2026-03-03,North,App,11166,779,471,51.239999999999995,19.98,8915.14,179565.08,20,118836.47,0.04246284501061571,8978.253999999999,0.33819832898467783,0.3899297423887588
2026-03-03,North,Marketplace,8402,573,365,38.05,14.84,6407.709999999999,114823.81,15,87258.29999999999,0.0410958904109589,7654.920666666667,0.24006789184229307,0.39001314060446785
2026-03-03,North,Web,11626,802,500,51.79,20.200000000000003,8648.71,243659.58000000002,21,161986.24,0.042,11602.837142857144,0.33519445449261637,0.3900366866190385
2026-03-03,South,App,8998,621,381,39.86,15.55,6713.41,91547.87,16,61206.64,0.04199475065616798,5721.741875,0.3314247507888496,0.390115403913698
2026-03-03,South,Marketplace,7438,517,314,32.650000000000006,12.739999999999998,5447.38,131993.83000000002,13,86708.52,0.041401273885350316,10153.371538461539,0.343086567000897,0.390199081163859
2026-03-03,South,Web,9259,666,431,44.43,17.330000000000002,8141.55,124768.38,18,81018.19,0.04176334106728538,6931.576666666667,0.3506512627638509,0.39005176682421794
2026-03-03,West,App,9909,676,423,44.81,17.47,8158.21,117577.11,18,77305.94,0.0425531914893617,6532.0616666666665,0.34250858861899225,0.3898683329613925
2026-03-03,West,Marketplace,7752,538,328,33.62,13.11,6337.02,176041.03,14,122644.43,0.042682926829268296,12574.359285714285,0.3033190614710673,0.3899464604402142
2026-03-03,West,Web,11423,790,497,52.41,20.45,9862.39,173749.53,21,148000.93,0.04225352112676056,8273.787142857143,0.14819378216447554,0.3901927113146346
2026-03-04,East,App,7636,512,318,32.4,12.64,5810.83,61060.02,13,40603.47,0.040880503144654086,4696.924615384615,0.33502363739808794,0.3901234567901235
2026-03-04,East,Marketplace,6235,440,267,27.4,10.690000000000001,5050.8099999999995,51211.96,11,32966.08,0.04119850187265917,4655.632727272728,0.35628161859065727,0.3901459854014599
2026-03-04,East,Web,7554,567,364,37.53,14.64,7077.049999999999,115309.66,15,79182.2,0.04120879120879121,7687.310666666667,0.3133081825061318,0.390087929656275
2026-03-04,North,App,10691,707,455,45.980000000000004,17.93,8093.34,153500.04,19,103605.85,0.041758241758241756,8078.949473684211,0.3250434983600004,0.38995215311004783
2026-03-04,North,Marketplace,8679,550,374,39.84,15.54,6651.67,114449.87000000001,16,78061.09,0.0427807486631016,7153.116875000001,0.31794514052309547,0.3900602409638554
2026-03-04,North,Web,11314,760,493,53.93,21.03,8862.119999999999,198075.56999999998,21,146398.16,0.04259634888438134,9432.169999999998,0.26089744434409545,0.38994993510105697
2026-03-04,South,App,8488,624,374,39.35,15.350000000000001,6669.67,75373.89,15,51917.83,0.040106951871657755,5024.926,0.3111960919092805,0.39008894536213473
2026-03-04,South,Marketplace,7673,510,320,33.09,12.9,5570.31,86020.25,14,56382.51,0.04375,6144.303571428572,0.3445437556854345,0.38984587488667266
2026-03-04,South,Web,10600,742,453,48.86,19.05,8263.58,114423.16,19,79389.19,0.04194260485651214,6022.271578947369,0.30617901131204556,0.3898894801473598
2026-03-04,West,App,8850,641,402,43.05,16.79,7888.17,128456.66,17,85167.85,0.04228855721393035,7556.274117647059,0.3369915580865951,0.39001161440185833
2026-03-04,West,Marketplace,7291,562,350,35.64,13.9,6771.88,77416.78,14,51207.04,0.04,5529.7699999999995,0.33855373473296096,0.3900112233445567
2026-03-04,West,Web,10676,803,502,53.239999999999995,20.759999999999998,9615.29,172132.29,21,113983.24,0.04183266932270916,8196.775714285715,0.3378160483428182,0.3899323816679189
2026-03-05,East,App,7564,546,335,35.07,13.67,5877.76,112059.88,14,74870.79,0.041791044776119404,8004.277142857143,0.33186801556453577,0.38979184488166524
2026-03-05,East,Marketplace,6617,471,288,29.86,11.649999999999999,4984.110000000001,76605.87,12,51104.43,0.041666666666666664,6383.822499999999,0.33289146118959284,0.3901540522438044
2026-03-05,East,Web,10069,614,409,42.6,16.62,7198.290000000001,182074.43,17,117532.03,0.04156479217603912,10710.260588235295,0.3544836032165527,0.39014084507042257
2026-03-05,North,App,11488,776,481,49.31,19.23,9167.8,173672.4,20,113266.70999999999,0.04158004158004158,8683.619999999999,0.347813987714801,0.38998174812411274
2026-03-05,North,Marketplace,9307,619,391,40.989999999999995,15.98,7290.88,97266.34,16,67509.06,0.04092071611253197,6079.14625,0.30593605146446345,0.38985118321541845
2026-03-05,North,Web,12268,795,507,53.74,20.96,9436.67,142240.5,22,95136.73,0.04339250493096647,6465.477272727273,0.33115582411479155,0.39002605135839225
2026-03-05,South,App,9912,667,427,44.18,17.23,8126.619999999999,104077.92,18,71142.64,0.04215456674473068,5782.106666666667,0.3164482918182838,0.3899954730647352
2026-03-05,South,Marketplace,7719,528,328,34.43,13.43,5895.280000000001,113208.92,14,76055.47,0.042682926829268296,8086.351428571428,0.3281848285453125,0.3900668022073773
2026-03-05,South,Web,11279,757,486,50.2,19.58,8733.57,275428.41,21,182334.73,0.043209876543209874,13115.63857142857,0.3379959242403497,0.3900398406374501
2026-03-05,West,App,10373,695,440,44.239999999999995,17.259999999999998,8333.98,146402.15,19,95366.14,0.04318181818181818,7705.376315789474,0.3486015061937273,0.39014466546112114
2026-03-05,West,Marketplace,8707,614,374,38.34,14.95,7414.35,56706.11,16,41389.4,0.0427807486631016,3544.131875,0.270106872081333,0.3899321857068335
2026-03-05,West,Web,12965,911,566,58.28,22.73,10829.029999999999,251184.66,23,168415.48,0.04063604240282685,10921.072173913044,0.3295152657809597,0.3900137268359643
2026-03-06,East,App,7702,541,343,36.84,14.370000000000001,6363.360000000001,89101.32,14,61636.46,0.04081632653061224,6364.38,0.30824302041765494,0.39006514657980457
2026-03-06,East,Marketplace,6039,426,273,28.41,11.08,5154.049999999999,97900.26999999999,12,64597.71000000001,0.04395604395604396,8158.355833333332,0.34016821404067615,0.3900035198873636
2026-03-06,East,Web,9572,619,402,41.64,16.240000000000002,7403.120000000001,129888.34,17,86549.72,0.04228855721393035,7640.490588235294,0.3336605887795625,0.39000960614793473
2026-03-06,North,App,10946,742,472,48.5,18.91,8579.48,186834.66,20,124558.95,0.0423728813559322,9341.733,0.3333198989951865,0.38989690721649484
2026-03-06,North,Marketplace,9329,638,409,44.31,17.28,7763.73,131833.41999999998,17,87566.86,0.04156479217603912,7754.907058823528,0.3357764669990355,0.3899796885578876
2026-03-06,North,Web,12735,879,559,60.19,23.47,9526.24,265936.37,23,175508.16,0.04114490161001789,11562.450869565217,0.3400370171255628,0.3899318823724871
2026-03-06,South,App,9950,673,435,45.03,17.57,7520.860000000001,191053.91,18,137863.3,0.041379310344827586,10614.106111111112,0.2784062885705925,0.39018432156340216
2026-03-06,South,Marketplace,8074,574,347,35.45,13.829999999999998,6634.52,121915.78,14,79896.91,0.040345821325648415,8708.27,0.34465489209026096,0.3901269393511988
2026-03-06,South,Web,10221,772,458,48.72,19.0,9381.14,137285.5,19,94155.62000000001,0.04148471615720524,7225.5526315789475,0.31416194718306006,0.3899835796387521
2026-03-06,West,App,10736,774,464,48.69,18.98,8427.69,145857.18,19,96580.43,0.040948275862068964,7676.693684210526,0.33784247028497333,0.3898131033066338
2026-03-06,West,Marketplace,8646,643,393,40.739999999999995,15.89,7674.19,183419.94,16,120992.58,0.04071246819338423,11463.74625,0.3403520903997679,0.39003436426116844
2026-03-06,West,Web,12700,846,531,54.73,21.340000000000003,9305.09,134896.34,23,101458.11,0.04331450094161959,5865.058260869565,0.24788092842252055,0.3899141238808698
2026-03-07,East,App,7573,516,333,35.1,13.690000000000001,6316.15,174695.6,14,115750.92,0.042042042042042045,12478.257142857143,0.337413649799995,0.39002849002849005
2026-03-07,East,Marketplace,6617,428,274,28.54,11.129999999999999,4946.33,79000.31,11,52389.97,0.040145985401459854,7181.846363636363,0.3368384250644079,0.389978976874562
2026-03-07,East,Web,8936,674,402,42.69,16.64,7071.76,124502.66,17,81095.89,0.04228855721393035,7323.685882352941,0.3486413061375556,0.389786835324432
2026-03-07,North,App,11064,780,498,52.400000000000006,20.43,9301.220000000001,146461.61,21,104801.68,0.04216867469879518,6974.362380952381,0.284442660435045,0.38988549618320606
2026-03-07,North,Marketplace,9291,662,405,42.6,16.62,6903.98,139903.65,17,90911.69,0.04197530864197531,8229.626470588235,0.3501835727659714,0.39014084507042257
2026-03-07,North,Web,14331,989,604,63.43,24.740000000000002,11805.24,230146.33000000002,25,184623.87,0.041390728476821195,9205.853200000001,0.19779789666861086,0.3900362604445846
2026-03-07,South,App,10449,667,445,48.099999999999994,18.76,8784.6,151179.4,18,99886.09,0.04044943820224719,8398.855555555556,0.3392876939583038,0.3900207900207901
2026-03-07,South,Marketplace,8926,602,365,39.28,15.31,6941.83,106242.03,15,70471.38,0.0410958904109589,7082.802,0.33669019690229934,0.38976578411405294
2026-03-07,South,Web,11636,800,523,56.41,22.0,10301.67,147049.41999999998,22,100134.19,0.04206500956022945,6684.064545454545,0.3190439649472945,0.39000177273533065
2026-03-07,West,App,10245,726,463,47.96,18.71,7402.049999999999,180979.21,19,120015.94,0.04103671706263499,9525.221578947368,0.33685233790113234,0.39011676396997497
2026-03-07,West,Marketplace,8401,631,385,39.76,15.5,6886.33,82356.18000000001,17,54273.85,0.04415584415584416,4844.481176470588,0.34098631092408616,0.3898390342052314
2026-03-07,West,Web,11412,938,550,58.24,22.72,9530.02,168326.56,23,111865.98,0.04181818181818182,7318.546086956521,0.3354228827583716,0.39010989010989006
2026-03-08,East,App,8162,570,348,35.76,13.95,5866.34,151112.77000000002,15,100454.77,0.04310344827586207,10074.184666666668,0.33523308453679995,0.3901006711409396
2026-03-08,East,Marketplace,6669,489,300,31.740000000000002,12.379999999999999,5861.5,122143.40000000001,13,84055.68,0.043333333333333335,9395.646153846155,0.31182790064792704,0.3900441083805923
2026-03-08,East,Web,9304,671,410,44.480000000000004,17.35,7518.620000000001,217754.67,17,143062.65,0.041463414634146344,12809.09823529412,0.34300995703100196,0.39006294964028776
2026-03-08,North,App,11645,773,500,52.86,20.62,9144.15,157757.76,21,105381.25,0.042,7512.274285714286,0.33200591844103267,0.3900870223231177
2026-03-08,North,Marketplace,10124,734,433,46.84,18.259999999999998,7916.129999999999,89888.5,19,58011.130000000005,0.04387990762124711,4730.973684210527,0.3546323500781523,0.38983774551665235
2026-03-08,North,Web,13136,963,600,63.03,24.59,10972.24,222429.93,25,152690.61000000002,0.041666666666666664,8897.1972,0.3135338845810902,0.3901316833254006
2026-03-08,South,App,9979,711,433,46.2,18.02,7783.370000000001,163569.96,18,109072.64,0.04157043879907621,9087.22,0.3331743799411579,0.39004329004329
2026-03-08,South,Marketplace,8433,574,348,36.95,14.41,6760.69,138132.04,15,91436.67,0.04310344827586207,9208.802666666666,0.3380487973680835,0.3899864682002706
2026-03-08,South,Web,11634,848,522,54.03,21.07,9759.02,137028.34,21,88131.6,0.040229885057471264,6525.159047619048,0.3568366952412909,0.38996853599851933
2026-03-08,West,App,10726,741,462,49.85,19.439999999999998,9145.76,112199.33,20,81755.18,0.04329004329004329,5609.9665,0.2713398555945032,0.3899699097291875
2026-03-08,West,Marketplace,8791,550,370,39.64,15.450000000000001,7420.290000000001,191324.91,15,122884.86,0.04054054054054054,12754.994,0.35771635800063883,0.3897578203834511
2026-03-08,West,Web,12565,855,545,57.68000000000001,22.5,9790.08,244136.38,23,162132.46,0.04220183486238532,10614.625217391305,0.3358938966818465,0.3900832177531206
2026-03-09,East,App,6517,493,300,32.12,12.53,5703.4,134885.36000000002,13,92421.39,0.043333333333333335,10375.796923076925,0.31481526238281166,0.39009962640099627
2026-03-09,East,Marketplace,5983,428,273,27.57,10.76,4885.5,85416.93000000001,12,58541.72,0.04395604395604396,7118.0775,0.3146356348794086,0.39027928908233583
2026-03-09,East,Web,7755,562,360,38.08,14.85,6744.09,76753.56999999999,15,51007.31,0.041666666666666664,5116.904666666666,0.335440553449175,0.389968487394958
2026-03-09,North,App,10488,754,452,46.959999999999994,18.31,8050.91,175215.55,19,131975.96,0.0420353982300885,9221.871052631579,0.2467794097042186,0.3899063032367973
2026-03-09,North,Marketplace,9333,576,381,40.05,15.620000000000001,7418.030000000001,153443.52,16,98751.93000000001,0.04199475065616798,9590.22,0.35642815024055746,0.3900124843945069
2026-03-09,North,Web,11622,819,515,54.82,21.380000000000003,9475.86,194606.5,21,130822.2,0.040776699029126215,9266.97619047619,0.32776037799354085,0.3900036483035389
2026-03-09,South,App,9000,619,382,40.08,15.629999999999999,6857.92,158926.84,16,101929.15000000001,0.041884816753926704,9932.9275,0.35864105773448957,0.38997005988023953
2026-03-09,South,Marketplace,8493,531,345,35.16,13.71,6406.67,86521.46,14,63786.159999999996,0.04057971014492753,6180.104285714287,0.2627706467274132,0.38993174061433455
2026-03-09,South,Web,11421,766,479,50.760000000000005,19.79,9793.31,161147.94,20,119916.79999999999,0.04175365344467641,8057.397,0.25585893310209246,0.3898739164696611
2026-03-09,West,App,9891,714,423,43.72,17.05,7455.91,207633.55,17,135732.19,0.04018912529550828,12213.738235294117,0.3462897012549272,0.3899817017383349
2026-03-09,West,Marketplace,8812,621,374,38.9,15.170000000000002,6582.469999999999,114704.24,16,75354.97,0.0427807486631016,7169.015,0.3430498297185876,0.389974293059126
2026-03-09,West,Web,11792,782,509,52.46,20.46,9369.88,114002.12,22,90828.11,0.043222003929273084,5181.914545454545,0.20327700923456507,0.39001143728555093
2026-03-10,East,App,6905,472,309,32.5,12.67,6227.43,108770.06,13,72222.14,0.042071197411003236,8366.927692307692,0.3360108471025942,0.38984615384615384
2026-03-10,East,Marketplace,6588,452,281,30.72,11.98,5068.45,60214.36,12,40038.02,0.042704626334519574,5017.863333333334,0.33507522125951356,0.38997395833333337
2026-03-10,East,Web,8723,579,366,38.2,14.9,6853.8099999999995,92890.48,15,65526.14,0.040983606557377046,6192.698666666666,0.29458713099555517,0.3900523560209424
2026-03-10,North,App,10133,715,434,46.43,18.11,8050.049999999999,138579.99,19,91525.85,0.04377880184331797,7293.683684210526,0.3395449804838346,0.39004953693732497
2026-03-10,North,Marketplace,8790,612,371,38.81,15.14,6627.66,121172.22,16,80862.57,0.0431266846361186,7573.26375,0.3326641205385194,0.39010564287554755
2026-03-10,North,Web,10027,729,476,49.5,19.31,8839.16,170852.22,20,118119.84,0.04201680672268908,8542.611,0.3086432239510848,0.39010101010101006
2026-03-10,South,App,8490,593,376,40.03,15.61,6726.55,116370.13,16,76824.75,0.0425531914893617,7273.133125,0.33982414559475016,0.38995753185111165
2026-03-10,South,Marketplace,7531,553,336,36.71,14.31,5808.86,147652.82,14,100040.44,0.041666666666666664,10546.630000000001,0.32246170442257727,0.3898120403159902
2026-03-10,South,Web,10455,740,445,47.05,18.35,7865.709999999999,198293.33000000002,19,128800.4,0.04269662921348315,10436.49105263158,0.35045520694014276,0.39001062699256117
2026-03-10,West,App,9569,660,412,43.11,16.81,7689.41,153275.12,17,102231.11,0.0412621359223301,9016.183529411765,0.33302214997450336,0.3899327302250058
2026-03-10,West,Marketplace,7457,562,332,35.34,13.780000000000001,6257.1900000000005,106132.09,14,69729.24,0.04216867469879518,7580.863571428571,0.3429956952699225,0.389926428975665
2026-03-10,West,Web,11289,772,486,48.93,19.08,9966.42,109778.28,20,72881.15,0.0411522633744856,5488.914,0.3361059218635964,0.38994481912936846
2026-03-11,East,App,6824,508,319,33.16,12.93,6020.24,58329.7,13,38536.69,0.04075235109717868,4486.9,0.33932987826098876,0.3899276236429433
2026-03-11,East,Marketplace,6210,431,262,27.910000000000004,10.879999999999999,5001.59,139574.86,11,111231.29,0.04198473282442748,12688.623636363634,0.20307073924344252,0.3898244356861339
2026-03-11,East,Web,7936,629,369,38.43,14.98,6917.639999999999,106253.96,16,74284.73,0.04336043360433604,6640.8725,0.3008756567755217,0.38979963570127507
2026-03-11,North,App,10726,761,467,48.519999999999996,18.92,8981.49,204690.84,20,135821.27,0.042826552462526764,10234.542,0.3364565312253348,0.3899422918384172
2026-03-11,North,Marketplace,9381,590,381,39.64,15.450000000000001,7032.43,189079.38,16,124618.57,0.04199475065616798,11817.46125,0.34091930066620696,0.3897578203834511
2026-03-11,North,Web,12412,893,539,57.480000000000004,22.42,10379.529999999999,151656.35,23,122789.61,0.04267161410018553,6593.754347826087,0.19034310136041124,0.39004871259568547
2026-03-11,South,App,8374,657,384,40.31,15.719999999999999,7276.08,172527.56,16,114228.32,0.041666666666666664,10782.9725,0.3379126210328367,0.38997767303398656
2026-03-11,South,Marketplace,7695,529,338,34.9,13.61,6358.15,70692.93,14,45884.18,0.04142011834319527,5049.495,0.3509367909916875,0.38997134670487105
2026-03-11,South,Web,10498,721,433,44.64,17.41,7492.55,94355.98,18,61038.97,0.04157043879907621,5241.998888888888,0.35309908285622166,0.3900089605734767
2026-03-11,West,App,9185,674,414,43.620000000000005,17.009999999999998,7328.26,175080.96,17,115539.25,0.04106280193236715,10298.88,0.34008101166454646,0.38995873452544694
2026-03-11,West,Marketplace,7679,555,360,38.980000000000004,15.2,7051.709999999999,88787.27,15,58125.299999999996,0.041666666666666664,5919.151333333333,0.3453419617474443,0.3899435608004104
2026-03-11,West,Web,12077,774,514,55.1,21.490000000000002,9690.22,119874.65,22,83573.59,0.042801556420233464,5448.847727272727,0.3028251594478065,0.3900181488203267
2026-03-12,East,App,7476,501,319,33.33,13.0,6179.88,99237.33,13,65892.83,0.04075235109717868,7633.640769230769,0.3360076293870462,0.39003900390039004
2026-03-12,East,Marketplace,6322,453,274,29.29,11.42,4683.15,119408.39,12,78997.76000000001,0.043795620437956206,9950.699166666667,0.3384237070778694,0.3898941618299761
2026-03-12,East,Web,8569,576,355,37.69,14.69,6648.43,100867.37,15,66121.8,0.04225352112676056,6724.491333333333,0.34446788887228835,0.3897585566463253
2026-03-12,North,App,9201,648,412,43.260000000000005,16.88,7351.549999999999,119695.22,17,102618.23,0.0412621359223301,7040.895294117647,0.1426706095698726,0.3901987979657882
2026-03-12,North,Marketplace,9390,658,404,42.64,16.630000000000003,7382.1,175882.05,17,118204.7,0.04207920792079208,10346.00294117647,0.3279319862373676,0.39000938086303943
2026-03-12,North,Web,13076,907,567,59.86,23.35,11018.9,178975.57,24,118677.37,0.042328042328042326,7457.315416666667,0.3369074337911035,0.3900768459739392
2026-03-12,South,App,9047,622,383,40.58,15.83,7006.32,121710.75,16,84642.43000000001,0.04177545691906005,7606.921875,0.30456077215858085,0.3900936421882701
2026-03-12,South,Marketplace,7757,530,326,32.85,12.809999999999999,6060.52,180717.84999999998,13,124245.69,0.03987730061349693,13901.373076923075,0.31248800270698207,0.3899543378995433
2026-03-12,South,Web,9560,702,440,46.62,18.19,8639.960000000001,208841.12,18,143174.39,0.04090909090909091,11602.284444444444,0.3144339103333672,0.3901758901758902
2026-03-12,West,App,9114,698,426,44.07,17.19,7159.35,125391.88,17,84122.9,0.03990610328638498,7375.992941176471,0.32912003552383146,0.3900612661674609
2026-03-12,West,Marketplace,8009,576,353,38.120000000000005,14.86,6676.92,91447.74,15,60014.84,0.042492917847025496,6096.5160000000005,0.3437252795968496,0.38982161594963266
2026-03-12,West,Web,11024,728,471,49.45,19.29,8740.6,215093.34,20,144626.6,0.04246284501061571,10754.667,0.32761005059477893,0.3900910010111223
2026-03-13,East,App,6233,490,298,32.3,12.6,5795.02,65753.78,12,43254.79,0.040268456375838924,5479.481666666667,0.3421702904380554,0.39009287925696595
2026-03-13,East,Marketplace,6381,452,279,30.24,11.79,4955.38,47680.34,12,31285.45,0.043010752688172046,3973.361666666666,0.3438501067735674,0.3898809523809524
2026-03-13,East,Web,8869,548,364,38.84,15.149999999999999,6406.969999999999,83522.1,15,54457.03,0.04120879120879121,5568.14,0.34799256723669547,0.3900617919670442
2026-03-13,North,App,10598,722,455,48.17,18.79,8564.74,150287.5,18,96790.54,0.03956043956043956,8349.305555555555,0.35596413540713634,0.39007681129333605
2026-03-13,North,Marketplace,7381,515,324,33.599999999999994,13.1,6447.8099999999995,137323.5,13,89781.49,0.040123456790123455,10563.346153846154,0.346204473378555,0.38988095238095244
2026-03-13,North,Web,12948,815,516,55.55,21.67,9510.65,136272.28,22,90036.48,0.04263565891472868,6194.194545454546,0.33928983943029356,0.39009900990099017
2026-03-13,South,App,8539,629,385,39.36,15.350000000000001,7438.84,130957.76,16,87417.51,0.04155844155844156,8184.86,0.3324755249326195,0.389989837398374
2026-03-13,South,Marketplace,7219,503,315,32.730000000000004,12.760000000000002,5575.889999999999,95474.55,13,62539.16,0.04126984126984127,7344.196153846154,0.3449651242137302,0.3898564008554843
2026-03-13,South,Web,9707,700,436,45.7,17.83,8152.7,197744.04,19,131265.56,0.04357798165137615,10407.58105263158,0.3361844938537718,0.39015317286652074
2026-03-13,West,App,9790,645,416,44.79,17.47,8856.789999999999,159553.93,17,105478.65000000001,0.040865384615384616,9385.525294117646,0.3389153748829627,0.39004242018307655
2026-03-13,West,Marketplace,8035,536,329,34.0,13.260000000000002,5669.34,48257.21,13,34803.72,0.03951367781155015,3712.0930769230768,0.2787871491120187,0.39000000000000007
2026-03-13,West,Web,11659,788,471,50.3,19.62,9148.24,236213.52,20,155863.02000000002,0.04246284501061571,11810.676,0.3401604616027058,0.39005964214711736
2026-03-14,East,App,8036,559,357,38.269999999999996,14.93,6787.379999999999,95879.65,15,62791.17,0.04201680672268908,6391.9766666666665,0.3451043052409974,0.39012281160177686
2026-03-14,East,Marketplace,6381,431,279,29.17,11.379999999999999,4649.77,139423.82,11,90433.38,0.03942652329749104,12674.892727272729,0.3513778348635118,0.3901268426465546
2026-03-14,East,Web,9229,680,417,44.54,17.38,7547.53,199668.16,17,130052.04,0.0407673860911271,11745.185882352942,0.34865909517070726,0.3902110462505613
2026-03-14,North,App,12350,796,502,51.879999999999995,20.240000000000002,9427.86,162064.12,21,109294.52,0.04183266932270916,7717.339047619047,0.3256093946025807,0.39013107170393224
2026-03-14,North,Marketplace,9386,617,401,42.15,16.43,7726.21,91615.83,17,70309.72,0.04239401496259352,5389.166470588236,0.232559264048582,0.38979833926453145
2026-03-14,North,Web,13438,879,564,59.0,23.0,10376.05,165683.83,24,121949.68,0.0425531914893617,6903.492916666666,0.2639614861631337,0.3898305084745763
2026-03-14,South,App,10279,732,472,49.84,19.43,9260.619999999999,141498.21,20,92197.77,0.0423728813559322,7074.9105,0.34841741107537677,0.38984751203852325
2026-03-14,South,Marketplace,8529,595,371,37.93,14.79,6403.02,88717.7,16,58037.829999999994,0.0431266846361186,5544.85625,0.3458145330638644,0.3899288162404429
2026-03-14,South,Web,12050,805,516,52.88,20.62,10554.74,168853.64,21,108215.12,0.040697674418604654,8040.649523809525,0.35911882029904724,0.3899394856278366
2026-03-14,West,App,10710,782,473,48.86,19.05,8477.119999999999,283820.06,20,191388.43,0.042283298097251586,14191.003,0.32566982756609947,0.3898894801473598
2026-03-14,West,Marketplace,9342,629,407,43.03,16.78,7247.17,103035.26,17,67121.07,0.04176904176904177,6060.897647058823,0.348562133001848,0.3899604926795259
2026-03-14,West,Web,11420,829,526,56.08,21.88,10439.18,242631.03999999998,22,163104.85,0.04182509505703422,11028.683636363636,0.3277659362957022,0.39015691868758917
2026-03-15,East,App,7648,576,350,36.76,14.33,5986.52,100838.92,15,75744.94,0.04285714285714286,6722.594666666667,0.24885212971340823,0.38982589771490755
2026-03-15,East,Marketplace,6550,455,288,31.55,12.309999999999999,5263.49,84031.88,12,57112.509999999995,0.041666666666666664,7002.656666666667,0.3203471111202083,0.39017432646592703
2026-03-15,East,Web,9677,646,408,42.519999999999996,16.58,7131.5,159843.33000000002,17,103317.09999999999,0.041666666666666664,9402.548823529412,0.353635212679816,0.389934148635936
2026-03-15,North,App,10615,772,485,52.11,20.33,9433.43,132416.01,21,92504.67,0.04329896907216495,6305.524285714286,0.301408719383706,0.39013625023987714
2026-03-15,North,Marketplace,9247,652,414,43.86,17.1,7383.469999999999,106198.82,18,71172.86,0.043478260869565216,5899.934444444445,0.3298149640457399,0.38987688098495216
2026-03-15,North,Web,14022,902,571,61.28999999999999,23.9,9915.53,166874.78,25,112220.27,0.043782837127845885,6674.9912,0.3275180947055031,0.3899494207864252
2026-03-15,South,App,11753,764,464,48.230000000000004,18.810000000000002,9403.74,161511.67,19,107254.70999999999,0.040948275862068964,8500.614210526317,0.3359321341919133,0.39000622019489944
2026-03-15,South,Marketplace,8133,573,353,37.57,14.65,5712.74,185469.19,15,123137.59999999999,0.042492917847025496,12364.612666666666,0.33607517237768714,0.38993878094224116
2026-03-15,South,Web,11960,781,500,50.45,19.67,8580.710000000001,222033.38,21,148409.14,0.042,10573.018095238096,0.33159086259912807,0.38989098116947474
2026-03-15,West,App,9915,679,411,42.11,16.43,7507.62,140528.26,18,95216.86,0.043795620437956206,7807.125555555556,0.32243621318587457,0.3901686060318214
2026-03-15,West,Marketplace,8993,669,395,42.71,16.66,6888.83,120777.04000000001,17,77888.64,0.043037974683544304,7104.531764705883,0.35510391710212474,0.3900725825333645
2026-03-15,West,Web,13271,900,553,59.46,23.189999999999998,9343.34,222334.15,23,152518.67,0.04159132007233273,9666.702173913043,0.31401150025760766,0.39001009081735616
2026-03-16,East,App,7281,511,316,32.55,12.690000000000001,5696.49,109345.59999999999,14,73461.69,0.04430379746835443,7810.4,0.3281696748657467,0.38986175115207383
2026-03-16,East,Marketplace,5759,402,260,27.36,10.670000000000002,5135.860000000001,65587.66,11,43589.23,0.04230769230769231,5962.514545454545,0.33540501368702585,0.38998538011695916
2026-03-16,East,Web,6880,557,357,36.71,14.31,6572.1900000000005,113859.24,15,75484.39,0.04201680672268908,7590.616,0.3370376440243234,0.3898120403159902
2026-03-16,North,App,10986,779,466,48.84,19.05,8688.0,158933.33000000002,19,114722.2,0.0407725321888412,8364.912105263158,0.2781740620422413,0.39004914004914004
2026-03-16,North,Marketplace,9150,588,384,38.92,15.18,7156.8099999999995,146921.06,16,95744.28,0.041666666666666664,9182.56625,0.34832841527280023,0.39003083247687564
2026-03-16,North,Web,12695,848,520,54.14,21.119999999999997,9860.14,206421.68,22,132409.18,0.04230769230769231,9382.803636363637,0.358550032147786,0.3900997414111562
2026-03-16,South,App,9096,598,381,41.82,16.310000000000002,7314.76,54080.61,16,36000.11,0.04199475065616798,3380.038125,0.334325001141814,0.39000478240076525
2026-03-16,South,Marketplace,7878,476,326,35.09,13.690000000000001,6159.62,72702.07,14,47764.86,0.04294478527607362,5193.005,0.34300550176906935,0.39013964092333997
2026-03-16,South,Web,10488,766,448,45.84,17.88,8254.12,89428.2,18,58067.11,0.04017857142857143,4968.233333333334,0.3506845715333642,0.39005235602094235
2026-03-16,West,App,10569,729,445,46.14,18.0,8394.02,218865.46,19,144473.97,0.04269662921348315,11519.234736842105,0.33989597993214643,0.39011703511053314
2026-03-16,West,Marketplace,7926,524,343,36.45,14.219999999999999,5997.29,127170.84999999999,15,85248.15,0.043731778425655975,8478.056666666665,0.32965652112885935,0.3901234567901234
2026-03-16,West,Web,11335,771,481,49.650000000000006,19.36,9368.62,173119.09999999998,19,119566.86,0.0395010395010395,9111.531578947368,0.30933756009591074,0.3899295065458207
2026-03-17,East,App,6454,516,310,32.43,12.649999999999999,5118.45,70302.86,13,46781.32,0.041935483870967745,5407.912307692308,0.3345744397880826,0.39007092198581556
2026-03-17,East,Marketplace,6523,472,279,28.45,11.100000000000001,5197.549999999999,51084.99,12,33758.37,0.043010752688172046,4257.0824999999995,0.33917242618624366,0.390158172231986
2026-03-17,East,Web,8723,564,369,38.95,15.190000000000001,7182.23,137431.38,15,88531.45,0.04065040650406504,9162.092,0.355813424852461,0.389987163029525
2026-03-17,North,App,10902,741,462,48.760000000000005,19.02,8941.6,117064.6,19,76796.58,0.04112554112554113,6161.2947368421055,0.34398118645602516,0.39007383100902376
2026-03-17,North,Marketplace,8706,590,357,37.03,14.450000000000001,6309.74,41986.590000000004,15,34535.64,0.04201680672268908,2799.106,0.17746023194548555,0.39022414258709154
2026-03-17,North,Web,11778,865,520,53.03,20.689999999999998,9323.0,202046.77,22,132360.88,0.04230769230769231,9183.94409090909,0.3448997972103191,0.3901565151800867
2026-03-17,South,App,9393,626,405,42.64,16.630000000000003,7475.4,106974.91,17,70539.14,0.04197530864197531,6292.641764705882,0.340601081132015,0.39000938086303943
2026-03-17,South,Marketplace,7079,493,324,34.97,13.64,6302.91,61375.84,14,50128.73,0.043209876543209874,4383.988571428571,0.18324979340404945,0.3900486130969403
2026-03-17,South,Web,9853,679,431,44.93,17.53,7999.66,149252.09,17,98350.05,0.03944315545243619,8779.534705882354,0.3410474184984612,0.39016247496105055
2026-03-17,West,App,9266,612,388,40.88,15.95,7973.69,80658.6,16,54017.91,0.041237113402061855,5041.1625,0.3302895165549613,0.3901663405088062
2026-03-17,West,Marketplace,7698,535,329,33.879999999999995,13.21,6523.0,96648.18000000001,14,63436.92,0.0425531914893617,6903.441428571429,0.34363047498669924,0.3899055489964582
2026-03-17,West,Web,10891,786,492,51.2,19.97,9629.74,141194.4,20,94955.94,0.04065040650406504,7059.719999999999,0.32748083493396335,0.3900390625
2026-03-18,East,App,7229,508,317,33.980000000000004,13.260000000000002,5683.34,74278.4,13,48033.41,0.04100946372239748,5713.723076923076,0.353332731992073,0.3902295467922307
2026-03-18,East,Marketplace,6224,414,264,27.14,10.58,4994.120000000001,54537.24,11,41359.37,0.041666666666666664,4957.930909090909,0.2416306729126739,0.3898305084745763
2026-03-18,East,Web,8953,607,374,37.48,14.620000000000001,6801.35,177590.3,15,118257.85,0.040106951871657755,11839.353333333333,0.3340973577948795,0.3900747065101388
2026-03-18,North,App,11355,695,452,46.97,18.32,8358.119999999999,200397.11,19,132121.4,0.0420353982300885,10547.216315789474,0.3407020690068834,0.3900361933148819
2026-03-18,North,Marketplace,8462,573,351,36.69,14.31,6470.24,120820.33,15,79260.92,0.042735042735042736,8054.688666666667,0.3439769614931527,0.39002452984464436
2026-03-18,North,Web,11398,848,517,54.120000000000005,21.1,9197.77,111748.43000000001,22,103694.75,0.0425531914893617,5079.4740909090915,0.07206973735559423,0.38987435328898745
2026-03-18,South,App,8645,623,376,37.55,14.64,7030.030000000001,122165.54,15,79507.65000000001,0.0398936170212766,8144.369333333333,0.34918103746768514,0.3898801597869508
2026-03-18,South,Marketplace,7945,550,329,35.03,13.67,6186.09,163315.57,14,105005.9,0.0425531914893617,11665.397857142858,0.35703680916645003,0.3902369397659149
2026-03-18,South,Web,11266,724,448,47.55,18.55,8504.65,133372.26,19,90803.28,0.04241071428571429,7019.5926315789475,0.31917416710191465,0.3901156677181914
2026-03-18,West,App,9179,648,393,41.45,16.16,7740.9,88994.40000000001,16,61598.25,0.04071246819338423,5562.150000000001,0.3078412799007579,0.3898673100120627
2026-03-18,West,Marketplace,8576,581,367,38.980000000000004,15.2,6854.21,89972.62,16,62166.96,0.043596730245231606,5623.28875,0.3090457963767199,0.3899435608004104
2026-03-18,West,Web,11286,759,472,48.68,18.98,9119.0,173961.35,20,124289.56,0.0423728813559322,8698.067500000001,0.28553348200620426,0.38989317995069844
2026-03-19,East,App,7314,530,333,34.5,13.45,6175.65,111770.06999999999,14,85989.11,0.042042042042042045,7983.576428571428,0.2306606768699348,0.3898550724637681
2026-03-19,East,Marketplace,6583,432,272,28.57,11.14,5370.1,121465.9,11,80976.87,0.04044117647058824,11042.354545454546,0.33333659899609686,0.38991949597479875
2026-03-19,East,Web,8657,583,362,39.19,15.29,6393.71,102895.22,15,67061.84,0.04143646408839779,6859.681333333333,0.3482511626876351,0.3901505486093391
2026-03-19,North,App,11060,715,460,46.43,18.1,8391.26,145895.27,20,97946.92,0.043478260869565216,7294.763499999999,0.3286491056221356,0.38983415894895546
2026-03-19,North,Marketplace,9253,679,395,41.24,16.08,7704.3099999999995,153729.12,16,101725.70999999999,0.04050632911392405,9608.07,0.33827950098198706,0.3899127061105722
2026-03-19,North,Web,11488,753,488,52.49,20.47,9105.470000000001,142095.78,21,94491.15,0.0430327868852459,6766.465714285714,0.33501790130572495,0.3899790436273576
2026-03-19,South,App,8593,603,373,38.95,15.190000000000001,6338.26,82855.45999999999,15,55812.54,0.040214477211796246,5523.697333333333,0.3263866979919005,0.389987163029525
2026-03-19,South,Marketplace,7243,505,307,31.71,12.36,5858.48,91969.84,13,66738.11,0.04234527687296417,7074.6030769230765,0.2743478731723356,0.3897824030274361
2026-03-19,South,Web,10729,757,464,51.41,20.05,8685.46,160980.18,20,106183.38,0.04310344827586207,8049.009,0.34039469952139445,0.39000194514685865
2026-03-19,West,App,9176,674,423,45.86,17.88,7787.049999999999,166005.29,18,108088.28,0.0425531914893617,9222.516111111112,0.34888653247134477,0.3898822503270824
2026-03-19,West,Marketplace,8874,621,373,41.0,15.989999999999998,6853.780000000001,179435.59,15,119182.89,0.040214477211796246,11962.372666666666,0.3357901294832313,0.38999999999999996
2026-03-19,West,Web,10236,801,471,48.980000000000004,19.1,8160.389999999999,176335.4,20,119525.14,0.04246284501061571,8816.77,0.3221716115992591,0.38995508370763576
2026-03-20,East,App,8552,514,342,35.33,13.780000000000001,6477.610000000001,120872.58,14,81992.39,0.04093567251461988,8633.755714285715,0.3216626136382627,0.39003679592414386
2026-03-20,East,Marketplace,6504,484,292,31.009999999999998,12.09,5493.9,100651.82,12,66658.04,0.0410958904109589,8387.651666666667,0.3377363668138342,0.38987423411802646
2026-03-20,East,Web,9526,669,411,42.64,16.62,7778.120000000001,162351.49,17,107823.02,0.0413625304136253,9550.087647058823,0.33586676660620723,0.3897748592870544
2026-03-20,North,App,11276,821,478,51.8,20.200000000000003,8840.1,125768.6,20,81574.11,0.04184100418410042,6288.43,0.35139526082026834,0.38996138996139
2026-03-20,North,Marketplace,9081,591,371,38.67,15.08,6452.82,135233.0,15,90112.43,0.04043126684636118,9015.533333333333,0.33365058824399374,0.3899663822084303
2026-03-20,North,Web,13343,904,583,60.65,23.65,10787.5,194315.49,24,129634.95,0.0411663807890223,8096.478749999999,0.3328635303340974,0.3899422918384171
2026-03-20,South,App,9360,641,412,43.120000000000005,16.81,7675.76,97810.62,17,63798.98,0.0412621359223301,5753.565882352941,0.3477295205776223,0.3898423005565862
2026-03-20,South,Marketplace,8261,531,345,37.199999999999996,14.5,6486.5,94690.3,15,83676.32,0.043478260869565216,6312.6866666666665,0.11631582115591561,0.3897849462365592
2026-03-20,South,Web,9928,781,460,47.14,18.38,8399.29,129566.7,19,83614.8,0.041304347826086954,6819.3,0.3546582570984674,0.3899024183283835
2026-03-20,West,App,11823,757,478,51.96,20.259999999999998,9298.98,114396.92,20,76018.34,0.04184100418410042,5719.846,0.3354861302209885,0.38991531947652036
2026-03-20,West,Marketplace,9045,569,365,38.05,14.84,5875.969999999999,84070.86,15,56282.18,0.0410958904109589,5604.724,0.3305387859717386,0.39001314060446785
2026-03-20,West,Web,12052,793,521,53.58,20.9,9084.95,134793.46,22,92638.5,0.04222648752399232,6126.975454545454,0.3127374280621626,0.3900709219858156
2026-03-21,East,App,8076,648,395,40.28,15.709999999999999,7146.8099999999995,134032.38,17,89571.22,0.043037974683544304,7884.257647058824,0.33171954418775523,0.39001986097318764
2026-03-21,East,Marketplace,7397,485,311,33.019999999999996,12.879999999999999,5400.42,133733.03,13,88434.76999999999,0.04180064308681672,10287.156153846154,0.3387215559237685,0.39006662628709876
2026-03-21,East,Web,9981,660,432,46.26,18.04,7645.84,135602.0,18,91330.98999999999,0.041666666666666664,7533.444444444444,0.3264775593280336,0.3899697362732382
2026-03-21,North,App,11628,862,512,54.43,21.23,10143.72,149028.19,22,97899.57,0.04296875,6774.0086363636365,0.3430801917409048,0.3900422561087636
2026-03-21,North,Marketplace,10100,633,428,44.86,17.5,8273.189999999999,194363.77,18,128972.99,0.04205607476635514,10797.987222222222,0.33643502593101576,0.3901025412394115
2026-03-21,North,Web,15043,943,619,65.5,25.55,11150.1,243714.7,26,167677.72,0.0420032310177706,9373.642307692307,0.31199176742313867,0.3900763358778626
2026-03-21,South,App,10397,736,451,46.46,18.12,8677.779999999999,102690.52,19,68265.31,0.04212860310421286,5404.764210526316,0.3352325998543975,0.39001291433491175
2026-03-21,South,Marketplace,8503,620,379,39.43,15.379999999999999,7284.9,208086.23,16,136377.82,0.04221635883905013,13005.389375,0.3446091074839503,0.3900583312198833
2026-03-21,South,Web,13041,893,538,56.38,21.990000000000002,10303.26,166441.52,23,114346.72,0.04275092936802974,7236.587826086956,0.31299161411167115,0.39003192621496985
2026-03-21,West,App,10788,774,496,52.53,20.48,9153.849999999999,242551.37,21,165416.74,0.04233870967741935,11550.065238095238,0.31801358203006647,0.3898724538359033
2026-03-21,West,Marketplace,8958,658,400,42.16,16.45,7500.59,81720.66,16,65073.97,0.04,5107.54125,0.20370234405840582,0.390180265654649
2026-03-21,West,Web,14629,977,605,65.12,25.4,12306.1,203164.69,25,130665.93,0.04132231404958678,8126.5876,0.35684724545392216,0.39004914004914
2026-03-22,East,App,7359,569,370,38.739999999999995,15.11,6819.73,104918.83,15,80778.13,0.04054054054054054,6994.5886666666665,0.23008929855584548,0.39003613835828604
2026-03-22,East,Marketplace,6924,512,302,32.16,12.54,5914.780000000001,97051.62,12,68012.73999999999,0.039735099337748346,8087.634999999999,0.29921066747778147,0.38992537313432835
2026-03-22,East,Web,8905,692,415,44.43,17.330000000000002,7911.12,95883.93,18,63208.81,0.043373493975903614,5326.884999999999,0.3407778550587152,0.39005176682421794
2026-03-22,North,App,11595,816,501,52.41,20.439999999999998,8917.81,125668.61,22,83988.95,0.043912175648702596,5712.209545454545,0.3316632530589779,0.39000190803281815
2026-03-22,North,Marketplace,9840,685,421,43.260000000000005,16.88,7886.549999999999,81309.06,18,52818.05,0.04275534441805225,4517.17,0.3504038787313492,0.3901987979657882
2026-03-22,North,Web,13323,869,557,59.33,23.14,9954.52,209909.09,24,135728.51,0.04308797127468582,8746.212083333334,0.3533938430203284,0.3900219113433339
2026-03-22,South,App,9938,646,428,44.69,17.43,7431.68,64263.06,18,45927.13,0.04205607476635514,3570.17,0.2853261267048286,0.39002013873349745
2026-03-22,South,Marketplace,8283,573,357,38.93,15.18,6039.6,162784.01,15,104566.42,0.04201680672268908,10852.267333333333,0.3576370308115644,0.38993064474698175
2026-03-22,South,Web,11159,812,514,54.980000000000004,21.45,9187.48,111607.24,22,79691.45,0.042801556420233464,5073.056363636364,0.2859652294958643,0.3901418697708257
2026-03-22,West,App,10943,735,460,47.95,18.7,8193.41,229020.27,20,149053.59,0.043478260869565216,11451.0135,0.3491685692275186,0.38998957247132426
2026-03-22,West,Marketplace,8393,617,391,39.209999999999994,15.29,7247.599999999999,126343.73,16,83615.7,0.04092071611253197,7896.483125,0.33818876488766003,0.38995154297373125
2026-03-22,West,Web,12305,857,562,61.45,23.96,10194.4,263531.38,24,185844.53,0.042704626334519574,10980.474166666667,0.2947916487213022,0.38991049633848657
2026-03-23,East,App,6933,481,295,30.83,12.02,4991.17,104701.7,12,70117.82999999999,0.04067796610169491,8725.141666666666,0.3303085814270447,0.3898799870256244
2026-03-23,East,Marketplace,6066,442,279,29.15,11.370000000000001,5193.76,154821.96,12,100188.34,0.043010752688172046,12901.83,0.3528803019933348,0.39005145797598634
2026-03-23,East,Web,8253,605,374,37.69,14.69,7197.64,104438.33,16,68816.58,0.0427807486631016,6527.395625,0.34107927616230554,0.3897585566463253
2026-03-23,North,App,10181,657,431,46.629999999999995,18.19,8647.220000000001,76684.63,18,60919.1,0.04176334106728538,4260.2572222222225,0.20558917738795904,0.3900922153120309
2026-03-23,North,Marketplace,8424,595,376,39.45,15.379999999999999,7077.6900000000005,100565.82,16,65503.450000000004,0.0425531914893617,6285.36375,0.3486509631204717,0.3898605830164765
2026-03-23,North,Web,11483,769,500,54.0,21.05,9161.310000000001,260717.91999999998,21,172498.34,0.042,12415.139047619046,0.3383717544233246,0.38981481481481484
2026-03-23,South,App,9327,641,391,42.86,16.71,7364.88,116756.04000000001,16,85068.26000000001,0.04092071611253197,7297.2525000000005,0.2714016336970661,0.3898740083994401
2026-03-23,South,Marketplace,7652,504,324,34.86,13.6,5859.0,76929.18,14,51286.1,0.043209876543209874,5494.941428571428,0.3333335933127065,0.39013195639701664
2026-03-23,South,Web,10478,696,438,47.260000000000005,18.43,7664.139999999999,157348.67,18,116560.25,0.0410958904109589,8741.592777777778,0.25922316343697094,0.38997037663986456
2026-03-23,West,App,9581,659,418,43.27,16.88,8245.619999999999,121358.6,17,79500.90000000001,0.04066985645933014,7138.7411764705885,0.3449092194537511,0.39010862029119475
2026-03-23,West,Marketplace,7581,584,359,37.43,14.600000000000001,6307.41,95370.11,15,62560.0,0.04178272980501393,6358.007333333333,0.34402927709740505,0.3900614480363345
2026-03-23,West,Web,11695,826,497,52.41,20.45,9524.83,141882.88,21,95142.14,0.04225352112676056,6756.327619047619,0.32943185252512497,0.3901927113146346
2026-03-24,East,App,7961,505,318,34.12,13.309999999999999,5596.450000000001,65733.56,13,44193.07,0.040880503144654086,5056.427692307692,0.3276939511567607,0.39009378663540445
2026-03-24,East,Marketplace,5891,446,264,27.14,10.59,4942.1,93813.24,11,74070.32,0.041666666666666664,8528.476363636364,0.2104491860637155,0.39019896831245393
2026-03-24,East,Web,7843,643,371,38.86,15.16,7312.83,131923.30000000002,15,87741.95999999999,0.04043126684636118,8794.886666666667,0.3349017194081714,0.39011837364899643
2026-03-24,North,App,10339,727,453,47.019999999999996,18.34,8666.11,89727.98,19,60074.67,0.04194260485651214,4722.525263157894,0.3304800799037268,0.3900467886005955
2026-03-24,North,Marketplace,8532,604,367,37.66,14.69,6277.0,121094.92,16,84587.78,0.043596730245231606,7568.4325,0.3014754045834458,0.39006903876792354
2026-03-24,North,Web,12843,881,538,57.43000000000001,22.4,10407.599999999999,164736.56,22,116911.09,0.040892193308550186,7488.0254545454545,0.2903148517851775,0.39004004875500603
2026-03-24,South,App,9231,674,400,42.9,16.73,7643.67,79916.29,17,53105.59,0.0425,4700.958235294117,0.3354847929001709,0.38997668997669
2026-03-24,South,Marketplace,7245,566,338,35.67,13.91,5988.22,109504.83,14,71466.74,0.04142011834319527,7821.773571428572,0.34736449524646534,0.38996355480796185
2026-03-24,South,Web,10527,747,449,46.32,18.07,9423.76,129032.46,19,85938.19,0.042316258351893093,6791.1821052631585,0.3339800698211908,0.3901122625215889
2026-03-24,West,App,9915,700,421,45.879999999999995,17.89,8713.36,89456.24,17,93816.11,0.040380047505938245,5262.131764705882,-0.04873746090826079,0.3899302528334787
2026-03-24,West,Marketplace,9048,561,365,39.0,15.21,6711.02,131783.23,16,86569.59,0.043835616438356165,8236.451875,0.34309099875606336,0.39
2026-03-24,West,Web,11616,724,483,50.230000000000004,19.59,8562.86,194630.99,20,156710.0,0.041407867494824016,9731.5495,0.19483531373909158,0.39000597252637864
2026-03-25,East,App,7069,491,311,33.120000000000005,12.92,5495.59,120063.55,13,76967.22,0.04180064308681672,9235.657692307692,0.35894599151865825,0.3900966183574879
2026-03-25,East,Marketplace,6608,426,277,28.810000000000002,11.239999999999998,4831.45,46577.53,12,30681.47,0.04332129963898917,3881.460833333333,0.3412817296237048,0.3901423116973272
2026-03-25,East,Web,7781,567,343,34.660000000000004,13.52,6542.610000000001,136163.99,15,91665.14,0.043731778425655975,9077.599333333334,0.3268033640906086,0.3900750144258511
2026-03-25,North,App,10245,700,449,47.57,18.55,8756.710000000001,96203.09,19,67385.84,0.042316258351893093,5063.32052631579,0.2995459917139876,0.38995165019970573
2026-03-25,North,Marketplace,8754,593,366,37.870000000000005,14.77,6849.1,70795.18,15,50050.31,0.040983606557377046,4719.678666666666,0.2930265874032667,0.39001848428835484
2026-03-25,North,Web,12122,849,526,55.41,21.61,9915.34,169488.62,21,115962.98,0.039923954372623575,8070.886666666666,0.3158066895582724,0.3900018047283884
2026-03-25,South,App,8336,640,383,40.760000000000005,15.9,7333.07,86775.48,16,77688.38,0.04177545691906005,5423.4675,0.10471967426743121,0.3900883218842002
2026-03-25,South,Marketplace,7429,507,319,32.6,12.71,6381.45,57088.3,13,38414.63,0.04075235109717868,4391.407692307693,0.3271015251811668,0.38987730061349696
2026-03-25,South,Web,11269,750,467,48.24,18.810000000000002,8369.38,170497.0,19,113082.28,0.04068522483940043,8973.526315789473,0.33674915101145475,0.3899253731343284
2026-03-25,West,App,9026,631,410,43.64,17.02,7568.879999999999,109794.96,17,73069.59,0.041463414634146344,6458.52705882353,0.33449049027387057,0.3900091659028414
2026-03-25,West,Marketplace,8372,585,367,38.82,15.14,6550.9,129272.61,16,83080.67,0.043596730245231606,8079.538125,0.35732194159304126,0.39000515198351365
2026-03-25,West,Web,12293,820,515,54.97,21.439999999999998,9426.7,218457.83,21,151257.03999999998,0.040776699029126215,10402.753809523809,0.3076144718639749,0.3900309259596143
2026-03-26,East,App,7363,536,338,34.85,13.59,6514.0,158249.1,14,102649.5,0.04142011834319527,11303.507142857143,0.3513422825153508,0.38995695839311334
2026-03-26,East,Marketplace,6367,431,272,29.729999999999997,11.59,5135.030000000001,118899.37,11,77338.74,0.04044117647058824,10809.033636363636,0.34954457706546294,0.38984191052808614
2026-03-26,East,Web,8579,614,373,40.43,15.77,6865.610000000001,159572.6,16,104300.31999999999,0.04289544235924933,9973.2875,0.34637700958685896,0.3900568884491714
2026-03-26,North,App,10283,686,434,46.980000000000004,18.330000000000002,7828.050000000001,123685.98000000001,18,85763.74,0.041474654377880185,6871.443333333334,0.3066009583301196,0.3901660280970626
2026-03-26,North,Marketplace,9343,658,385,41.43,16.16,6565.21,104962.03,16,73545.27,0.04155844155844156,6560.126875,0.29931547627270544,0.3900555153270577
2026-03-26,North,Web,12326,854,542,56.55,22.049999999999997,9989.8,288889.08,22,184409.63,0.04059040590405904,13131.32181818182,0.3616593953637846,0.389920424403183
2026-03-26,South,App,8491,621,385,39.79,15.52,7602.67,144707.62,15,95984.87,0.03896103896103896,9647.174666666666,0.3366978877822744,0.3900477506911284
2026-03-26,South,Marketplace,8076,550,331,35.24,13.739999999999998,5921.57,117341.83,14,75018.68000000001,0.04229607250755287,8381.559285714286,0.3606825460281299,0.3898978433598183
2026-03-26,South,Web,10402,735,465,50.02,19.5,8784.1,106115.37,19,76505.19,0.04086021505376344,5585.01947368421,0.27903761726505777,0.38984406237505
2026-03-26,West,App,8893,634,402,42.269999999999996,16.48,7292.5,122800.91,17,79541.64,0.04228855721393035,7223.582941176471,0.35227157518620994,0.38987461556659575
2026-03-26,West,Marketplace,7657,529,340,35.019999999999996,13.66,6071.79,59212.15,14,39731.61,0.041176470588235294,4229.439285714286,0.32899565376362794,0.3900628212450029
2026-03-26,West,Web,10010,745,466,48.9,19.07,9110.5,163522.38,20,109303.74,0.04291845493562232,8176.119000000001,0.33156709191732653,0.3899795501022495
2026-03-27,East,App,7467,512,314,32.88,12.83,5356.33,55418.26,13,36652.74,0.041401273885350316,4262.943076923077,0.33861618896010093,0.3902068126520681
2026-03-27,East,Marketplace,6146,431,262,27.9,10.879999999999999,4511.02,114546.77,11,76156.14,0.04198473282442748,10413.342727272728,0.3351524447175595,0.38996415770609316
2026-03-27,East,Web,8566,611,376,41.019999999999996,16.0,6884.48,108239.48,16,73441.74,0.0425531914893617,6764.9675,0.3214884254802406,0.3900536323744515
2026-03-27,North,App,10400,721,451,47.79,18.64,8647.2,137133.44,19,90774.55,0.04212860310421286,7217.549473684211,0.33805678614931556,0.3900397572713957
2026-03-27,North,Marketplace,8767,590,359,37.620000000000005,14.67,6904.3099999999995,126929.45999999999,15,86411.67,0.04178272980501393,8461.964,0.319215019113766,0.3899521531100478
2026-03-27,North,Web,13117,861,527,56.599999999999994,22.07,9846.4,181711.89,23,119262.97,0.04364326375711575,7900.516956521739,0.3436699711835038,0.38992932862190816
2026-03-27,South,App,8908,586,393,42.14,16.43,7420.43,130160.08,16,87384.97,0.04071246819338423,8135.005,0.3286346320623036,0.389890840056953
2026-03-27,South,Marketplace,7367,495,319,32.260000000000005,12.58,5850.67,80578.26000000001,14,54302.579999999994,0.0438871473354232,5755.590000000001,0.32608894756476514,0.3899566026038437
2026-03-27,South,Web,10952,674,439,43.879999999999995,17.11,8619.529999999999,281224.92,19,183120.28,0.04328018223234624,14801.311578947367,0.3488476056816017,0.38992707383773934
2026-03-27,West,App,9355,655,417,44.19,17.240000000000002,7707.77,163806.5,18,108730.42,0.04316546762589928,9100.361111111111,0.3362264623198713,0.39013351436976695
2026-03-27,West,Marketplace,8680,576,348,36.38,14.190000000000001,6150.379999999999,104031.57,14,67860.42,0.040229885057471264,7430.8264285714295,0.3476939740503773,0.39004947773501925
2026-03-27,West,Web,11045,802,481,50.95,19.88,8159.03,243180.97,19,157175.35,0.0395010395010395,12798.99842105263,0.3536692036387551,0.39018645731108925
2026-03-28,East,App,8392,648,372,39.17,15.28,7212.12,115916.27,16,76795.19,0.043010752688172046,7244.766875,0.3374942965297279,0.3900944600459535
2026-03-28,East,Marketplace,6577,462,286,30.29,11.809999999999999,5531.860000000001,147513.2,12,100356.93,0.04195804195804196,12292.766666666668,0.3196749172277465,0.38989765599207654
2026-03-28,East,Web,9374,692,419,44.43,17.330000000000002,7701.89,130418.15,18,86571.13,0.04295942720763723,7245.452777777778,0.33620335819822617,0.39005176682421794
2026-03-28,North,App,13028,845,533,54.04,21.07,10808.91,200448.53,22,135184.73,0.04127579737335835,9111.296818181818,0.3255888182367812,0.3898963730569948
2026-03-28,North,Marketplace,9596,634,408,42.05,16.4,7746.24,150961.47,17,140391.89,0.041666666666666664,8880.086470588236,0.07001508398136284,0.39001189060642094
2026-03-28,North,Web,14907,922,585,60.45,23.57,11635.779999999999,346392.57,24,228390.38,0.041025641025641026,14433.02375,0.3406602803287611,0.3899090157154673
2026-03-28,South,App,9785,667,412,42.84,16.71,7299.88,141599.63,17,101764.63,0.0412621359223301,8329.39,0.28132135656004187,0.3900560224089636
2026-03-28,South,Marketplace,9036,578,369,38.17,14.88,6817.860000000001,95680.18000000001,15,61868.229999999996,0.04065040650406504,6378.678666666668,0.3533851002370607,0.3898349489127587
2026-03-28,South,Web,11461,824,507,53.55,20.88,9973.64,232582.9,22,151283.56,0.04339250493096647,10571.949999999999,0.34954994541731144,0.3899159663865546
2026-03-28,West,App,10480,757,476,51.7,20.16,9047.36,133210.45,19,97702.56,0.03991596638655462,7011.076315789474,0.2665548386031277,0.3899419729206963
2026-03-28,West,Marketplace,8034,610,365,38.95,15.190000000000001,6938.05,155558.61,15,102622.13,0.0410958904109589,10370.573999999999,0.3402992608380853,0.389987163029525
2026-03-28,West,Web,13703,883,534,56.38,21.98,10077.76,161684.91,23,109188.72,0.04307116104868914,7029.778695652174,0.32468206216646933,0.3898545583540262
2026-03-29,East,App,7588,616,361,38.349999999999994,14.96,6614.450000000001,167459.09,15,110294.41,0.04155124653739612,11163.939333333334,0.34136504623308295,0.3900912646675359
2026-03-29,East,Marketplace,6564,486,300,30.97,12.08,6138.74,80069.07,12,53259.22,0.04,6672.422500000001,0.334834037662733,0.390054891830804
2026-03-29,East,Web,9684,688,412,43.93,17.14,7479.52,86506.73,17,57794.9,0.0412621359223301,5088.631176470588,0.33190284732760095,0.39016617345777377
2026-03-29,North,App,11867,824,503,53.36,20.810000000000002,9651.41,121983.23999999999,21,80573.58,0.041749502982107355,5808.725714285714,0.33947007802055423,0.389992503748126
2026-03-29,North,Marketplace,9298,681,409,42.81,16.689999999999998,8179.120000000001,79451.48,17,53050.91,0.04156479217603912,4673.616470588235,0.33228544012018396,0.38986218173323983
2026-03-29,North,Web,13874,878,564,59.36,23.15,10262.54,260902.95,24,172635.38,0.0425531914893617,10870.956250000001,0.3383157223787619,0.3899932614555256
2026-03-29,South,App,9765,693,431,45.27,17.66,8176.860000000001,111393.12,19,74334.14,0.04408352668213457,5862.795789473684,0.3326864352125158,0.39010382151535233
2026-03-29,South,Marketplace,8306,584,362,38.18,14.89,6198.07,114846.82,15,77801.69,0.04143646408839779,7656.454666666667,0.3225612167581131,0.38999476165531693
2026-03-29,South,Web,12558,845,492,50.959999999999994,19.88,9245.76,95606.97,21,63798.54,0.042682926829268296,4552.7128571428575,0.33269990671182237,0.3901098901098901
2026-03-29,West,App,10676,765,472,48.26,18.83,8187.38,142816.2,20,94852.73,0.0423728813559322,7140.81,0.3358405418993084,0.39017820140903436
2026-03-29,West,Marketplace,9900,677,419,45.14,17.6,8111.450000000001,152825.59,18,108169.44,0.04295942720763723,8490.310555555556,0.2922033541633963,0.38989809481612764
2026-03-29,West,Web,12312,840,550,58.0,22.619999999999997,10349.240000000002,123591.19,23,91934.83,0.04181818181818182,5373.53,0.25613767453812847,0.38999999999999996
2026-03-30,East,App,7737,516,326,33.34,13.0,5704.549999999999,206451.25,14,136088.76,0.04294478527607362,14746.517857142857,0.3408189100332403,0.3899220155968806
2026-03-30,East,Marketplace,6222,447,276,30.97,12.07,5145.53,153025.23,12,103183.45,0.043478260869565216,12752.1025,0.3257095578291241,0.3897319987084275
2026-03-30,East,Web,9712,614,378,39.620000000000005,15.450000000000001,6561.879999999999,140587.77,16,97373.34,0.042328042328042326,8786.735625,0.30738399222066043,0.3899545683997981
2026-03-30,North,App,10221,704,429,45.57,17.77,8235.36,65608.68,18,50574.79,0.04195804195804196,3644.9266666666663,0.2291448326654338,0.38994952819837614
2026-03-30,North,Marketplace,8730,609,392,41.59,16.22,7236.9,102565.3,16,68712.5,0.04081632653061224,6410.33125,0.3300609465384492,0.3899975955758595
2026-03-30,North,Web,12740,924,562,58.55,22.84,9729.86,217371.54,24,145567.63,0.042704626334519574,9057.147500000001,0.3303280181020938,0.3900939368061486
2026-03-30,South,App,8155,578,364,38.19,14.89,7026.719999999999,79250.96,15,53216.590000000004,0.04120879120879121,5283.397333333333,0.32850542125925036,0.3898926420528935
2026-03-30,South,Marketplace,7330,519,335,35.120000000000005,13.690000000000001,6423.639999999999,66890.06,14,43132.229999999996,0.041791044776119404,4777.861428571428,0.35517728643089874,0.38980637813211844
2026-03-30,South,Web,11228,791,477,50.71,19.78,8478.349999999999,161923.43,20,132976.47,0.041928721174004195,8096.1714999999995,0.17876943441724272,0.3900611319266417
2026-03-30,West,App,9934,745,439,44.93,17.52,8653.349999999999,235518.95,18,157000.24,0.04100227790432802,13084.386111111111,0.33338595471829346,0.38993990652125526
2026-03-30,West,Marketplace,7588,543,348,37.39,14.580000000000002,6538.360000000001,134933.14,15,90486.19,0.04310344827586207,8995.542666666668,0.32939980497007637,0.38994383525006693
2026-03-30,West,Web,10446,750,472,50.05,19.52,9209.84,159513.07,21,106694.16,0.04449152542372881,7595.860476190476,0.33112590711218837,0.39000999000999004
2026-03-31,East,App,6703,474,309,32.14,12.53,5770.1,141152.9,13,92657.97,0.042071197411003236,10857.915384615384,0.34356311489172375,0.38985687616677034
2026-03-31,East,Marketplace,5848,385,248,26.32,10.26,4691.54,37077.9,10,23906.33,0.04032258064516129,3707.79,0.3552404532079756,0.38981762917933127
2026-03-31,East,Web,8667,576,374,38.57,15.040000000000001,7553.45,90075.44,16,59497.87,0.0427807486631016,5629.715,0.3394662296403992,0.3899403681617838
2026-03-31,North,App,11133,783,464,49.31,19.23,8555.67,184765.26,19,123017.71,0.040948275862068964,9724.487368421052,0.3341945883116772,0.38998174812411274
2026-03-31,North,Marketplace,9121,588,373,40.17,15.67,6807.42,111367.99,15,75154.22,0.040214477211796246,7424.532666666667,0.3251721612287337,0.39009210853871046
2026-03-31,North,Web,12216,819,512,55.0,21.45,10089.779999999999,144629.63,21,98524.09,0.041015625,6887.125238095238,0.3187835023846774,0.39
2026-03-31,South,App,9026,612,388,40.9,15.95,6806.65,85072.26,16,65140.51,0.041237113402061855,5317.01625,0.23429200070622308,0.3899755501222494
2026-03-31,South,Marketplace,7469,529,347,37.18,14.5,6547.12,129850.83,14,87305.15,0.040345821325648415,9275.059285714286,0.32765042780242537,0.38999462076385155
2026-03-31,South,Web,9283,690,434,44.19,17.240000000000002,8537.52,171146.61000000002,18,139996.53,0.041474654377880185,9508.145,0.1820081624754356,0.39013351436976695
2026-03-31,West,App,9559,684,421,45.09,17.58,8386.83,132780.75,18,89147.69,0.04275534441805225,7376.708333333333,0.3286098323740452,0.3898868928809048
2026-03-31,West,Marketplace,7961,588,336,34.72,13.54,6437.43,140185.1,14,92719.22,0.041666666666666664,10013.221428571429,0.3385943299252203,0.3899769585253456
2026-03-31,West,Web,11479,788,502,52.769999999999996,20.58,9616.26,126176.20999999999,21,81898.11,0.04183266932270916,6008.390952380952,0.35092272941151104,0.3899943149516771
2026-04-01,East,App,7298,481,305,32.620000000000005,12.719999999999999,5833.96,77456.37,13,50824.37,0.04262295081967213,5958.182307692307,0.3438322761575322,0.3899448191293684
2026-04-01,East,Marketplace,6052,431,276,28.78,11.219999999999999,4906.950000000001,65389.619999999995,11,41971.17,0.03985507246376811,5944.510909090909,0.3581371171754783,0.38985406532314104
2026-04-01,East,Web,8440,600,360,38.29,14.93,6273.96,101031.47,15,64887.42,0.041666666666666664,6735.431333333333,0.35775041182712675,0.38991903891355445
2026-04-01,North,App,11195,796,491,51.0,19.89,9302.19,204585.35,21,133408.37,0.04276985743380855,9742.159523809523,0.3479084890487027,0.39
2026-04-01,North,Marketplace,8302,619,379,41.2,16.07,7140.09,134445.13,16,89745.66,0.04221635883905013,8402.820625,0.3324737013531096,0.39004854368932035
2026-04-01,North,Web,11500,807,517,54.769999999999996,21.36,10920.5,208522.37,22,139278.07,0.0425531914893617,9478.289545454545,0.3320713264480928,0.38999452254884065
2026-04-01,South,App,8462,674,398,40.66,15.86,7303.43,246781.26,17,164547.16,0.04271356783919598,14516.544705882354,0.3332266801782275,0.3900639449090015
2026-04-01,South,Marketplace,8060,567,336,36.7,14.31,6212.8,149820.58000000002,14,97921.90000000001,0.041666666666666664,10701.470000000001,0.34640554722188366,0.3899182561307902
2026-04-01,South,Web,9852,678,457,49.0,19.119999999999997,8256.1,103892.94,19,71336.69,0.04157549234135667,5468.049473684211,0.31336344895042917,0.390204081632653
2026-04-01,West,App,10192,673,419,42.459999999999994,16.57,7865.4,115860.79,18,86566.32,0.04295942720763723,6436.710555555555,0.25284196663944714,0.3902496467263307
2026-04-01,West,Marketplace,7037,547,351,37.47,14.620000000000001,6356.57,60153.479999999996,15,39846.45,0.042735042735042736,4010.2319999999995,0.33758695257531235,0.39017880971443825
2026-04-01,West,Web,10657,834,491,50.81,19.810000000000002,8867.59,135302.44,21,87310.2,0.04276985743380855,6442.973333333333,0.35470343328619947,0.38988388112576267
2026-04-02,East,App,7393,500,308,32.76,12.780000000000001,5660.52,106989.98,13,92055.25,0.04220779220779221,8229.998461538462,0.13958998777268672,0.39010989010989017
2026-04-02,East,Marketplace,6750,465,283,29.55,11.52,5296.1900000000005,182100.35,12,124297.33,0.04240282685512368,15175.029166666667,0.31742399177156994,0.3898477157360406
2026-04-02,East,Web,8462,621,390,41.33,16.119999999999997,7562.62,97826.29000000001,16,74014.99,0.041025641025641026,6114.1431250000005,0.24340389480169392,0.39003145414952817
2026-04-02,North,App,10474,790,483,50.0,19.5,9214.72,168740.35,20,114994.82,0.041407867494824016,8437.0175,0.3185102436968988,0.39
2026-04-02,North,Marketplace,10278,659,402,43.16,16.83,7627.29,187614.18,17,122346.13,0.04228855721393035,11036.128235294118,0.3478844189708901,0.3899443929564411
2026-04-02,North,Web,11903,867,526,57.78,22.53,9655.16,133677.94,22,89373.69,0.04182509505703422,6076.27,0.3314252897673318,0.3899273104880582
2026-04-02,South,App,9114,634,393,41.04,16.0,7398.280000000001,179101.87,17,124959.47,0.043256997455470736,10535.404117647058,0.30229946789500295,0.38986354775828463
2026-04-02,South,Marketplace,7041,486,312,31.950000000000003,12.46,5641.29,106283.09,13,69070.52,0.041666666666666664,8175.622307692307,0.3501269110636508,0.38998435054773084
2026-04-02,South,Web,10033,738,441,47.51,18.53,8178.26,106833.81999999999,18,111452.99,0.04081632653061224,5935.2122222222215,-0.043236963725531985,0.3900231530204168
2026-04-02,West,App,9061,642,407,41.45,16.17,7643.789999999999,150572.39,17,100830.58,0.04176904176904177,8857.199411764706,0.3303514674901554,0.39010856453558507
2026-04-02,West,Marketplace,8683,591,372,38.22,14.91,6696.87,99918.0,15,65577.81,0.04032258064516129,6661.2,0.3436837206509338,0.3901098901098901
2026-04-02,West,Web,10207,788,486,50.769999999999996,19.8,9161.36,162466.19,21,106294.08,0.043209876543209874,7736.485238095238,0.34574645961722866,0.38999409099862126
2026-04-03,East,App,7367,500,307,33.46,13.05,5629.8099999999995,65618.06,13,43300.15,0.04234527687296417,5047.543076923077,0.34011840642652336,0.3900179318589361
2026-04-03,East,Marketplace,6440,405,274,27.86,10.86,4988.65,72090.38,12,47322.31,0.043795620437956206,6007.531666666667,0.3435696968166905,0.3898061737257717
2026-04-03,East,Web,8171,581,357,37.56,14.65,6514.29,140435.1,15,96575.45999999999,0.04201680672268908,9362.34,0.3123125201605582,0.39004259850905215
2026-04-03,North,App,10712,723,457,47.17,18.4,7765.349999999999,128478.78,19,91809.58,0.04157549234135667,6762.041052631579,0.2854105557353518,0.39007843968624123
2026-04-03,North,Marketplace,9318,597,388,39.72,15.49,7326.33,98301.78,16,62359.81,0.041237113402061855,6143.86125,0.36562888281371914,0.3899798590130917
2026-04-03,North,Web,13808,861,542,57.15,22.29,9535.810000000001,247743.47999999998,23,164651.97,0.042435424354243544,10771.455652173912,0.3353933270009769,0.3900262467191601
2026-04-03,South,App,8963,655,397,42.59,16.61,7572.93,154484.22999999998,16,101994.54999999999,0.04030226700251889,9655.264374999999,0.3397737102356661,0.3899976520309931
2026-04-03,South,Marketplace,8005,545,345,36.64,14.29,6949.77,138651.22,15,96128.82,0.043478260869565216,9243.414666666667,0.306686086137576,0.39001091703056767
2026-04-03,South,Web,9820,717,447,48.28,18.83,8351.51,213812.63,19,141242.51,0.042505592841163314,11253.296315789474,0.3394098842523942,0.39001657000828494
2026-04-03,West,App,10427,686,441,48.05,18.74,7799.549999999999,94596.17,18,68506.33,0.04081632653061224,5255.342777777778,0.27580228670991647,0.39001040582726326
2026-04-03,West,Marketplace,8264,577,357,37.07,14.46,6914.76,95962.78,15,63252.3,0.04201680672268908,6397.518666666667,0.34086632338079403,0.3900728351766928
2026-04-03,West,Web,12329,828,490,50.99,19.88,9059.38,147641.78,20,96547.7,0.04081632653061224,7382.089,0.34606789487365974,0.389880368699745
2026-04-04,East,App,7686,555,355,36.96,14.41,6396.959999999999,44600.83,15,37986.96,0.04225352112676056,2973.3886666666667,0.148290289665013,0.3898809523809524
2026-04-04,East,Marketplace,6526,517,314,33.07,12.9,5803.66,133368.45,13,86712.54,0.041401273885350316,10259.111538461539,0.34982718926402767,0.39008164499546416
2026-04-04,East,Web,9262,662,421,44.79,17.47,7249.88,199083.66,17,127771.55,0.040380047505938245,11710.803529411765,0.35820172283350626,0.39004242018307655
2026-04-04,North,App,11202,814,514,52.739999999999995,20.57,8855.85,141864.38,21,94554.48,0.04085603112840467,6755.446666666667,0.3334868132507963,0.39002654531664777
2026-04-04,North,Marketplace,9776,669,428,43.45,16.95,8061.85,168020.86000000002,18,131984.78,0.04205607476635514,9334.492222222223,0.21447384568797,0.39010356731875717
2026-04-04,North,Web,13562,883,569,58.5,22.810000000000002,10373.41,203004.66999999998,24,134695.63,0.0421792618629174,8458.527916666666,0.3364899930627211,0.38991452991452996
2026-04-04,South,App,9602,659,422,44.41,17.32,7656.66,112809.41,18,78194.76000000001,0.04265402843601896,6267.189444444444,0.3068418671811154,0.3900022517451025
2026-04-04,South,Marketplace,8552,593,347,35.72,13.93,6195.17,93426.05,15,62826.590000000004,0.043227665706051875,6228.403333333334,0.3275259951587378,0.38997760358342665
2026-04-04,South,Web,11650,883,524,54.879999999999995,21.4,9558.4,130097.03,22,86781.39,0.04198473282442748,5913.501363636364,0.33294872296469796,0.38994169096209913
2026-04-04,West,App,12748,828,514,54.81,21.380000000000003,9873.310000000001,235296.46,22,163665.49,0.042801556420233464,10695.293636363636,0.3044285919133675,0.3900748038679073
2026-04-04,West,Marketplace,9362,659,419,44.57,17.38,7562.1,202228.36000000002,18,135793.72,0.04295942720763723,11234.90888888889,0.3285129741446749,0.38994839578191604
2026-04-04,West,Web,12154,821,542,57.04,22.240000000000002,10568.880000000001,214962.55000000002,23,143920.22,0.042435424354243544,9346.197826086956,0.3304870080858271,0.3899018232819075
2026-04-05,East,App,8662,602,371,39.26,15.31,6910.89,93937.71,16,65783.4,0.0431266846361186,5871.106875,0.29971254355678895,0.38996434029546617
2026-04-05,East,Marketplace,7688,564,338,35.61,13.89,6127.95,114620.48,14,73963.33,0.04142011834319527,8187.177142857143,0.3547110429130989,0.3900589721988206
2026-04-05,East,Web,9522,736,438,45.32,17.67,7570.62,148606.87,19,111160.12,0.04337899543378995,7821.414210526315,0.2519853220783131,0.3898940864960283
2026-04-05,North,App,12579,903,540,57.64,22.479999999999997,9825.900000000001,135601.88,22,90675.47,0.040740740740740744,6163.721818181818,0.33131111456566825,0.3900069396252602
2026-04-05,North,Marketplace,10600,760,468,49.09,19.14,8424.45,204806.04,20,135153.31,0.042735042735042736,10240.302,0.3400911906699627,0.38989610918720713
2026-04-05,North,Web,14533,961,641,67.67,26.4,11119.17,217967.03,27,143118.12,0.0421216848673947,8072.852962962963,0.3433955584934107,0.39012856509531546
2026-04-05,South,App,11357,812,483,51.74,20.19,8243.789999999999,188060.28,20,122676.99,0.041407867494824016,9403.014,0.3476719804947647,0.3902203324313877
2026-04-05,South,Marketplace,8764,607,384,41.05,16.0,7496.71,145438.69,16,100194.75,0.041666666666666664,9089.918125,0.3110859978180497,0.389768574908648
2026-04-05,South,Web,13050,862,557,58.42,22.78,9976.119999999999,164890.02,23,107903.47,0.04129263913824058,7169.131304347826,0.3456033906721583,0.38993495378295107
2026-04-05,West,App,13585,922,551,59.379999999999995,23.16,10557.28,187399.79,23,126621.3,0.041742286751361164,8147.8169565217395,0.3243252833954617,0.3900303132367801
2026-04-05,West,Marketplace,10367,710,445,46.71,18.22,7718.210000000001,109043.18000000001,19,71271.15,0.04269662921348315,5739.114736842105,0.34639516198995673,0.39006636694497965
2026-04-05,West,Web,15169,1064,643,64.96000000000001,25.33,11214.43,253612.73,27,163800.38,0.041990668740279936,9393.064074074075,0.35413186869602326,0.38993226600985215
2026-04-06,East,App,7964,574,343,36.8,14.350000000000001,7136.959999999999,173909.9,14,114665.16,0.04081632653061224,12422.135714285714,0.34066341249118076,0.38994565217391314
2026-04-06,East,Marketplace,7019,498,305,31.93,12.45,5269.96,129480.06,13,84654.12999999999,0.04262295081967213,9960.004615384616,0.3461994843066956,0.3899154400250548
2026-04-06,East,Web,9077,645,407,43.08,16.81,7650.23,105638.47,17,68904.52,0.04176904176904177,6214.027647058823,0.3477326962421928,0.39020427112349115
2026-04-06,North,App,11169,759,476,48.31,18.84,8336.93,141833.13,19,94832.72,0.03991596638655462,7464.901578947369,0.33137821889709407,0.3899813703167046
2026-04-06,North,Marketplace,9098,624,398,42.19,16.46,6700.950000000001,124318.6,17,82579.34,0.04271356783919598,7312.858823529412,0.3357442892696669,0.39013984356482584
2026-04-06,North,Web,13550,920,569,58.91,22.98,11335.4,211714.64,23,140196.22,0.040421792618629174,9204.984347826088,0.33780573700524447,0.39008657273807507
2026-04-06,South,App,9814,674,426,44.71,17.43,8271.21,112680.35,18,86034.2,0.04225352112676056,6260.019444444445,0.23647557005280875,0.38984567210914783
2026-04-06,South,Marketplace,8362,562,346,35.16,13.71,6110.16,109795.06999999999,14,71291.0,0.04046242774566474,7842.504999999999,0.3506903360961471,0.38993174061433455
2026-04-06,South,Web,10859,738,479,50.739999999999995,19.79,8758.529999999999,216792.16,20,149768.88,0.04175365344467641,10839.608,0.309159150404701,0.3900275916436737
2026-04-06,West,App,10576,733,453,46.69,18.21,7637.9,170601.45,19,120613.18,0.04194260485651214,8979.023684210528,0.29301198788169747,0.39001927607624765
2026-04-06,West,Marketplace,8743,615,381,41.07,16.02,7438.72,109345.84999999999,16,71863.61,0.04199475065616798,6834.115624999999,0.3427861231130399,0.39006574141709277
2026-04-06,West,Web,12774,812,531,55.28,21.57,9779.74,246080.18,22,163803.37,0.04143126177024482,11185.462727272727,0.3343496010121579,0.39019536903039076
2026-04-07,East,App,7619,498,332,35.08,13.690000000000001,6183.57,138346.79,14,90349.87,0.04216867469879518,9881.913571428571,0.34693193821121554,0.39025085518814145
2026-04-07,East,Marketplace,6986,473,286,29.76,11.600000000000001,5211.21,115488.66,12,78175.55,0.04195804195804196,9624.055,0.32308895089786305,0.3897849462365592
2026-04-07,East,Web,7729,605,376,39.52,15.41,6872.62,134282.27,16,86750.32,0.0425531914893617,8392.641875,0.35397040875165414,0.3899291497975708
2026-04-07,North,App,9857,708,435,46.04,17.95,7738.38,100291.06,18,65391.8,0.041379310344827586,5571.725555555556,0.3479797700812016,0.3898783666377063
2026-04-07,North,Marketplace,9541,612,376,39.42,15.379999999999999,7458.98,78568.52,15,52362.22,0.0398936170212766,5237.901333333333,0.333547074578979,0.39015728056823945
2026-04-07,North,Web,12884,861,519,53.31,20.79,9905.59,177916.63,21,113872.08,0.04046242774566474,8472.220476190476,0.3599694418672386,0.3899831176139561
2026-04-07,South,App,9224,612,378,39.7,15.48,6385.67,101900.61,16,66639.86,0.042328042328042326,6368.788125,0.3460308039372875,0.38992443324937026
2026-04-07,South,Marketplace,8472,588,350,36.8,14.350000000000001,6897.45,46447.4,15,31230.62,0.04285714285714286,3096.4933333333333,0.3276131710278724,0.38994565217391314
2026-04-07,South,Web,10226,714,438,46.89,18.29,8913.43,92649.34,19,71141.1,0.04337899543378995,4876.281052631579,0.2321467157780076,0.3900618468756664
2026-04-07,West,App,9617,679,416,43.78,17.07,7327.450000000001,143312.67,17,108286.67,0.040865384615384616,8430.15705882353,0.24440267563223833,0.38990406578346276
2026-04-07,West,Marketplace,7447,533,340,36.31,14.16,5506.139999999999,151339.32,15,99249.75,0.04411764705882353,10089.288,0.3441905910506272,0.3899752134398237
2026-04-07,West,Web,11472,833,500,51.4,20.05,9606.88,99424.51000000001,21,77516.85,0.042,4734.500476190477,0.22034466149242277,0.39007782101167315
2026-04-08,East,App,7602,478,311,32.230000000000004,12.57,5645.6900000000005,82538.72,13,53947.98,0.04180064308681672,6349.132307692308,0.3463918510003547,0.39000930809804524
2026-04-08,East,Marketplace,5843,417,257,26.88,10.48,4872.66,46021.56,11,30570.39,0.042801556420233464,4183.778181818182,0.3357376412272856,0.3898809523809524
2026-04-08,East,Web,8264,571,367,39.95,15.579999999999998,6225.8099999999995,127318.55,15,84482.88,0.04087193460490463,8487.903333333334,0.3364448464108333,0.3899874843554442
2026-04-08,North,App,9376,669,421,43.86,17.11,7421.98,117630.28,18,77687.64,0.04275534441805225,6535.015555555556,0.33956086817101855,0.3901048791609667
2026-04-08,North,Marketplace,8817,627,383,39.129999999999995,15.26,7441.68,189900.64,16,122485.0,0.04177545691906005,11868.79,0.3550048067241901,0.3899821109123435
2026-04-08,North,Web,11369,788,488,51.55,20.1,9471.57,156639.74,20,110436.17,0.040983606557377046,7831.986999999999,0.29496710094130646,0.3899127061105723
2026-04-08,South,App,9210,636,396,40.67,15.86,7218.570000000001,91989.36,17,63004.4,0.04292929292929293,5411.138823529412,0.31509035392788903,0.3899680354069338
2026-04-08,South,Marketplace,7129,499,319,34.31,13.379999999999999,6070.91,137718.32,13,90923.0,0.04075235109717868,10593.716923076923,0.3397900874771055,0.3899737685805887
2026-04-08,South,Web,10224,726,445,47.07,18.36,8142.97,117974.26999999999,18,95809.79,0.04044943820224719,6554.126111111111,0.18787554269248707,0.390057361376673
2026-04-08,West,App,9253,653,410,41.599999999999994,16.22,7689.960000000001,84199.04,17,60023.979999999996,0.041463414634146344,4952.884705882352,0.2871180003952539,0.38990384615384616
2026-04-08,West,Marketplace,7963,593,357,37.21,14.51,6724.45,79850.76,15,55304.55,0.04201680672268908,5323.384,0.3074010817179447,0.3899489384574039
2026-04-08,West,Web,10629,780,498,50.92,19.86,9197.32,106034.02,21,80902.67,0.04216867469879518,5049.239047619048,0.2370121400659902,0.3900235663786331
2026-04-09,East,App,7341,508,319,34.32,13.379999999999999,5734.57,96944.44,14,65626.59,0.0438871473354232,6924.602857142857,0.3230494703976835,0.38986013986013984
2026-04-09,East,Marketplace,6298,414,265,27.490000000000002,10.719999999999999,4805.84,140016.99,11,92325.57,0.04150943396226415,12728.817272727272,0.34061166434159157,0.3899599854492542
2026-04-09,East,Web,8366,583,367,38.45,15.0,6724.91,113214.42,15,74573.2,0.04087193460490463,7547.628,0.3413100557331831,0.39011703511053314
2026-04-09,North,App,11233,757,458,48.17,18.79,8298.02,134654.84,19,89458.09,0.04148471615720524,7087.096842105263,0.33564890797835417,0.39007681129333605
2026-04-09,North,Marketplace,9155,646,395,40.47,15.79,6818.8099999999995,115752.37000000001,17,84755.84,0.043037974683544304,6808.962941176471,0.2677831132096907,0.3901655547319002
2026-04-09,North,Web,12003,832,522,54.5,21.259999999999998,10328.54,232870.68,22,152428.25999999998,0.0421455938697318,10585.030909090909,0.3454381633617423,0.39009174311926603
2026-04-09,South,App,8842,610,389,41.57,16.21,7012.09,162620.92,16,109909.94,0.04113110539845758,10163.8075,0.3241340659000085,0.3899446716382006
2026-04-09,South,Marketplace,6879,522,320,34.17,13.33,5774.65,72836.36,13,84217.5,0.040625,5602.796923076923,-0.156256298365267,0.39010828211881765
2026-04-09,South,Web,10681,745,451,48.6,18.95,8059.0199999999995,232804.55,19,163194.27,0.04212860310421286,12252.871052631579,0.2990073862387999,0.389917695473251
2026-04-09,West,App,8630,609,386,41.31,16.119999999999997,7683.780000000001,125842.45000000001,16,90336.94,0.04145077720207254,7865.153125000001,0.28214255205616234,0.3902202856451222
2026-04-09,West,Marketplace,7771,620,364,37.7,14.709999999999999,6897.26,87338.55,16,91531.6,0.04395604395604396,5458.659375,-0.04800915517832621,0.3901856763925729
2026-04-09,West,Web,10243,752,457,47.730000000000004,18.62,8478.779999999999,139674.19,19,93450.2,0.04157549234135667,7351.273157894737,0.33094152899687485,0.39011104127383195
2026-04-10,East,App,7286,483,315,32.12,12.52,5750.07,79540.56,13,57979.56,0.04126984126984127,6118.504615384615,0.2710692507068092,0.38978829389788294
2026-04-10,East,Marketplace,6798,436,281,29.22,11.4,5182.35,143071.45,12,93948.81,0.042704626334519574,11922.620833333334,0.34334341337842045,0.39014373716632444
2026-04-10,East,Web,8661,596,373,38.42,14.98,7179.1,140144.57,16,93281.17,0.04289544235924933,8759.035625,0.33439326261445596,0.3899010931806351
2026-04-10,North,App,9618,690,421,43.83,17.1,7657.96,171063.89,18,114909.89,0.04275534441805225,9503.549444444445,0.3282633172903996,0.3901437371663245
2026-04-10,North,Marketplace,8255,585,357,36.95,14.41,6162.72,78412.47,15,51615.34,0.04201680672268908,5227.4980000000005,0.34174577079385465,0.3899864682002706
2026-04-10,North,Web,12896,893,546,57.519999999999996,22.43,10177.0,175446.80000000002,23,117296.58,0.04212454212454213,7628.121739130435,0.33144075583025745,0.38995132127955495
2026-04-10,South,App,8631,638,395,40.6,15.83,7160.280000000001,106177.03,17,69684.37,0.043037974683544304,6245.707647058824,0.3436963719930761,0.3899014778325123
2026-04-10,South,Marketplace,7526,514,330,35.1,13.690000000000001,5983.57,106140.37,14,70991.32,0.04242424242424243,7581.455,0.33115627918010826,0.39002849002849005
2026-04-10,South,Web,11514,790,486,51.79,20.200000000000003,8858.23,212303.19,20,138145.54,0.0411522633744856,10615.1595,0.34930068643810763,0.3900366866190385
2026-04-10,West,App,9520,661,414,43.09,16.81,7693.77,184712.45,17,122212.19,0.04106280193236715,10865.438235294117,0.3383651724613041,0.39011371547922946
2026-04-10,West,Marketplace,7928,572,362,38.18,14.89,6389.09,123645.13,15,82225.06,0.04143646408839779,8243.008666666667,0.33499151968217433,0.38999476165531693
2026-04-10,West,Web,12017,733,483,52.0,20.28,8142.45,126365.96,20,85277.79000000001,0.041407867494824016,6318.298000000001,0.32515220079837953,0.39
2026-04-11,East,App,8488,601,363,38.02,14.83,6908.64,96375.32,15,62776.75,0.04132231404958678,6425.021333333334,0.34862213687072585,0.3900578642819568
2026-04-11,East,Marketplace,6898,466,302,32.43,12.64,5657.48,117731.9,13,78024.83,0.04304635761589404,9056.3,0.33726687499309865,0.3897625655257478
2026-04-11,East,Web,9261,696,424,45.07,17.57,8088.65,164745.41,18,107179.7,0.04245283018867924,9152.522777777778,0.34942223883506074,0.38983802973152876
2026-04-11,North,App,10735,810,511,51.489999999999995,20.08,9445.119999999999,163998.52,21,115763.55,0.0410958904109589,7809.453333333333,0.29411832497024964,0.38997863662847154
2026-04-11,North,Marketplace,9792,681,431,44.43,17.330000000000002,7868.3099999999995,186421.37,18,123448.07,0.04176334106728538,10356.742777777778,0.3378008647828304,0.39005176682421794
2026-04-11,North,Web,13308,888,555,57.72,22.509999999999998,10079.93,220593.33000000002,23,145963.35,0.04144144144144144,9591.014347826087,0.3383147622822503,0.38998613998613996
2026-04-11,South,App,10855,693,449,47.14,18.38,8976.71,157527.73,19,103607.29,0.042316258351893093,8290.933157894737,0.3422917349218453,0.3899024183283835
2026-04-11,South,Marketplace,8566,533,362,38.14,14.88,6004.98,107328.31,15,71991.34,0.04143646408839779,7155.220666666666,0.32924183749841957,0.3901415836392239
2026-04-11,South,Web,12131,853,529,54.92,21.42,10123.34,217600.95,22,154170.55,0.04158790170132325,9890.952272727272,0.2914987273722841,0.3900218499635834
2026-04-11,West,App,11537,722,467,49.11,19.15,8399.35,91489.09,20,61213.43,0.042826552462526764,4574.4545,0.330920987409537,0.3899409488902464
2026-04-11,West,Marketplace,10290,710,431,44.65,17.41,7835.039999999999,136632.25,18,90192.91,0.04176334106728538,7590.680555555556,0.33988564193299897,0.3899216125419933
2026-04-11,West,Web,13491,843,569,61.2,23.86,11259.33,191223.72,25,128915.22,0.043936731107205626,7648.9488,0.32584085279796876,0.3898692810457516
2026-04-12,East,App,7735,531,343,36.5,14.24,6082.93,137584.01,15,91095.31,0.043731778425655975,9172.267333333333,0.3378931897682006,0.3901369863013699
2026-04-12,East,Marketplace,6597,467,295,30.91,12.05,5627.05,151597.82,12,104381.84,0.04067796610169491,12633.151666666667,0.31145553412311605,0.38984147525072793
2026-04-12,East,Web,9326,645,416,43.91,17.12,8433.0,144426.21,18,96882.39,0.04326923076923077,8023.678333333333,0.32919107965237054,0.38988840810749265
2026-04-12,North,App,11376,807,507,54.34,21.189999999999998,9011.26,164059.11000000002,21,108139.77,0.04142011834319527,7812.338571428572,0.3408487343372764,0.3899521531100478
2026-04-12,North,Marketplace,9971,683,413,42.81,16.7,8026.7699999999995,290128.54,17,195329.33000000002,0.04116222760290557,17066.384705882352,0.32674899890924197,0.3900957720158841
2026-04-12,North,Web,13298,945,605,64.17,25.03,10779.79,205280.93,25,134653.75,0.04132231404958678,8211.2372,0.34405134466216614,0.39005765934237185
2026-04-12,South,App,9998,712,436,44.42,17.330000000000002,8087.110000000001,154774.2,18,101071.37000000001,0.04128440366972477,8598.566666666668,0.34697533568256206,0.390139576767222
2026-04-12,South,Marketplace,8393,574,372,38.81,15.14,7207.65,113152.81999999999,16,73324.46,0.043010752688172046,7072.0512499999995,0.35198733889265854,0.39010564287554755
2026-04-12,South,Web,11929,805,507,52.72,20.560000000000002,9386.59,146386.23,21,97039.34,0.04142011834319527,6970.772857142858,0.33710062756585785,0.38998482549317154
2026-04-12,West,App,10900,727,467,50.05,19.52,8872.84,187743.46,20,125041.53,0.042826552462526764,9387.172999999999,0.3339766402515432,0.39000999000999004
2026-04-12,West,Marketplace,9047,628,391,41.620000000000005,16.23,7451.110000000001,143846.28,16,94206.07,0.04092071611253197,8990.3925,0.3450920663363696,0.38995675156174914
2026-04-12,West,Web,12723,953,598,64.63,25.21,11734.59,203861.73,25,134708.05,0.04180602006688963,8154.4692000000005,0.33921854778726745,0.39006653257001395
2026-04-13,East,App,7272,508,312,32.19,12.55,5097.54,80901.65,13,52020.76,0.041666666666666664,6223.203846153846,0.3569876510553245,0.38987263125194166
2026-04-13,East,Marketplace,6117,447,276,28.64,11.170000000000002,5258.58,125800.02,12,82277.40000000001,0.043478260869565216,10483.335000000001,0.3459667176523501,0.390013966480447
2026-04-13,East,Web,8464,593,372,38.38,14.969999999999999,7095.14,66680.79,16,50173.06,0.043010752688172046,4167.549375,0.2475635036717471,0.3900468994267847
2026-04-13,North,App,10078,738,454,46.94,18.31,8359.529999999999,117698.64,19,78062.8,0.04185022026431718,6194.6652631578945,0.3367569922643116,0.39007243289305493
2026-04-13,North,Marketplace,8839,605,371,38.93,15.18,7136.78,115090.36,16,76220.56999999999,0.0431266846361186,7193.1475,0.33773280403328315,0.38993064474698175
2026-04-13,North,Web,12512,848,529,56.36,21.98,9924.02,129661.27,22,85792.48,0.04158790170132325,5893.694090909091,0.33833379851978934,0.38999290276792054
2026-04-13,South,App,9971,683,419,44.769999999999996,17.46,8602.380000000001,159362.05,18,106280.97,0.04295942720763723,8853.447222222221,0.3330848216372718,0.3899932990842082
2026-04-13,South,Marketplace,7207,507,327,34.98,13.64,6020.52,178559.06,14,114035.59999999999,0.04281345565749235,12754.218571428572,0.3613564049900353,0.389937106918239
2026-04-13,South,Web,11233,721,473,50.07,19.53,8551.15,255830.36000000002,20,193790.84,0.042283298097251586,12791.518,0.24250257084421104,0.39005392450569204
2026-04-13,West,App,10407,688,443,46.55,18.15,9003.779999999999,122359.81,19,80651.96,0.04288939051918736,6439.99,0.34086233053156906,0.38990332975295383
2026-04-13,West,Marketplace,8693,595,369,38.34,14.95,7193.5,102500.98,15,67369.76,0.04065040650406504,6833.398666666666,0.34274033282413496,0.3899321857068335
2026-04-13,West,Web,11965,777,493,52.11,20.33,9517.59,120116.59,20,79981.44,0.04056795131845842,6005.8295,0.3341349433912501,0.39013625023987714
2026-04-14,East,App,7495,474,312,31.77,12.39,5592.97,117641.15,13,78301.8,0.041666666666666664,9049.31923076923,0.33440127030380096,0.38999055712936737
2026-04-14,East,Marketplace,5923,393,255,25.84,10.07,4457.08,49789.73,11,57503.36,0.043137254901960784,4526.339090909091,-0.154924117885355,0.3897058823529412
2026-04-14,East,Web,9484,658,391,41.31,16.119999999999997,7756.6900000000005,165311.24,16,113951.7,0.04092071611253197,10331.9525,0.31068389542054126,0.3902202856451222
2026-04-14,North,App,10029,769,472,49.599999999999994,19.34,8503.0,214748.91999999998,20,144524.34,0.0423728813559322,10737.446,0.32700783780425996,0.3899193548387097
2026-04-14,North,Marketplace,9043,628,397,41.79,16.29,7251.530000000001,151585.2,17,110753.4,0.042821158690176324,8916.776470588236,0.26936534701276915,0.3898061737257717
2026-04-14,North,Web,12252,880,536,56.83,22.16,10305.970000000001,181914.04,22,121705.34000000001,0.041044776119402986,8268.82,0.3309733542281838,0.3899348935421432
2026-04-14,South,App,9081,660,398,41.89,16.34,7220.66,112397.56,17,75304.36,0.04271356783919598,6611.621176470588,0.3300178402449306,0.39006922893291957
2026-04-14,South,Marketplace,7761,538,326,33.76,13.17,6215.21,96629.53,13,72315.15,0.03987730061349693,7433.040769230769,0.2516247362478117,0.39010663507109006
2026-04-14,South,Web,10240,755,464,48.45,18.900000000000002,8246.81,161533.21,19,106505.78,0.040948275862068964,8501.747894736842,0.34065706983721794,0.39009287925696595
2026-04-14,West,App,10297,727,426,44.43,17.330000000000002,7741.88,180646.41,18,128552.16,0.04225352112676056,10035.911666666667,0.28837689052331567,0.39005176682421794
2026-04-14,West,Marketplace,8200,565,353,36.96,14.41,6120.209999999999,110906.42,15,79636.64,0.042492917847025496,7393.761333333333,0.2819474291930079,0.3898809523809524
2026-04-14,West,Web,9871,731,467,49.07,19.14,8624.21,172213.86000000002,19,123067.45999999999,0.04068522483940043,9063.887368421054,0.2853800501306923,0.3900550234359079
2026-04-15,East,App,7819,521,333,35.41,13.809999999999999,5962.33,100301.73999999999,14,64989.68,0.042042042042042045,7164.409999999999,0.35205829928772914,0.39000282406099973
2026-04-15,East,Marketplace,5659,450,267,28.78,11.219999999999999,5103.98,69267.47,12,61644.51,0.0449438202247191,5772.2891666666665,0.11005108169823438,0.38985406532314104
2026-04-15,East,Web,8961,624,378,39.69,15.48,6744.46,182253.56,16,120444.98,0.042328042328042326,11390.8475,0.3391351038629918,0.3900226757369615
2026-04-15,North,App,10821,757,447,47.44,18.5,8576.41,171688.4,19,114454.8,0.042505592841163314,9036.231578947369,0.3333574079553423,0.38996627318718385
2026-04-15,North,Marketplace,9700,589,385,39.900000000000006,15.57,6520.29,245257.11,16,161789.97999999998,0.04155844155844156,15328.569375,0.34032501646945124,0.39022556390977436
2026-04-15,North,Web,12148,905,540,54.86,21.4,11066.71,159704.4,23,105837.85,0.04259259259259259,6943.669565217391,0.3372890790735884,0.39008384979948957
2026-04-15,South,App,9246,619,390,39.41,15.379999999999999,6933.1900000000005,97284.41,16,65038.87,0.041025641025641026,6080.275625,0.3314563967649082,0.39025628013194624
2026-04-15,South,Marketplace,7146,503,314,33.28,12.98,5806.950000000001,172682.46,14,113050.43,0.044585987261146494,12334.461428571429,0.34532766095641676,0.39002403846153844
2026-04-15,South,Web,11174,750,467,47.86,18.66,7595.7300000000005,170236.66,20,110054.09,0.042826552462526764,8511.833,0.35352297207898703,0.3898871709151693
2026-04-15,West,App,10752,681,424,43.09,16.81,7288.26,130878.38,18,85106.9,0.04245283018867924,7271.021111111111,0.34972529458265,0.39011371547922946
2026-04-15,West,Marketplace,8172,578,360,37.21,14.52,6651.84,136361.50999999998,15,91191.39,0.041666666666666664,9090.767333333331,0.3312527120006224,0.3902176834184359
2026-04-15,West,Web,12089,810,517,54.019999999999996,21.07,9653.95,203081.85,22,133857.0,0.0425531914893617,9230.993181818181,0.34087167317020206,0.390040725657164
2026-04-16,East,App,7188,519,321,32.33,12.61,6062.6900000000005,143385.29,14,95572.2,0.04361370716510903,10241.80642857143,0.3334588227286077,0.390040210330962
2026-04-16,East,Marketplace,6374,436,273,28.65,11.170000000000002,4919.72,106315.83,11,71999.03,0.040293040293040296,9665.075454545455,0.3227816591376844,0.38987783595113445
2026-04-16,East,Web,8671,578,353,36.55,14.26,6197.05,95537.06,15,81693.08,0.042492917847025496,6369.137333333333,0.1449069083767074,0.39015047879616965
2026-04-16,North,App,11410,724,466,48.78,19.02,8550.67,159577.38,20,107781.49,0.04291845493562232,7978.869000000001,0.3245816543673044,0.3899138991389914
2026-04-16,North,Marketplace,7800,585,355,36.91,14.399999999999999,6760.69,89213.73,15,61060.45,0.04225352112676056,5947.581999999999,0.3155711570405138,0.39013817393660255
2026-04-16,North,Web,12179,850,526,55.650000000000006,21.71,9361.45,160717.86,23,109529.36,0.043726235741444866,6987.733043478261,0.3184991388013752,0.3901168014375561
2026-04-16,South,App,8798,591,369,38.31,14.95,6923.15,122794.18,15,81008.51,0.04065040650406504,8186.278666666666,0.3402903134334217,0.39023753589141214
2026-04-16,South,Marketplace,8058,550,347,35.3,13.760000000000002,6281.33,106395.44,15,70238.77,0.043227665706051875,7093.029333333334,0.3398328913344406,0.38980169971671397
2026-04-16,South,Web,9788,730,457,49.81,19.43,7944.6900000000005,152284.3,19,100681.59,0.04157549234135667,8014.9631578947365,0.33885771547034066,0.3900823127885966
2026-04-16,West,App,10360,720,453,46.14,18.0,8109.84,89659.7,19,60833.88,0.04194260485651214,4718.9315789473685,0.3215025256609157,0.39011703511053314
2026-04-16,West,Marketplace,8798,603,376,39.41,15.370000000000001,6571.59,69350.41,16,57806.34,0.0425531914893617,4334.400625,0.1664600108348315,0.39000253742704905
2026-04-16,West,Web,12645,840,512,54.24,21.16,9612.47,209777.85,22,139549.35,0.04296875,9535.35681818182,0.33477557330290114,0.39011799410029496
2026-04-17,East,App,7370,505,333,34.43,13.43,6329.21,95392.28,14,63240.11,0.042042042042042045,6813.734285714286,0.3370521178443371,0.3900668022073773
2026-04-17,East,Marketplace,6245,415,269,28.6,11.16,4921.969999999999,107383.87,11,72529.23,0.040892193308550186,9762.17,0.32457984611655366,0.3902097902097902
2026-04-17,East,Web,8885,558,372,39.91,15.57,6593.3099999999995,124596.34999999999,15,80975.81999999999,0.04032258064516129,8306.423333333332,0.3500947660184267,0.3901277875219244
2026-04-17,North,App,10955,736,442,45.45,17.72,8786.24,178739.83,19,118342.03,0.042986425339366516,9407.35947368421,0.33790901557867653,0.38987898789878983
2026-04-17,North,Marketplace,8800,647,400,40.38,15.740000000000002,7660.62,111234.93000000001,17,73073.48,0.0425,6543.231176470588,0.3430707422569512,0.38979692917285785
2026-04-17,North,Web,12902,842,526,56.34,21.98,9897.220000000001,134304.83000000002,22,88591.11,0.04182509505703422,6104.765,0.34037286670926137,0.3901313454029109
2026-04-17,South,App,9671,655,408,42.62,16.62,7734.3099999999995,81773.12,17,53462.18,0.041666666666666664,4810.1835294117645,0.34621327888675396,0.3899577663068982
2026-04-17,South,Marketplace,7323,562,347,37.31,14.55,6459.74,91260.86,15,60084.24,0.043227665706051875,6084.057333333333,0.34162093147051215,0.3899758777807558
2026-04-17,South,Web,10253,691,449,47.71,18.599999999999998,8181.14,114602.17,19,78928.4,0.042316258351893093,6031.693157894737,0.3112835472487127,0.389855376231398
2026-04-17,West,App,10054,664,434,44.93,17.52,8244.84,80535.39,18,55028.67,0.041474654377880185,4474.1883333333335,0.3167144282780527,0.38993990652125526
2026-04-17,West,Marketplace,7381,534,345,36.45,14.21,6399.22,160288.09,14,106943.21,0.04057971014492753,11449.149285714286,0.3328062615257315,0.3898491083676269
2026-04-17,West,Web,10726,817,501,51.66,20.15,9152.9,135137.91,21,99817.51,0.041916167664670656,6435.138571428572,0.26136559311891094,0.3900503290747193
2026-04-18,East,App,8043,550,336,35.980000000000004,14.030000000000001,6266.6900000000005,98024.78,14,66616.5,0.041666666666666664,7001.7699999999995,0.3204116346907384,0.38993885491939967
2026-04-18,East,Marketplace,7362,526,316,34.15,13.309999999999999,5057.42,71697.28,13,48078.62,0.04113924050632911,5515.175384615384,0.3294219808617565,0.3897510980966325
2026-04-18,East,Web,9958,721,439,45.33,17.68,7759.07,139851.69,18,94178.63,0.04100227790432802,7769.538333333334,0.32658210994804565,0.3900286785793073
2026-04-18,North,App,11288,845,505,51.69,20.16,9467.46,96156.29,21,66417.12,0.041584158415841586,4578.870952380952,0.3092795073520411,0.3900174114915845
2026-04-18,North,Marketplace,9510,697,449,48.15,18.78,8649.64,166521.52,19,109358.74,0.042316258351893093,8764.290526315788,0.3432756318822936,0.3900311526479751
2026-04-18,North,Web,13538,943,585,60.48,23.59,11327.26,221152.03999999998,25,147272.84,0.042735042735042736,8846.0816,0.3340651978611637,0.39004629629629634
2026-04-18,South,App,9107,747,448,46.03,17.95,8290.95,142631.67,19,99673.25,0.04241071428571429,7506.93,0.301184302195999,0.3899630675646317
2026-04-18,South,Marketplace,8501,595,363,38.43,14.989999999999998,6105.57,100192.57,15,66953.63,0.04132231404958678,6679.504666666667,0.3317505479697746,0.39005984907624247
2026-04-18,South,Web,12102,826,510,53.19,20.740000000000002,10537.14,223152.92,22,148297.4,0.043137254901960784,10143.314545454547,0.3354449495888291,0.38992291784169963
2026-04-18,West,App,11320,754,488,52.230000000000004,20.37,9356.64,137637.88,20,91158.34999999999,0.040983606557377046,6881.894,0.3376943178723765,0.3900057438253877
2026-04-18,West,Marketplace,10026,605,410,41.620000000000005,16.23,7863.1,206030.44,18,163746.04,0.04390243902439024,11446.135555555556,0.20523375089622675,0.38995675156174914
2026-04-18,West,Web,11779,845,534,57.93,22.6,9029.91,211237.85,23,140784.99,0.04307116104868914,9184.254347826087,0.33352384527678164,0.3901260141550147
2026-04-19,East,App,8683,583,362,39.269999999999996,15.31,7156.96,100350.48,15,67977.55,0.04143646408839779,6690.032,0.3225986562296463,0.3898650369238605
2026-04-19,East,Marketplace,7227,507,324,33.69,13.14,6059.12,94685.14,14,62782.33,0.043209876543209874,6763.2242857142855,0.3369357641547554,0.39002671415850404
2026-04-19,East,Web,9597,702,431,45.01,17.55,8253.81,174578.07,18,128981.64,0.04176334106728538,9698.781666666668,0.26118074280463754,0.3899133525883137
2026-04-19,North,App,13040,793,517,55.1,21.490000000000002,9538.43,96694.94,22,74265.43000000001,0.0425531914893617,4395.2245454545455,0.2319615690334985,0.3900181488203267
2026-04-19,North,Marketplace,8577,589,379,39.45,15.379999999999999,6871.98,70036.29,16,45392.39,0.04221635883905013,4377.268125,0.3518732931170397,0.3898605830164765
2026-04-19,North,Web,14439,981,614,65.35,25.479999999999997,11011.41,186590.7,25,133585.93,0.04071661237785016,7463.628000000001,0.2840697312352653,0.38990053557765875
2026-04-19,South,App,10212,733,450,47.379999999999995,18.48,8724.8,98111.2,19,71540.9,0.042222222222222223,5163.747368421053,0.2708182144342339,0.39003799071338124
2026-04-19,South,Marketplace,8645,586,379,38.480000000000004,15.010000000000002,7312.62,121678.17,16,81890.44,0.04221635883905013,7604.885625,0.3269915219796616,0.39007276507276506
2026-04-19,South,Web,12555,858,531,56.239999999999995,21.93,9165.57,212854.38999999998,22,162659.24,0.04143126177024482,9675.199545454545,0.23581919076228589,0.3899359886201992
2026-04-19,West,App,10652,761,490,51.64,20.14,9043.93,172642.38,20,114545.5,0.04081632653061224,8632.119,0.3365157500724909,0.390007745933385
2026-04-19,West,Marketplace,8859,635,400,42.17,16.45,7582.17,157538.17,17,105734.64,0.0425,9266.95117647059,0.3288316095077149,0.39008774009959685
2026-04-19,West,Web,12550,896,557,56.86,22.17,10527.14,140935.12,24,105376.73,0.04308797127468582,5872.296666666666,0.2523032584071309,0.38990502989799514
2026-04-20,East,App,8276,519,348,36.85,14.370000000000001,6098.3099999999995,108967.5,15,71329.12,0.04310344827586207,7264.5,0.3454092275219676,0.3899592944369064
2026-04-20,East,Marketplace,6790,472,286,29.17,11.379999999999999,5373.0,67804.94,12,44269.84,0.04195804195804196,5650.411666666667,0.34710007854884917,0.3901268426465546
2026-04-20,East,Web,9003,600,400,42.349999999999994,16.52,7234.49,125467.12000000001,17,82428.87000000001,0.0425,7380.418823529412,0.343024132537672,0.3900826446280992
2026-04-20,North,App,11500,778,492,52.19,20.35,9219.05,230740.53,21,155781.52000000002,0.042682926829268296,10987.644285714287,0.3248627798505966,0.3899214408890593
2026-04-20,North,Marketplace,8774,614,404,42.0,16.38,8222.76,76525.25,18,52315.29,0.04455445544554455,4251.402777777777,0.3163656440194576,0.38999999999999996
2026-04-20,North,Web,13226,941,602,63.0,24.57,11429.810000000001,291907.97000000003,26,192911.54,0.04318936877076412,11227.229615384616,0.3391357556972494,0.39
2026-04-20,South,App,10255,721,445,45.97,17.93,7912.83,187806.19,19,127515.86,0.04269662921348315,9884.536315789474,0.3210241898842631,0.39003698063954756
2026-04-20,South,Marketplace,7674,563,355,37.76,14.73,6673.26,103048.63,15,67082.19,0.04225352112676056,6869.908666666667,0.3490239511190008,0.3900953389830509
2026-04-20,South,Web,12017,785,491,50.980000000000004,19.88,9497.64,145787.26,20,96888.85,0.04073319755600815,7289.363,0.3354093492119956,0.3899568458218909
2026-04-20,West,App,11697,782,491,50.45,19.67,8991.93,179387.87,21,118768.2,0.04276985743380855,8542.279523809524,0.33792513395693924,0.38989098116947474
2026-04-20,West,Marketplace,9443,650,393,41.34,16.119999999999997,7377.549999999999,144900.41,16,92183.68000000001,0.04071246819338423,9056.275625,0.36381353234266206,0.3899371069182389
2026-04-20,West,Web,12712,907,534,53.58,20.9,9503.55,225316.13,22,148880.07,0.04119850187265917,10241.642272727273,0.3392391836305727,0.3900709219858156
2026-04-21,East,App,8052,573,355,38.59,15.05,6942.38,143033.74,15,94091.40000000001,0.04225352112676056,9535.582666666665,0.3421733920961585,0.38999740865509197
2026-04-21,East,Marketplace,7224,438,296,31.38,12.239999999999998,5644.1,98000.14,13,71088.97,0.04391891891891892,7538.472307692307,0.2746033832196566,0.390057361376673
2026-04-21,East,Web,8367,612,381,40.47,15.780000000000001,6945.53,84572.49,16,56456.07,0.04199475065616798,5285.780625,0.3324534964029084,0.38991845811712383
2026-04-21,North,App,11881,808,499,52.16,20.34,9079.26,195603.52000000002,21,125502.23999999999,0.04208416833667335,9314.453333333335,0.3583845525888288,0.38995398773006135
2026-04-21,North,Marketplace,9259,648,410,43.65,17.02,8206.93,154928.9,17,101755.56999999999,0.041463414634146344,9113.464705882352,0.34321117622341607,0.38991981672394044
2026-04-21,North,Web,12716,867,562,56.13,21.89,9917.64,193282.44999999998,24,129875.26,0.042704626334519574,8053.435416666666,0.3280545647056936,0.38998752895065025
2026-04-21,South,App,11011,720,445,48.59,18.95,8855.4,150882.79,19,100365.92,0.04269662921348315,7941.199473684211,0.33480869488163634,0.3899979419633669
2026-04-21,South,Marketplace,8357,569,355,37.32,14.55,5988.950000000001,154591.57,15,102024.4,0.04225352112676056,10306.104666666668,0.3400390461135753,0.38987138263665594
2026-04-21,South,Web,12207,850,511,52.5,20.48,9544.86,199512.25,22,133960.68,0.043052837573385516,9068.738636363636,0.3285591235625883,0.3900952380952381
2026-04-21,West,App,9998,674,450,47.620000000000005,18.57,9010.47,121002.09,19,79765.38,0.042222222222222223,6368.531052631579,0.3407933697674147,0.38996220075598487
2026-04-21,West,Marketplace,9314,624,395,41.26,16.09,7547.280000000001,107105.81,16,71473.04000000001,0.04050632911392405,6694.113125,0.3326875544846726,0.38996606883179835
2026-04-21,West,Web,11297,870,545,56.95,22.21,10317.95,100284.82,23,73373.34,0.04220183486238532,4360.209565217391,0.26835048415104107,0.3899912203687445
2026-04-22,East,App,6934,527,326,33.74,13.16,6004.860000000001,39049.79,14,28483.98,0.04294478527607362,2789.2707142857143,0.27057277388687623,0.3900414937759336
2026-04-22,East,Marketplace,6267,430,274,28.759999999999998,11.219999999999999,4810.91,79950.88,11,53865.76,0.040145985401459854,7268.261818181819,0.326264326296346,0.390125173852573
2026-04-22,East,Web,8564,628,374,39.52,15.41,7036.45,109872.89,16,72344.25,0.0427807486631016,6867.055625,0.3415641474434685,0.3899291497975708
2026-04-22,North,App,10913,726,470,47.900000000000006,18.68,8165.049999999999,120249.51,20,79360.86,0.0425531914893617,6012.4755,0.34003173900667033,0.3899791231732776
2026-04-22,North,Marketplace,9096,638,377,39.52,15.41,6958.79,153995.05000000002,15,103234.65000000001,0.03978779840848806,10266.336666666668,0.329623582056696,0.3899291497975708
2026-04-22,North,Web,11867,935,550,55.879999999999995,21.79,10652.5,169254.44,24,133078.08,0.04363636363636364,7052.268333333333,0.21373950367269548,0.3899427344309234
2026-04-22,South,App,8905,653,408,42.83,16.71,7236.41,128959.98999999999,17,86017.01,0.041666666666666664,7585.881764705882,0.33299459778183915,0.39014709315900076
2026-04-22,South,Marketplace,7465,495,330,35.84,13.98,6288.76,61763.04,14,40850.05,0.04242424242424243,4411.645714285714,0.338600399203148,0.39006696428571425
2026-04-22,South,Web,11152,715,453,47.879999999999995,18.67,7914.67,153415.87,20,102112.28,0.04415011037527594,7670.7935,0.33440862408823807,0.3899331662489558
2026-04-22,West,App,9690,688,426,44.88,17.5,8229.86,198175.43,18,134106.1,0.04225352112676056,11009.746111111112,0.3232960311982166,0.38992869875222813
2026-04-22,West,Marketplace,8867,597,376,39.59,15.43,7105.59,131723.03,16,86098.52,0.0425531914893617,8232.689375,0.3463669944428092,0.38974488507198785
2026-04-22,West,Web,10834,753,483,50.55,19.71,9120.41,207174.06,20,137396.01,0.041407867494824016,10358.703,0.3368088167022454,0.38991097922848666
2026-04-23,East,App,7070,517,317,32.67,12.739999999999998,5749.139999999999,54416.06,13,40372.19,0.04100946372239748,4185.850769230769,0.25808318353074433,0.38996020814202625
2026-04-23,East,Marketplace,6316,412,269,28.880000000000003,11.260000000000002,4563.91,85583.51000000001,11,57409.58,0.040892193308550186,7780.319090909092,0.3291981130477122,0.3898891966759003
2026-04-23,East,Web,8343,569,365,38.66,15.07,6619.72,92132.76000000001,15,61085.07,0.0410958904109589,6142.184,0.3369886020998395,0.38980858768753235
2026-04-23,North,App,9571,705,451,46.69,18.21,8761.57,122275.40000000001,19,80809.99,0.04212860310421286,6435.547368421053,0.3391148996445728,0.39001927607624765
2026-04-23,North,Marketplace,8652,595,361,37.34,14.57,6783.6900000000005,62107.98,15,50659.79,0.04155124653739612,4140.532,0.18432719917794785,0.39019817889662556
2026-04-23,North,Web,12442,862,533,54.31,21.189999999999998,9626.33,131756.8,22,86221.55,0.04127579737335835,5988.945454545454,0.3456007583669305,0.39016755661940705
2026-04-23,South,App,9636,700,400,41.55,16.21,6608.21,88083.93,17,69220.64,0.0425,5181.407647058823,0.21415132135907192,0.39013237063778583
2026-04-23,South,Marketplace,7584,515,329,34.19,13.33,5713.93,97547.59999999999,14,65987.54,0.0425531914893617,6967.685714285713,0.3235349716446125,0.38988008189529105
2026-04-23,South,Web,10686,669,445,47.260000000000005,18.43,7919.879999999999,199283.18,19,132859.19,0.04269662921348315,10488.588421052631,0.3333145827961998,0.38997037663986456
2026-04-23,West,App,10054,664,424,45.81,17.86,7294.76,152222.97,18,100904.86,0.04245283018867924,8456.831666666667,0.33712461397908605,0.3898712071600087
2026-04-23,West,Marketplace,8853,629,360,37.9,14.780000000000001,6985.549999999999,170844.27,15,112249.41,0.041666666666666664,11389.617999999999,0.3429723455167679,0.3899736147757256
2026-04-23,West,Web,11111,784,491,52.22,20.36,8733.69,121337.95,20,79327.2,0.04073319755600815,6066.8975,0.34622927122141095,0.38988893144389125
2026-04-24,East,App,8207,538,335,36.24,14.14,6136.52,105763.28,14,73303.11,0.041791044776119404,7554.5199999999995,0.3069134202343195,0.3901766004415011
2026-04-24,East,Marketplace,6079,438,277,28.97,11.3,4983.780000000001,103435.71,12,67967.05,0.04332129963898917,8619.6425,0.3429053660481472,0.39005868139454614
2026-04-24,East,Web,8445,631,384,40.47,15.780000000000001,6836.48,74395.03,16,49044.93,0.041666666666666664,4649.689375,0.34074991299822044,0.38991845811712383
2026-04-24,North,App,9862,699,450,48.21,18.810000000000002,8677.92,140163.83,18,94502.93,0.04,7786.879444444444,0.325768067268139,0.3901680149346609
2026-04-24,North,Marketplace,8885,645,405,41.96,16.36,7461.12,146976.1,17,97522.0,0.04197530864197531,8645.652941176471,0.3364771551293034,0.3898951382268827
2026-04-24,North,Web,10962,876,527,54.33,21.189999999999998,9479.95,103584.37,22,67507.27,0.04174573055028463,4708.380454545454,0.3482871016158132,0.39002392784833423
2026-04-24,South,App,9657,633,400,41.879999999999995,16.330000000000002,8415.48,102652.48999999999,17,67924.03,0.0425,6038.381764705882,0.33831093624713826,0.3899235912129896
2026-04-24,South,Marketplace,8686,564,342,36.24,14.14,6252.86,116164.75,14,75815.29,0.04093567251461988,8297.482142857143,0.34734685005563226,0.3901766004415011
2026-04-24,South,Web,11924,810,485,51.09,19.93,9270.35,158020.54,20,105547.44,0.041237113402061855,7901.027,0.33206505939038056,0.39009590917987863
2026-04-24,West,App,8674,648,388,39.599999999999994,15.450000000000001,7079.35,177542.09,17,118046.56999999999,0.04381443298969072,10443.652352941177,0.33510656543470907,0.39015151515151525
2026-04-24,West,Marketplace,7307,512,328,34.95,13.629999999999999,5820.950000000001,119078.56,14,79491.22,0.042682926829268296,8505.611428571428,0.33244725162951244,0.38998569384835474
2026-04-24,West,Web,11907,793,495,52.620000000000005,20.52,8428.9,138077.41,22,91253.57,0.044444444444444446,6276.24590909091,0.3391129656907672,0.3899657924743443
2026-04-25,East,App,7957,584,355,37.0,14.43,6888.120000000001,185580.74,14,121642.92,0.03943661971830986,13255.767142857143,0.3445283168932293,0.39
2026-04-25,East,Marketplace,6207,473,279,28.84,11.239999999999998,5336.24,163139.12,12,118828.79,0.043010752688172046,13594.926666666666,0.2716106964411724,0.38973647711511783
2026-04-25,East,Web,10111,670,412,42.64,16.62,7708.49,160195.94,17,105110.58,0.0412621359223301,9423.290588235293,0.34386239751144754,0.3897748592870544
2026-04-25,North,App,12238,852,533,54.16,21.119999999999997,10772.4,216961.12,23,143606.41,0.043151969981238276,9433.092173913043,0.3381007159255077,0.3899556868537666
2026-04-25,North,Marketplace,10489,697,421,44.4,17.31,8156.83,143827.39,18,99242.63,0.04275534441805225,7990.410555555556,0.3099879654355127,0.3898648648648648
2026-04-25,North,Web,14933,1022,636,67.93,26.490000000000002,11975.150000000001,293912.87,27,194696.11000000002,0.04245283018867924,10885.661851851852,0.33757201581543533,0.3899602532018254
2026-04-25,South,App,11041,683,429,44.05,17.19,7569.67,111374.33,18,71760.55,0.04195804195804196,6187.462777777778,0.35568142138318587,0.3902383654937571
2026-04-25,South,Marketplace,8033,587,378,40.459999999999994,15.780000000000001,6612.07,89141.29,16,63342.67,0.042328042328042326,5571.330625,0.2894126840659362,0.3900148294611963
2026-04-25,South,Web,12043,900,541,55.900000000000006,21.8,9418.38,202367.91999999998,23,131364.57,0.04251386321626617,8798.605217391303,0.35086267625817363,0.3899821109123434
2026-04-25,West,App,10669,734,474,50.67,19.76,9424.39,114418.15,20,74970.2,0.04219409282700422,5720.907499999999,0.34477003866956424,0.38997434379317153
2026-04-25,West,Marketplace,9258,597,393,42.19,16.45,7618.24,106959.56,16,69760.9,0.04071246819338423,6684.9725,0.3477824703093394,0.38990282057359565
2026-04-25,West,Web,12788,869,547,57.73,22.520000000000003,10588.43,171867.26,23,112386.98,0.04204753199268738,7472.489565217392,0.3460826686827963,0.39009180668629834
2026-04-26,East,App,7957,631,371,38.89,15.170000000000002,7356.09,129976.71,16,84510.13,0.0431266846361186,8123.544375,0.34980559209415285,0.3900745692980201
2026-04-26,East,Marketplace,7133,507,310,31.81,12.41,5781.3,102268.48,13,75413.14,0.041935483870967745,7866.806153846153,0.2625964520055446,0.39012889028607356
2026-04-26,East,Web,9684,671,438,46.53,18.15,8609.28,193086.28,19,128670.38,0.04337899543378995,10162.435789473684,0.33361199977543715,0.39007092198581556
2026-04-26,North,App,12341,883,523,55.980000000000004,21.83,9189.17,143102.9,22,107591.03,0.04206500956022945,6504.677272727273,0.24815618691165586,0.3899607002500893
2026-04-26,North,Marketplace,9891,685,435,45.230000000000004,17.64,7885.7300000000005,98814.32,19,67077.83,0.04367816091954023,5200.753684210526,0.3211729838347317,0.39000663276586334
2026-04-26,North,Web,15217,934,609,64.17,25.03,11984.31,168602.6,25,121143.31,0.041050903119868636,6744.104,0.28148610994136514,0.39005765934237185
2026-04-26,South,App,10314,719,431,46.59,18.169999999999998,8156.83,74572.05,18,48866.21,0.04176334106728538,4142.891666666666,0.3447114569064415,0.38999785361665584
2026-04-26,South,Marketplace,8419,586,362,37.48,14.620000000000001,6713.43,183597.82,15,120267.81999999999,0.04143646408839779,12239.854666666668,0.34493873620068044,0.3900747065101388
2026-04-26,South,Web,12450,866,540,55.12,21.5,10618.4,146901.5,23,96683.11,0.04259259259259259,6387.021739130435,0.34185076394727076,0.3900580551523948
2026-04-26,West,App,11507,779,495,50.760000000000005,19.79,8912.43,142235.34,21,113714.84999999999,0.04242424242424243,6773.111428571428,0.20051620082603946,0.3898739164696611
2026-04-26,West,Marketplace,9159,628,395,40.72,15.88,6911.639999999999,64433.6,16,42344.86,0.04050632911392405,4027.1,0.3428139976658141,0.3899803536345776
2026-04-26,West,Web,12696,955,567,59.489999999999995,23.200000000000003,10146.07,221067.95,24,144901.01,0.042328042328042326,9211.164583333333,0.3445408527106711,0.3899815094973946
2026-04-27,East,App,7390,500,324,34.4,13.41,6137.48,93787.72,14,60923.42,0.043209876543209874,6699.122857142857,0.3504115464156715,0.38982558139534884
2026-04-27,East,Marketplace,5972,415,266,28.0,10.92,5061.57,66919.33,11,43857.68,0.041353383458646614,6083.575454545455,0.3446186625000579,0.39
2026-04-27,East,Web,8936,610,383,39.019999999999996,15.219999999999999,6794.9,153230.06,17,107731.02,0.044386422976501305,9013.53294117647,0.29693286030169275,0.3900563813429011
2026-04-27,North,App,9447,696,450,47.45,18.5,8854.17,154584.34,19,107760.91,0.042222222222222223,8136.017894736842,0.30289892236173466,0.38988408851422546
2026-04-27,North,Marketplace,8626,571,372,38.34,14.95,7041.29,121798.78,16,80974.45,0.043010752688172046,7612.42375,0.3351784804412655,0.3899321857068335
2026-04-27,North,Web,12371,933,576,59.19,23.08,10970.45,154776.67,23,99456.12,0.03993055555555555,6729.420434782609,0.3574217613029148,0.38993073154249025
2026-04-27,South,App,9338,669,417,44.43,17.330000000000002,7647.17,109243.08,17,71816.99,0.0407673860911271,6426.063529411765,0.34259460645012935,0.39005176682421794
2026-04-27,South,Marketplace,7259,507,322,34.38,13.41,6060.43,79802.62,14,51554.32,0.043478260869565216,5700.187142857142,0.3539770999999749,0.3900523560209424
2026-04-27,South,Web,10716,719,461,49.76,19.4,8681.83,125063.23999999999,20,81348.26,0.04338394793926247,6253.161999999999,0.34954299920584175,0.38987138263665594
2026-04-27,West,App,9205,686,443,46.68,18.21,8237.7,168176.14,18,111845.51,0.040632054176072234,9343.11888888889,0.3349501897237029,0.39010282776349614
2026-04-27,West,Marketplace,8033,560,347,36.5,14.24,6317.97,127115.46,15,89113.6,0.043227665706051875,8474.364,0.29895545356953435,0.3901369863013699
2026-04-27,West,Web,12143,805,509,54.16,21.119999999999997,9306.26,178465.88,21,117666.92,0.0412573673870334,8498.37523809524,0.34067553977264453,0.3899556868537666
2026-04-28,East,App,8214,541,340,35.47,13.829999999999998,5877.52,96698.25,14,62947.47,0.041176470588235294,6907.017857142857,0.34903196283283305,0.3899069636312376
2026-04-28,East,Marketplace,6490,443,269,28.36,11.05,4920.33,124157.45,11,83085.09,0.040892193308550186,11287.040909090909,0.3308086627101314,0.3896332863187589
2026-04-28,East,Web,8950,629,397,42.49,16.57,7451.400000000001,135816.14,17,91971.55,0.042821158690176324,7989.184705882354,0.32282311954970894,0.38997411155566014
2026-04-28,North,App,9464,679,445,46.26,18.04,8266.24,243469.62,18,160700.01,0.04044943820224719,13526.09,0.3399586773906329,0.3899697362732382
2026-04-28,North,Marketplace,9181,612,395,42.769999999999996,16.689999999999998,7769.469999999999,139816.44,16,91265.58,0.04050632911392405,8738.5275,0.3472471477603063,0.3902267944821136
2026-04-28,North,Web,11717,810,517,56.2,21.92,9894.19,202335.91,22,132552.67,0.0425531914893617,9197.086818181819,0.34488806262813154,0.3900355871886121
2026-04-28,South,App,9691,672,424,43.33,16.9,7805.219999999999,153150.56,17,99661.51,0.04009433962264151,9008.856470588235,0.34925794590630294,0.3900300023078698
2026-04-28,South,Marketplace,7545,533,326,33.46,13.05,6135.6,104834.98000000001,14,71165.41,0.04294478527607362,7488.2128571428575,0.3211673241126197,0.3900179318589361
2026-04-28,South,Web,10555,738,454,46.269999999999996,18.05,7788.12,154755.9,19,102771.42,0.04185022026431718,8145.047368421052,0.33591275033779,0.39010157769613146
2026-04-28,West,App,11200,727,454,45.19,17.62,8492.93,118691.73000000001,19,79768.13,0.04185022026431718,6246.933157894738,0.32793860195651375,0.38990927196282366
2026-04-28,West,Marketplace,7816,555,353,37.43,14.600000000000001,6346.98,58036.9,15,38336.28,0.042492917847025496,3869.1266666666666,0.3394499017004699,0.3900614480363345
2026-04-28,West,Web,11883,771,498,52.64,20.53,9703.74,116933.84,20,87540.02,0.040160642570281124,5846.692,0.2513713737614363,0.39000759878419455
2026-04-29,East,App,7481,519,314,33.21,12.95,5410.8099999999995,46825.53,13,31002.91,0.041401273885350316,3601.963846153846,0.33790583897288506,0.38994278831677204
2026-04-29,East,Marketplace,6592,442,281,29.619999999999997,11.55,4958.450000000001,54421.759999999995,12,35544.48,0.042704626334519574,4535.1466666666665,0.34687007549921195,0.38993923024983124
2026-04-29,East,Web,7710,584,361,36.81,14.36,6208.780000000001,228871.17,15,156288.32,0.04155124653739612,15258.078000000001,0.31713408901610457,0.39011138277641944
2026-04-29,North,App,10160,781,462,48.45,18.900000000000002,8806.05,224814.78999999998,20,153806.69,0.04329004329004329,11240.7395,0.31585155051409197,0.39009287925696595
2026-04-29,North,Marketplace,8884,584,395,42.2,16.46,7864.09,199233.91,17,134897.95,0.043037974683544304,11719.641764705882,0.32291671633608954,0.3900473933649289
2026-04-29,North,Web,12403,839,520,54.07,21.09,9482.69,171643.51,21,113724.08,0.04038461538461539,8173.500476190477,0.33744025626136404,0.3900499352690956
2026-04-29,South,App,9453,614,396,41.04,16.0,6946.38,190547.13,17,126627.51000000001,0.04292929292929293,11208.654705882353,0.3354530713739955,0.38986354775828463
2026-04-29,South,Marketplace,7257,538,321,34.28,13.36,5994.389999999999,112493.69,14,92818.12,0.04361370716510903,8035.263571428572,0.17490376571343696,0.38973162193698946
2026-04-29,South,Web,9964,651,441,46.24,18.03,8415.62,220306.63,18,146201.78,0.04081632653061224,12239.257222222222,0.33637140198640414,0.3899221453287197
2026-04-29,West,App,10213,681,445,46.85,18.27,8506.72,129982.08,18,87583.69,0.04044943820224719,7221.2266666666665,0.326186425082596,0.38996798292422624
2026-04-29,West,Marketplace,8334,569,348,36.95,14.41,6187.33,71598.77,15,47313.77,0.04310344827586207,4773.251333333334,0.3391818043801591,0.3899864682002706
2026-04-29,West,Web,11705,839,500,51.96,20.259999999999998,8701.14,91678.99,21,65338.69,0.042,4365.66619047619,0.28731010234733173,0.38991531947652036
2026-04-30,East,App,7531,493,326,33.55,13.09,6082.33,98879.12,14,68998.72,0.04294478527607362,7062.794285714285,0.3021912007307508,0.39016393442622954
2026-04-30,East,Marketplace,5709,467,278,29.81,11.620000000000001,4862.79,158985.59,12,103512.53,0.04316546762589928,13248.799166666666,0.3489187919483772,0.38980207983898024
2026-04-30,East,Web,9064,629,392,40.84,15.93,7336.459999999999,101640.76,16,66492.47,0.04081632653061224,6352.5475,0.3458090041829675,0.3900587659157688
2026-04-30,North,App,11055,729,467,48.9,19.07,8481.1,165457.29,19,107117.82,0.04068522483940043,8708.278421052632,0.35259534348713195,0.3899795501022495
2026-04-30,North,Marketplace,9043,648,395,41.69,16.259999999999998,6823.65,113891.42,16,72928.98,0.04050632911392405,7118.21375,0.35966221160470213,0.39002158791076996
2026-04-30,North,Web,12676,864,552,56.9,22.189999999999998,10253.21,179194.8,23,120872.86,0.041666666666666664,7791.0782608695645,0.32546669881045653,0.3899824253075571
2026-04-30,South,App,9005,597,388,40.91,15.95,7485.93,164216.65,16,109677.6,0.041237113402061855,10263.540625,0.3321164449524454,0.38988022488389146
2026-04-30,South,Marketplace,7310,538,338,35.03,13.66,5948.76,161916.12,14,106511.37,0.04142011834319527,11565.437142857143,0.3421818037635783,0.3899514701684271
2026-04-30,South,Web,9924,700,439,46.760000000000005,18.240000000000002,7516.29,181282.16999999998,19,119090.01999999999,0.04328018223234624,9541.166842105262,0.3430682123895582,0.3900769888793841
2026-04-30,West,App,10026,695,442,46.03,17.95,7854.92,119869.18999999999,19,78435.03,0.042986425339366516,6308.904736842104,0.3456614664702414,0.3899630675646317
2026-04-30,West,Marketplace,8050,514,334,35.03,13.66,6177.54,131107.68,14,91277.34,0.041916167664670656,9364.834285714285,0.30379867907051666,0.3899514701684271
2026-04-30,West,Web,11088,745,469,49.57,19.33,8178.34,203134.77,20,130456.31999999999,0.042643923240938165,10156.7385,0.3577843911212246,0.3899536009683276
2026-05-01,East,App,7469,520,326,34.57,13.48,6371.41,130320.97,14,87604.28,0.04294478527607362,9308.640714285715,0.3277806326947996,0.3899334683251374
2026-05-01,East,Marketplace,6230,409,264,27.6,10.76,4983.98,82361.05,11,64674.31,0.041666666666666664,7487.368181818182,0.21474641229076127,0.3898550724637681
2026-05-01,East,Web,9338,592,367,38.67,15.08,6859.98,173984.68,15,117505.9,0.04087193460490463,11598.978666666666,0.3246192710760511,0.3899663822084303
2026-05-01,North,App,9991,741,455,47.79,18.64,9151.11,201800.52000000002,20,135336.59,0.04395604395604396,10090.026000000002,0.3293546022577148,0.3900397572713957
2026-05-01,North,Marketplace,8140,578,367,38.81,15.14,6753.219999999999,137021.16999999998,15,87991.62,0.04087193460490463,9134.744666666666,0.3578246339598472,0.39010564287554755
2026-05-01,North,Web,11972,824,509,53.68,20.93,9956.05,217010.31999999998,21,142215.78,0.0412573673870334,10333.824761904762,0.34465890838739827,0.389903129657228
2026-05-01,South,App,10309,664,415,43.54,16.98,7103.24,126950.67000000001,17,84594.97,0.04096385542168675,7467.686470588236,0.3336390426297081,0.38998621956821317
2026-05-01,South,Marketplace,7797,509,341,35.79,13.96,6507.52,82062.16,15,56782.24,0.04398826979472141,5470.810666666667,0.30805818418623154,0.39005308745459627
2026-05-01,South,Web,10121,712,460,49.17,19.17,8278.13,168924.36000000002,19,110928.03,0.041304347826086954,8890.755789473686,0.3433272146184245,0.38987187309334964
2026-05-01,West,App,8811,689,419,43.76,17.07,7798.79,157971.91,17,114918.28,0.0405727923627685,9292.465294117646,0.27253978254741623,0.39008226691042047
2026-05-01,West,Marketplace,8639,628,379,40.17,15.67,7168.210000000001,65918.04000000001,16,44232.6,0.04221635883905013,4119.8775000000005,0.3289758008581567,0.39009210853871046
2026-05-01,West,Web,12195,790,491,51.33,20.02,9767.22,201515.69,21,131463.28,0.04276985743380855,9595.985238095238,0.347627571828278,0.3900253263198909
2026-05-02,East,App,9154,605,381,40.95,15.969999999999999,6682.79,132163.15,16,88718.86,0.04199475065616798,8260.196875,0.3287171197115081,0.38998778998778993
2026-05-02,East,Marketplace,6693,472,298,31.480000000000004,12.280000000000001,5516.780000000001,80446.04000000001,12,53895.369999999995,0.040268456375838924,6703.836666666667,0.3300432190322856,0.3900889453621347
2026-05-02,East,Web,9000,623,393,41.96,16.36,7162.02,118873.94,17,78242.68,0.043256997455470736,6992.584705882353,0.3418012391950667,0.3898951382268827
2026-05-02,North,App,11124,842,517,52.64,20.53,9997.689999999999,193979.78999999998,21,126979.37999999999,0.04061895551257253,9237.132857142857,0.3453989201658585,0.39000759878419455
2026-05-02,North,Marketplace,9355,653,409,41.55,16.21,7885.69,113668.09,17,75375.01,0.04156479217603912,6686.358235294118,0.33688504838957006,0.39013237063778583
2026-05-02,North,Web,13072,941,581,59.26,23.12,10902.36,209318.66999999998,24,136831.63999999998,0.04130808950086059,8721.61125,0.3462998785535949,0.39014512318596023
2026-05-02,South,App,10593,752,451,48.05,18.74,8198.17,154971.73,18,101232.19,0.03991130820399113,8609.540555555555,0.3467699560429506,0.39001040582726326
2026-05-02,South,Marketplace,8405,592,364,38.17,14.88,6167.67,71412.41,15,50128.21,0.04120879120879121,4760.827333333334,0.29804623594134416,0.3898349489127587
2026-05-02,South,Web,11935,838,515,52.05,20.31,9051.1,84518.55,22,56034.38,0.04271844660194175,3841.752272727273,0.3370167850726261,0.39020172910662826
2026-05-02,West,App,10446,769,462,48.17,18.79,7767.67,111607.35,20,73548.70999999999,0.04329004329004329,5580.3675,0.34100478149512564,0.39007681129333605
2026-05-02,West,Marketplace,8646,617,386,41.65,16.240000000000002,7382.05,230636.57,16,152221.09,0.04145077720207254,14414.785625,0.33999586448931324,0.3899159663865547
2026-05-02,West,Web,11216,867,540,56.400000000000006,22.0,9838.21,183426.2,23,130513.45,0.04259259259259259,7975.052173913044,0.28846887740137456,0.39007092198581556
2026-05-03,East,App,7597,571,348,35.620000000000005,13.89,6538.55,92289.3,15,61354.990000000005,0.04310344827586207,6152.62,0.33518847797090234,0.38994946659180235
2026-05-03,East,Marketplace,7028,476,296,31.0,12.09,5400.93,112107.41,13,73493.8,0.04391891891891892,8623.646923076923,0.34443405658912285,0.39
2026-05-03,East,Web,9246,633,400,42.9,16.73,7463.7,147186.4,17,98382.8,0.0425,8658.023529411765,0.3315768304680323,0.38997668997669
2026-05-03,North,App,10917,803,500,52.19,20.35,8432.289999999999,183578.29,21,126717.04000000001,0.042,8741.823333333334,0.3097384227731939,0.3899214408890593
2026-05-03,North,Marketplace,8833,640,407,42.67,16.64,7686.83,130927.8,18,84533.27,0.044226044226044224,7273.766666666666,0.3543520169131384,0.38996953363018516
2026-05-03,North,Web,13960,1010,618,65.34,25.479999999999997,11558.9,154433.02,26,100657.25,0.042071197411003236,5939.731538461538,0.3482141966789226,0.38996020814202625
2026-05-03,South,App,10112,734,436,45.09,17.59,8094.1900000000005,186150.75,18,121144.58,0.04128440366972477,10341.708333333334,0.34921250653032554,0.39010867154579726
2026-05-03,South,Marketplace,8088,576,368,38.67,15.08,7161.67,95737.23,16,62322.53,0.043478260869565216,5983.576875,0.34902513891408804,0.3899663822084303
2026-05-03,South,Web,11338,879,517,53.42,20.83,10111.810000000001,173677.81,22,124894.12,0.0425531914893617,7894.445909090909,0.2808861419890083,0.38992886559341067
2026-05-03,West,App,10411,776,469,49.16,19.17,8687.57,125939.42,20,81764.67,0.042643923240938165,6296.971,0.35076189806178243,0.38995117982099275
2026-05-03,West,Marketplace,8826,598,388,39.07,15.24,7210.7300000000005,80913.48,16,54998.39,0.041237113402061855,5057.0925,0.32028149079733065,0.3900691067315076
2026-05-03,West,Web,12419,852,533,55.760000000000005,21.740000000000002,9520.78,265190.74,23,172833.88999999998,0.043151969981238276,11530.032173913043,0.34826574261227977,0.3898852223816356
2026-05-04,East,App,7455,491,317,33.019999999999996,12.879999999999999,5167.58,87425.20999999999,13,59375.229999999996,0.04100946372239748,6725.016153846153,0.32084544034838464,0.39006662628709876
2026-05-04,East,Marketplace,6251,446,272,28.0,10.92,5136.48,51339.97,12,41427.82,0.04411764705882353,4278.330833333333,0.19306887012205112,0.39
2026-05-04,East,Web,7818,583,364,38.120000000000005,14.86,6339.209999999999,90514.87,16,58799.270000000004,0.04395604395604396,5657.179375,0.35039104624466666,0.38982161594963266
2026-05-04,North,App,11038,741,462,50.09,19.53,8480.59,159127.13,19,104085.13,0.04112554112554113,8375.112105263159,0.34589953328511613,0.3898981832701138
2026-05-04,North,Marketplace,8680,612,378,39.74,15.5,6948.290000000001,193401.96,16,125244.15999999999,0.042328042328042326,12087.6225,0.3524152495662402,0.39003522898842474
2026-05-04,North,Web,12174,826,502,53.019999999999996,20.67,10391.92,163786.83,21,107821.6,0.04183266932270916,7799.372857142856,0.3416955441411253,0.3898528857035082
2026-05-04,South,App,8180,648,385,40.260000000000005,15.7,7257.66,99145.89,16,63322.020000000004,0.04155844155844156,6196.618125,0.3613248113461889,0.38996522603079975
2026-05-04,South,Marketplace,6824,500,315,32.41,12.64,5851.83,77076.5,13,69104.74,0.04126984126984127,5928.961538461538,0.1034265956549661,0.3900030854674484
2026-05-04,South,Web,10864,798,480,51.5,20.09,8359.79,88602.98,20,60569.61,0.041666666666666664,4430.148999999999,0.3163930829414541,0.3900970873786408
2026-05-04,West,App,8328,636,405,42.82,16.7,7422.469999999999,165074.11,17,108841.78,0.04197530864197531,9710.241764705881,0.34064899698686846,0.3900046707146193
2026-05-04,West,Marketplace,7819,583,357,37.120000000000005,14.48,6679.46,118377.9,15,80168.44,0.04201680672268908,7891.86,0.32277528153481344,0.3900862068965517
2026-05-04,West,Web,10488,769,474,50.83,19.83,8675.310000000001,228192.26,19,149171.37,0.04008438818565401,12010.11894736842,0.34629084264295384,0.39012394255361005
2026-05-05,East,App,8507,557,347,36.12,14.09,7080.91,159174.6,15,102532.95,0.043227665706051875,10611.640000000001,0.3558460332238938,0.3900885935769657
2026-05-05,East,Marketplace,6514,479,297,31.4,12.239999999999998,5168.76,107438.24,12,74159.39,0.04040404040404041,8953.186666666666,0.3097486518766503,0.3898089171974522
2026-05-05,East,Web,9633,727,427,45.0,17.55,7677.43,168227.92,18,118648.57,0.04215456674473068,9345.995555555557,0.29471534808252997,0.39
2026-05-05,North,App,11384,753,474,50.95,19.88,9263.79,95438.75,20,70499.18,0.04219409282700422,4771.9375,0.261314927112939,0.39018645731108925
2026-05-05,North,Marketplace,10128,681,441,46.5,18.14,8214.55,246700.19,19,162317.52,0.04308390022675737,12984.22052631579,0.3420454195839898,0.39010752688172046
2026-05-05,North,Web,12533,919,555,58.78,22.92,10553.86,178555.13,24,119641.95999999999,0.043243243243243246,7439.797083333334,0.3299438666365957,0.3899285471248724
2026-05-05,South,App,9386,673,410,40.870000000000005,15.93,7461.99,116465.56,17,77018.85,0.041463414634146344,6850.915294117647,0.3386984959330466,0.38977244922926346
2026-05-05,South,Marketplace,8450,557,349,36.43,14.21,6270.88,82594.56,15,104896.86,0.04297994269340974,5506.304,-0.27002141545399605,0.3900631347790283
2026-05-05,South,Web,12343,833,511,54.59,21.29,9188.779999999999,92073.61,21,63285.06,0.0410958904109589,4384.457619047619,0.3126688526712486,0.38999816816266714
2026-05-05,West,App,9339,722,424,45.84,17.88,8029.86,184411.03,18,121952.15000000001,0.04245283018867924,10245.057222222222,0.3386938406016169,0.39005235602094235
2026-05-05,West,Marketplace,9032,610,380,38.71,15.1,6359.73,136708.09,16,97328.4,0.042105263157894736,8544.255625,0.28805676386818074,0.39008008266597777
2026-05-05,West,Web,11769,769,500,53.57,20.9,9204.2,160325.48,21,110550.17,0.042,7634.546666666667,0.31046412585198563,0.3901437371663244
2026-05-06,East,App,8004,584,342,37.019999999999996,14.440000000000001,6294.67,86693.27,14,57275.21,0.04093567251461988,6192.376428571429,0.3393349910552457,0.3900594273365749
2026-05-06,East,Marketplace,6721,436,291,30.26,11.809999999999999,5220.209999999999,72762.52,12,74188.14,0.041237113402061855,6063.543333333334,-0.01959277935948336,0.390284203569068
2026-05-06,East,Web,10336,669,417,44.42,17.330000000000002,7407.46,71160.86,18,49568.59,0.04316546762589928,3953.3811111111113,0.30342901982915893,0.390139576767222
2026-05-06,North,App,11116,769,477,50.26,19.6,8668.92,170671.41999999998,20,113473.64,0.041928721174004195,8533.571,0.3351339081845103,0.3899721448467967
2026-05-06,North,Marketplace,10131,655,422,42.760000000000005,16.68,7348.33,123228.16,18,86038.70999999999,0.04265402843601896,6846.0088888888895,0.301793437474032,0.39008419083255375
2026-05-06,North,Web,13605,942,591,62.230000000000004,24.27,10302.36,224857.52,25,149526.97,0.04230118443316413,8994.300799999999,0.3350145905727324,0.39000482082596816
2026-05-06,South,App,9676,707,430,45.58,17.78,7952.98,130913.21,18,85763.33,0.04186046511627907,7272.956111111112,0.3448840647937668,0.3900833698990786
2026-05-06,South,Marketplace,8217,543,346,36.519999999999996,14.24,5739.67,76605.14,15,50692.04,0.04335260115606936,5107.009333333333,0.33826842428588993,0.38992332968236587
2026-05-06,South,Web,10391,758,483,50.04,19.52,8658.04,168479.02,21,111388.1,0.043478260869565216,8022.810476190476,0.3388607079979453,0.390087929656275
2026-05-06,West,App,9780,712,424,44.69,17.43,7486.370000000001,157231.45,18,103336.13,0.04245283018867924,8735.080555555556,0.34277696987466566,0.39002013873349745
2026-05-06,West,Marketplace,9469,611,393,41.09,16.02,7597.74,104493.39,16,68395.01,0.04071246819338423,6530.836875,0.3454608947034832,0.38987588220978336
2026-05-06,West,Web,12950,832,519,54.760000000000005,21.36,9393.439999999999,187695.44,22,124545.54,0.04238921001926782,8531.610909090909,0.33644877041232335,0.3900657414170927
2026-05-07,East,App,7309,501,312,33.22,12.95,5895.8099999999995,56560.53,13,37749.409999999996,0.041666666666666664,4350.8099999999995,0.33258387076641616,0.38982540638169777
2026-05-07,East,Marketplace,5995,446,270,28.33,11.05,4709.17,66613.05,12,54168.59,0.044444444444444446,5551.087500000001,0.1868171476910306,0.39004588775150023
2026-05-07,East,Web,7680,572,357,37.69,14.7,6730.2,49541.01,15,32640.3,0.04201680672268908,3302.734,0.34114585068007297,0.3900238790130008
2026-05-07,North,App,9624,703,441,44.88,17.5,8786.380000000001,101216.71,18,67932.74,0.04081632653061224,5623.150555555556,0.3288386868136694,0.38992869875222813
2026-05-07,North,Marketplace,8314,586,370,38.95,15.190000000000001,6622.85,74840.96,15,49226.07,0.04054054054054054,4989.397333333333,0.3422576353911014,0.389987163029525
2026-05-07,North,Web,12700,899,538,54.959999999999994,21.43,9821.55,95990.58,23,63540.21,0.04275092936802974,4173.50347826087,0.33805785942745636,0.389919941775837
2026-05-07,South,App,9327,627,400,42.83,16.7,8009.99,118534.45,17,78243.20999999999,0.0425,6972.614705882353,0.3399116459392186,0.3899136119542377
2026-05-07,South,Marketplace,7305,528,323,32.41,12.64,6276.860000000001,110698.73999999999,14,71863.71,0.043343653250773995,7907.052857142857,0.35081727217491354,0.3900030854674484
2026-05-07,South,Web,10219,704,457,47.900000000000006,18.689999999999998,8182.57,216698.4,19,141115.91999999998,0.04157549234135667,11405.17894736842,0.3487911308989822,0.3901878914405009
2026-05-07,West,App,9810,636,415,42.34,16.52,7084.12,98691.84,17,65859.18000000001,0.04096385542168675,5805.402352941176,0.3326785679545542,0.39017477562588565
2026-05-07,West,Marketplace,8093,543,339,35.29,13.760000000000002,6236.83,59203.99,14,41333.04,0.04129793510324484,4228.856428571428,0.3018538108664635,0.38991215641824883
2026-05-07,West,Web,11350,788,500,54.28,21.17,9568.54,157760.29,21,104092.59,0.042,7512.394761904762,0.3401850998118729,0.39001473839351514
2026-05-08,East,App,7205,550,331,35.599999999999994,13.88,5851.9,114455.55,14,76778.83,0.04229607250755287,8175.396428571429,0.3291821148035198,0.3898876404494383
2026-05-08,East,Marketplace,5955,407,252,27.21,10.61,4625.34,94322.6,11,62579.42,0.04365079365079365,8574.781818181818,0.33653843299484965,0.3899301727306137
2026-05-08,East,Web,8214,572,357,37.1,14.47,7129.54,168940.49000000002,15,112376.09000000001,0.04201680672268908,11262.699333333334,0.33481849141079206,0.39002695417789757
2026-05-08,North,App,10097,693,436,47.480000000000004,18.52,7786.360000000001,200852.04,18,132526.47,0.04128440366972477,11158.446666666667,0.34017862103865115,0.3900589721988205
2026-05-08,North,Marketplace,8450,614,376,38.96,15.190000000000001,7252.86,184663.07,16,123709.23,0.0425531914893617,11541.441875,0.33008137468959015,0.38988706365503084
2026-05-08,North,Web,10928,816,507,53.89,21.02,9807.24,208438.54,22,138339.09,0.04339250493096647,9474.479090909092,0.3363075273891287,0.39005381332343664
2026-05-08,South,App,9057,573,376,40.16,15.66,7376.08,75317.09,16,55806.35,0.0425531914893617,4707.318125,0.2590479796816367,0.38994023904382474
2026-05-08,South,Marketplace,6972,493,314,33.43,13.03,5905.79,125619.77,13,83697.13,0.041401273885350316,9663.059230769231,0.333726450860402,0.3897696679629076
2026-05-08,South,Web,9757,652,429,43.64,17.02,8314.98,115309.48999999999,18,73434.65,0.04195804195804196,6406.082777777778,0.36315172324498185,0.3900091659028414
2026-05-08,West,App,9807,671,422,44.92,17.52,7693.95,187722.47,18,163087.55,0.04265402843601896,10429.02611111111,0.13123053409642443,0.390026714158504
2026-05-08,West,Marketplace,7495,555,335,35.43,13.82,6479.09,65472.73,14,43864.76,0.041791044776119404,4676.623571428571,0.33003007511677,0.3900649167372284
2026-05-08,West,Web,11058,774,471,50.730000000000004,19.79,8403.880000000001,162153.51,20,106434.06,0.04246284501061571,8107.6755,0.34362160893094457,0.39010447466982057
2026-05-09,East,App,7947,521,340,34.57,13.48,5997.200000000001,91750.83,14,60229.509999999995,0.041176470588235294,6553.630714285714,0.3435535133578629,0.3899334683251374
2026-05-09,East,Marketplace,7164,497,305,31.71,12.36,5554.27,127726.11,13,86129.89,0.04262295081967213,9825.085384615384,0.32566732048756514,0.3897824030274361
2026-05-09,East,Web,9685,635,395,39.82,15.53,7620.34,177554.54,17,117677.3,0.043037974683544304,10444.384705882354,0.3372329426214616,0.39000502260170766
2026-05-09,North,App,11834,795,498,51.6,20.119999999999997,10109.580000000002,146266.6,21,98793.3,0.04216867469879518,6965.076190476191,0.3245669209511946,0.389922480620155
2026-05-09,North,Marketplace,10071,688,426,44.54,17.37,8367.55,197959.78,18,128884.16,0.04225352112676056,10997.765555555556,0.3489376478393742,0.3899865289627302
2026-05-09,North,Web,13924,950,588,62.81,24.5,11023.54,146251.4,25,98111.06999999999,0.04251700680272109,5850.056,0.32916149862497046,0.39006527622989967
2026-05-09,South,App,10060,667,424,44.11,17.21,7824.639999999999,201759.2,18,141040.63,0.04245283018867924,11208.844444444445,0.3009457313470712,0.3901609612332805
2026-05-09,South,Marketplace,9309,586,374,39.09,15.24,7136.67,180344.53,16,120934.05,0.0427807486631016,11271.533125,0.32942767934242306,0.38986953184957784
2026-05-09,South,Web,11190,821,496,52.769999999999996,20.58,9735.17,142407.3,21,97366.73,0.04233870967741935,6781.299999999999,0.3162799238522182,0.3899943149516771
2026-05-09,West,App,10676,733,458,47.74,18.62,8303.81,137373.9,19,93346.81,0.04148471615720524,7230.2052631578945,0.32049093750705193,0.39002932551319647
2026-05-09,West,Marketplace,9310,624,402,41.69,16.259999999999998,7387.91,126987.62,17,84296.14,0.04228855721393035,7469.86,0.3361861573592764,0.39002158791076996
2026-05-09,West,Web,12743,916,569,59.79,23.32,10216.5,213822.38,24,143991.88,0.0421792618629174,8909.265833333333,0.32658181056632146,0.3900317778892792
2026-05-10,East,App,8481,609,376,38.59,15.05,6834.36,121140.45999999999,16,92635.28,0.0425531914893617,7571.2787499999995,0.23530684958600945,0.38999740865509197
2026-05-10,East,Marketplace,6888,446,297,31.740000000000002,12.379999999999999,5872.64,100566.54,12,66569.13,0.04040404040404041,8380.545,0.3380588613270377,0.3900441083805923
2026-05-10,East,Web,9052,688,423,43.57,17.0,7992.54,142863.84,18,97564.95999999999,0.0425531914893617,7936.88,0.3170772954163909,0.39017672710580675
2026-05-10,North,App,12103,807,509,52.69,20.55,9440.4,189323.94,21,121991.70999999999,0.0412573673870334,9015.425714285715,0.35564561988304283,0.39001708104004557
2026-05-10,North,Marketplace,8821,634,398,41.91,16.34,7286.969999999999,128937.47,16,83582.79000000001,0.04020100502512563,8058.591875,0.35175717345780083,0.38988308279646866
2026-05-10,North,Web,13818,1000,595,62.730000000000004,24.46,10856.22,171070.6,25,112281.95,0.04201680672268908,6842.8240000000005,0.3436513930505885,0.38992507572134544
2026-05-10,South,App,9272,674,436,45.879999999999995,17.89,8290.41,119781.09000000001,18,79374.61,0.04128440366972477,6654.505000000001,0.33733605195945376,0.3899302528334787
2026-05-10,South,Marketplace,7941,576,359,36.660000000000004,14.29,6954.74,162589.19,15,106955.79,0.04178272980501393,10839.279333333334,0.3421715797956802,0.389798145117294
2026-05-10,South,Web,10976,862,507,54.39,21.21,9337.21,173118.9,21,113566.63,0.04142011834319527,8243.757142857143,0.3439963516404043,0.38996138996138996
2026-05-10,West,App,10362,726,443,46.6,18.169999999999998,8528.31,157139.02000000002,19,114782.37,0.04288939051918736,8270.474736842107,0.26954890007586924,0.3899141630901287
2026-05-10,West,Marketplace,9411,597,384,40.21,15.68,7537.76,137313.19999999998,16,92481.24,0.041666666666666664,8582.074999999999,0.32649417535968855,0.38995274807261876
2026-05-10,West,Web,12400,861,535,55.34,21.59,9627.73,204705.48,23,137521.09,0.04299065420560748,8900.238260869566,0.3282002514050919,0.39013371882905673
2026-05-11,East,App,8205,519,340,36.38,14.190000000000001,5930.67,131555.45,14,86674.16,0.041176470588235294,9396.817857142858,0.3411587281256687,0.39004947773501925
2026-05-11,East,Marketplace,6217,457,274,28.759999999999998,11.21,5005.24,66114.81,12,49017.83,0.043795620437956206,5509.5675,0.25859531321348417,0.3897774687065369
2026-05-11,East,Web,7915,598,368,40.28,15.709999999999999,6979.280000000001,92061.3,16,60628.46,0.043478260869565216,5753.83125,0.3414338055187142,0.39001986097318764
2026-05-11,North,App,9693,646,443,46.42,18.1,8469.48,211848.58,19,139162.15,0.04288939051918736,11149.925263157895,0.34310558041031003,0.3899181387333046
2026-05-11,North,Marketplace,9509,667,408,40.45,15.780000000000001,7576.35,163411.32,17,108729.92,0.041666666666666664,9612.430588235295,0.33462430876881727,0.3901112484548826
2026-05-11,North,Web,12067,905,547,60.260000000000005,23.5,9679.43,225047.57,23,148654.99,0.04204753199268738,9784.67695652174,0.3394508103331221,0.38997676734152004
2026-05-11,South,App,8778,650,410,42.83,16.7,7994.83,107423.25,17,71078.81,0.041463414634146344,6319.014705882353,0.3383293653841231,0.3899136119542377
2026-05-11,South,Marketplace,7928,540,333,35.31,13.77,6164.26,142913.13999999998,14,92948.01,0.042042042042042045,10208.081428571428,0.3496188663967498,0.3899745114698385
2026-05-11,South,Web,10691,709,442,46.36,18.08,7890.719999999999,177670.0,19,143929.5,0.042986425339366516,9351.052631578947,0.18990544267462148,0.3899913718723037
2026-05-11,West,App,10017,667,414,43.79,17.08,7700.5,184993.38,18,125995.81,0.043478260869565216,10277.41,0.31891719584776496,0.3900433889015757
2026-05-11,West,Marketplace,7928,553,347,36.589999999999996,14.27,6094.4400000000005,96107.12000000001,14,111968.08,0.040345821325648415,6864.794285714286,-0.16503418269114703,0.3899972670128451
2026-05-11,West,Web,11045,753,488,50.739999999999995,19.79,8813.93,139667.33,21,93309.0,0.0430327868852459,6650.825238095237,0.33191964076351993,0.3900275916436737
2026-05-12,East,App,7611,464,319,33.379999999999995,13.02,6122.719999999999,67222.76,13,43709.840000000004,0.04075235109717868,5170.981538461538,0.3497761769971955,0.3900539245056921
2026-05-12,East,Marketplace,5904,439,267,27.950000000000003,10.9,4912.43,73043.58,11,50287.12,0.04119850187265917,6640.325454545455,0.311546339869979,0.3899821109123434
2026-05-12,East,Web,9508,593,374,39.74,15.5,7303.219999999999,145762.5,16,97273.29999999999,0.0427807486631016,9110.15625,0.33265894863219286,0.39003522898842474
2026-05-12,North,App,9497,727,438,45.68,17.810000000000002,8448.539999999999,124104.40000000001,18,83816.75,0.0410958904109589,6894.68888888889,0.32462708816125785,0.38988616462346765
2026-05-12,North,Marketplace,8347,536,362,38.45,15.0,6724.3099999999995,100520.02,15,67024.15,0.04143646408839779,6701.334666666667,0.33322585888860756,0.39011703511053314
2026-05-12,North,Web,12007,821,526,55.5,21.65,9975.77,198463.74,22,132744.29,0.04182509505703422,9021.07909090909,0.33114084215081296,0.39009009009009005
2026-05-12,South,App,8716,596,372,39.599999999999994,15.450000000000001,6514.74,177863.41,15,122828.87,0.04032258064516129,11857.560666666666,0.3094202455693389,0.39015151515151525
2026-05-12,South,Marketplace,6855,531,319,33.55,13.09,6299.04,172656.6,13,110558.84,0.04075235109717868,13281.276923076923,0.3596605053035911,0.39016393442622954
2026-05-12,South,Web,9590,784,459,48.95,19.09,9046.76,105396.41,19,68811.14,0.04139433551198257,5547.17947368421,0.34712064670893444,0.3899897854954035
2026-05-12,West,App,9533,676,424,44.62,17.4,8160.93,160466.97,17,104194.93,0.04009433962264151,9439.233529411766,0.35067677790638163,0.3899596593455849
2026-05-12,West,Marketplace,7748,555,349,36.71,14.31,6632.93,61547.979999999996,15,41147.89,0.04297994269340974,4103.198666666666,0.3314501954410201,0.3898120403159902
2026-05-12,West,Web,11298,804,481,50.45,19.67,8981.26,194530.81,20,130659.18,0.04158004158004158,9726.5405,0.3283368326076471,0.38989098116947474
2026-05-13,East,App,7076,492,314,32.4,12.64,6111.26,145876.5,13,96227.55,0.041401273885350316,11221.26923076923,0.3403491994940926,0.3901234567901235
2026-05-13,East,Marketplace,5795,431,272,28.33,11.05,4617.62,129716.73999999999,11,83154.47,0.04044117647058824,11792.430909090908,0.35895343962544846,0.39004588775150023
2026-05-13,East,Web,8865,605,379,38.79,15.12,6297.35,218634.51,16,145478.47,0.04221635883905013,13664.656875,0.3346042671854503,0.38979118329466356
2026-05-13,North,App,9838,688,432,45.55,17.76,8071.469999999999,133234.18,18,89510.68000000001,0.041666666666666664,7401.898888888889,0.3281702938390133,0.389901207464325
2026-05-13,North,Marketplace,8652,546,371,38.61,15.05,7481.8099999999995,180396.84,15,118037.53,0.04043126684636118,12026.456,0.34567850523324023,0.3897953897953898
2026-05-13,North,Web,12241,823,493,51.81,20.21,9046.21,143073.78,21,106798.84,0.04259634888438134,6813.0371428571425,0.25354009658513255,0.3900791353020652
2026-05-13,South,App,9698,611,390,40.739999999999995,15.88,7380.08,141963.58000000002,16,95526.36,0.041025641025641026,8872.723750000001,0.32710657198134907,0.38978890525282284
2026-05-13,South,Marketplace,7841,588,357,38.09,14.86,7005.38,129441.4,15,84911.23,0.04201680672268908,8629.426666666666,0.34401798806255185,0.3901286426883696
2026-05-13,South,Web,10486,757,466,47.98,18.71,9124.14,139920.84,19,90651.52,0.0407725321888412,7364.254736842105,0.35212281458573286,0.389954147561484
2026-05-13,West,App,10538,695,441,43.69,17.04,8107.790000000001,115274.14,19,76883.66,0.04308390022675737,6067.06,0.3330363601064384,0.39002059967956054
2026-05-13,West,Marketplace,8055,567,349,35.66,13.91,6563.450000000001,125635.9,15,84590.31999999999,0.04297994269340974,8375.726666666666,0.3267026383382457,0.3900729108244532
2026-05-13,West,Web,11812,798,502,51.97,20.27,9620.09,199302.1,22,143686.75,0.043824701195219126,9059.186363636363,0.2790504967082635,0.39003271117952665
2026-05-14,East,App,7493,515,330,33.910000000000004,13.219999999999999,5909.41,102297.45,14,68506.36,0.04242424242424243,7306.960714285714,0.33032191907031894,0.3898554998525508
2026-05-14,East,Marketplace,6698,465,279,29.38,11.46,5011.8099999999995,109621.07,12,72446.47,0.043010752688172046,9135.089166666667,0.33911911277640333,0.3900612661674609
2026-05-14,East,Web,8976,641,396,41.900000000000006,16.34,8090.07,157421.45,16,101100.37000000001,0.04040404040404041,9838.840625,0.3577725907111134,0.38997613365155126
2026-05-14,North,App,10812,721,446,46.57,18.16,8373.95,106285.51000000001,18,83823.79000000001,0.04035874439461883,5904.750555555556,0.2113337932894145,0.3899506119819626
2026-05-14,North,Marketplace,8747,569,376,40.06999999999999,15.620000000000001,7050.969999999999,98227.31,16,64927.1,0.0425531914893617,6139.206875,0.3390117269830559,0.3898178188170702
2026-05-14,North,Web,11617,828,528,56.48,22.03,9483.38,130711.41,22,86987.09,0.041666666666666664,5941.427727272728,0.33451035376330196,0.39004957507082155
2026-05-14,South,App,8717,579,359,38.05,14.84,6332.59,91538.68,15,61149.880000000005,0.04178272980501393,6102.578666666666,0.33197769511205527,0.39001314060446785
2026-05-14,South,Marketplace,6819,536,314,33.86,13.21,5594.4,97374.9,13,64510.56,0.041401273885350316,7490.376923076923,0.33750319640893084,0.3901358535144714
2026-05-14,South,Web,10634,710,471,50.07,19.52,8757.54,90377.48999999999,19,82054.33,0.040339702760084924,4756.709999999999,0.09209328561791205,0.38985420411424004
2026-05-14,West,App,9285,631,393,40.760000000000005,15.9,7904.29,90788.20999999999,16,60155.64,0.04071246819338423,5674.2631249999995,0.3374069166029377,0.3900883218842002
2026-05-14,West,Marketplace,8276,558,352,36.24,14.14,6442.59,106842.41,15,109105.09,0.04261363636363636,7122.827333333334,-0.021177732699964303,0.3901766004415011
2026-05-14,West,Web,11848,821,493,50.78,19.810000000000002,9294.69,194630.33,21,131192.86,0.04259634888438134,9268.110952380952,0.32593825433065854,0.39011421819614023
2026-05-15,East,App,6528,462,302,31.76,12.379999999999999,5554.1900000000005,83845.24,13,55359.64,0.04304635761589404,6449.633846153846,0.3397402166181408,0.38979848866498734
2026-05-15,East,Marketplace,5931,415,264,27.76,10.83,4891.47,41044.26,11,26792.64,0.041666666666666664,3731.296363636364,0.34722565347748996,0.39012968299711814
2026-05-15,East,Web,8557,607,372,39.07,15.24,6696.8099999999995,88814.71,15,59606.11,0.04032258064516129,5920.980666666667,0.3288711971248907,0.3900691067315076
2026-05-15,North,App,9931,700,438,45.81,17.86,8473.79,105859.01,18,93774.03,0.0410958904109589,5881.056111111111,0.11416109030303605,0.3898712071600087
2026-05-15,North,Marketplace,9435,629,393,42.65,16.64,6798.97,90698.59,16,59298.96,0.04071246819338423,5668.661875,0.3461975538980264,0.39015240328253226
2026-05-15,North,Web,11183,808,498,50.959999999999994,19.88,8741.36,195866.62,21,129664.97,0.04216867469879518,9326.981904761904,0.3379935284531892,0.3901098901098901
2026-05-15,South,App,9145,593,381,40.45,15.780000000000001,7018.09,174900.76,16,111372.09999999999,0.04199475065616798,10931.2975,0.36322689506895234,0.3901112484548826
2026-05-15,South,Marketplace,7457,550,335,33.74,13.16,5902.9,71983.18,14,47173.869999999995,0.041791044776119404,5141.655714285714,0.3446542650658112,0.3900414937759336
2026-05-15,South,Web,10605,778,472,49.85,19.45,8598.95,184204.28,20,125184.8,0.0423728813559322,9210.214,0.320402327242342,0.3901705115346038
2026-05-15,West,App,9332,691,419,45.05,17.57,7959.57,124167.20999999999,17,83837.54,0.0405727923627685,7303.953529411764,0.32480129013126735,0.3900110987791343
2026-05-15,West,Marketplace,7769,523,338,35.24,13.739999999999998,6275.43,130951.59999999999,14,89987.86,0.04142011834319527,9353.685714285713,0.31281588006561195,0.3898978433598183
2026-05-15,West,Web,10036,788,483,51.91,20.240000000000002,9064.2,128320.81,20,83465.5,0.041407867494824016,6416.0405,0.3495560073225847,0.3899056058562898
2026-05-16,East,App,8445,550,359,37.93,14.79,6300.26,156008.11,15,114875.12,0.04178272980501393,10400.540666666666,0.2636593059168526,0.3899288162404429
2026-05-16,East,Marketplace,6764,467,292,30.96,12.07,5069.05,77877.79000000001,13,51964.68,0.04452054794520548,5990.599230769231,0.3327406953895328,0.3898578811369509
2026-05-16,East,Web,9752,646,412,42.9,16.73,7065.33,135133.99,18,88818.86,0.043689320388349516,7507.443888888888,0.3427348663352573,0.38997668997669
2026-05-16,North,App,11376,771,497,51.769999999999996,20.19,9805.92,229330.86,21,152366.02,0.04225352112676056,10920.517142857143,0.33560611947297453,0.38999420513811095
2026-05-16,North,Marketplace,9448,662,422,44.9,17.509999999999998,7816.45,114622.85,18,74926.31,0.04265402843601896,6367.936111111111,0.34632309351931145,0.38997772828507793
2026-05-16,North,Web,13753,974,593,61.120000000000005,23.84,11818.66,182848.27,25,119967.3,0.04215851602023609,7313.930799999999,0.34389699175168564,0.3900523560209424
2026-05-16,South,App,10781,688,445,48.02,18.73,8500.34,160306.47,19,107122.49,0.04269662921348315,8437.182631578948,0.33176440102511146,0.390045814244065
2026-05-16,South,Marketplace,7981,572,376,39.33,15.34,7045.31,64991.64,15,43970.45,0.0398936170212766,4332.776,0.3234445230186529,0.3900330536486143
2026-05-16,South,Web,12826,840,516,54.849999999999994,21.39,10198.310000000001,163980.88999999998,22,121348.02,0.04263565891472868,7453.676818181818,0.25998681919582206,0.38997265268915227
2026-05-16,West,App,10648,760,471,51.379999999999995,20.04,8629.64,235688.89,20,153592.58000000002,0.04246284501061571,11784.444500000001,0.3483249040716344,0.3900350330868042
2026-05-16,West,Marketplace,9771,640,402,41.5,16.19,7932.360000000001,104130.82,17,80137.76,0.04228855721393035,6125.342352941177,0.2304126674504245,0.39012048192771087
2026-05-16,West,Web,12290,857,546,57.72,22.509999999999998,10262.01,156919.28,23,110095.56,0.04212454212454213,6822.577391304348,0.2983936709370576,0.38998613998613996
2026-05-17,East,App,8476,619,360,38.04,14.83,6507.27,85987.46,15,57289.34,0.041666666666666664,5732.497333333334,0.33374773484412734,0.3898527865404837
2026-05-17,East,Marketplace,7093,508,312,32.54,12.690000000000001,5313.08,70224.9,13,46471.28,0.041666666666666664,5401.915384615384,0.3382506774662548,0.389981561155501
2026-05-17,East,Web,8619,629,400,41.74,16.28,7655.38,70270.96,17,47932.66,0.0425,4133.585882352942,0.3178880721139999,0.3900335409678965
2026-05-17,North,App,11416,801,504,53.64,20.92,9295.05,104215.1,21,70759.62,0.041666666666666664,4962.6238095238095,0.3210233449855156,0.3900074571215511
2026-05-17,North,Marketplace,9424,660,407,41.71,16.27,8157.91,84103.83,17,55905.42,0.04176904176904177,4947.284117647059,0.33528092596972103,0.3900743227043874
2026-05-17,North,Web,14489,1059,636,65.16,25.41,11962.45,346316.48,27,259948.85,0.04245283018867924,12826.536296296295,0.24938931580732163,0.389963167587477
2026-05-17,South,App,9576,645,405,41.84,16.310000000000002,7638.049999999999,115074.51,17,75734.51000000001,0.04197530864197531,6769.0888235294115,0.34186545743275365,0.3898183556405354
2026-05-17,South,Marketplace,8040,576,362,37.24,14.53,6725.120000000001,105382.1,16,84579.33,0.04419889502762431,6586.38125,0.19740325918728135,0.390171858216971
2026-05-17,South,Web,11945,793,508,52.31,20.4,8821.41,179209.09,22,119385.62999999999,0.04330708661417323,8145.867727272727,0.33381933918642187,0.38998279487669657
2026-05-17,West,App,10955,712,467,49.92,19.47,8135.74,188044.2,20,125932.69,0.042826552462526764,9402.210000000001,0.3303027160635638,0.39002403846153844
2026-05-17,West,Marketplace,9733,631,395,42.58,16.6,6758.24,176981.75,17,116239.81,0.043037974683544304,10410.691176470587,0.34321018975120315,0.3898543917332081
2026-05-17,West,Web,11888,834,531,54.41,21.22,9565.41,223510.07,23,186049.04,0.04331450094161959,9717.829130434782,0.16760332095999075,0.3900018378974453
2026-05-18,East,App,7436,500,314,34.24,13.350000000000001,5896.4,142856.72999999998,13,98855.3,0.041401273885350316,10988.97923076923,0.30801090015150134,0.38989485981308414
2026-05-18,East,Marketplace,5750,416,260,27.659999999999997,10.79,4666.69,85058.15000000001,11,55845.380000000005,0.04230769230769231,7732.5590909090915,0.34344469048527393,0.3900939985538684
2026-05-18,East,Web,8710,581,360,37.79,14.740000000000002,6695.93,119381.70999999999,15,76912.81,0.041666666666666664,7958.780666666667,0.3557404228838739,0.3900502778512835
2026-05-18,North,App,10131,724,464,48.849999999999994,19.05,8984.119999999999,134823.44,20,89608.81,0.04310344827586207,6741.1720000000005,0.3353617887216051,0.3899692937563972
2026-05-18,North,Marketplace,8962,612,376,39.76,15.5,6557.68,101409.64,16,66394.69,0.0425531914893617,6338.1025,0.34528226310634763,0.3898390342052314
2026-05-18,North,Web,11588,845,507,52.69,20.55,9061.91,259707.21,21,173176.35,0.04142011834319527,12367.01,0.33318620611264504,0.39001708104004557
2026-05-18,South,App,8731,643,398,40.84,15.93,7503.38,116868.23999999999,16,73694.64,0.04020100502512563,7304.264999999999,0.3694211532577199,0.3900587659157688
2026-05-18,South,Marketplace,7143,543,333,35.17,13.719999999999999,5820.07,71564.74,14,47586.5,0.042042042042042045,5111.767142857143,0.33505662145911524,0.39010520329826553
2026-05-18,South,Web,9896,735,462,49.709999999999994,19.39,7766.43,115607.17,19,80725.62,0.04112554112554113,6084.587894736842,0.30172479786504597,0.3900623616978476
2026-05-18,West,App,10173,677,429,44.79,17.47,8425.02,173495.0,18,124452.09,0.04195804195804196,9638.611111111111,0.2826762154528949,0.39004242018307655
2026-05-18,West,Marketplace,7829,543,336,34.34,13.399999999999999,7001.15,140736.78,14,94645.1,0.041666666666666664,10052.627142857144,0.327502732405843,0.39021549213744894
2026-05-18,West,Web,12958,869,515,52.93,20.64,9590.83,137988.04,22,91256.99,0.04271844660194175,6272.183636363637,0.33866014764757874,0.3899489892310599
2026-05-19,East,App,8916,562,347,37.04,14.450000000000001,6683.950000000001,102267.95,14,70468.27,0.040345821325648415,7304.853571428571,0.31094472901823095,0.3901187904967603
2026-05-19,East,Marketplace,5638,441,269,28.0,10.92,4812.83,111197.37,11,74156.29,0.040892193308550186,10108.851818181818,0.3331111158474342,0.39
2026-05-19,East,Web,8493,595,372,39.48,15.399999999999999,6554.35,135901.55,15,87449.05,0.04032258064516129,9060.103333333333,0.3565264708165579,0.3900709219858156
2026-05-19,North,App,11226,730,448,45.93,17.91,8274.71,144012.47,19,97737.25,0.04241071428571429,7579.603684210527,0.3213278683436233,0.38994121489222733
2026-05-19,North,Marketplace,9031,602,379,38.980000000000004,15.21,6789.33,145712.31,16,95239.16,0.04221635883905013,9107.019375,0.34638905937322656,0.3902001026167265
2026-05-19,North,Web,12293,862,531,55.7,21.72,9785.95,162563.42,22,111137.69,0.04143126177024482,7389.246363636365,0.31634256956454293,0.3899461400359066
2026-05-19,South,App,9788,645,397,40.59,15.83,7602.549999999999,228253.61000000002,17,148819.29,0.042821158690176324,13426.682941176472,0.3480090413465969,0.3899975363389997
2026-05-19,South,Marketplace,7397,517,319,34.09,13.29,5581.07,61201.840000000004,13,41136.79,0.04075235109717868,4707.833846153846,0.32785043717639867,0.3898503960105602
2026-05-19,South,Web,11082,740,464,50.120000000000005,19.55,8013.43,189812.28,18,126512.20999999999,0.03879310344827586,10545.126666666667,0.3334877490539601,0.39006384676775735
2026-05-19,West,App,9767,728,442,46.379999999999995,18.09,8656.77,102009.01,18,66459.8,0.04072398190045249,5667.167222222222,0.348490883305308,0.3900388098318241
2026-05-19,West,Marketplace,8255,538,341,36.12,14.09,5828.47,90054.86,14,64151.53,0.04105571847507331,6432.49,0.2876394455557424,0.3900885935769657
2026-05-19,West,Web,10833,748,469,49.14,19.17,9045.29,81723.4,19,57280.520000000004,0.04051172707889126,4301.231578947368,0.29909279349610995,0.39010989010989017
2026-05-20,East,App,7969,612,364,38.31,14.94,6828.87,111085.1,16,73233.44,0.04395604395604396,6942.81875,0.3407447083362215,0.38997650743931084
2026-05-20,East,Marketplace,6878,483,295,30.97,12.07,5483.07,78571.79,12,54448.92,0.04067796610169491,6547.649166666666,0.3070169331766528,0.3897319987084275
2026-05-20,East,Web,9227,655,398,41.5,16.19,7580.929999999999,106948.2,17,69971.39,0.04271356783919598,6291.070588235294,0.34574504292732366,0.39012048192771087
2026-05-20,North,App,10219,757,467,49.93,19.48,8033.379999999999,107982.09,20,73599.59999999999,0.042826552462526764,5399.1044999999995,0.31840919174652027,0.3901462046865612
2026-05-20,North,Marketplace,10005,650,417,43.64,17.02,7524.98,75711.63,18,62279.38,0.04316546762589928,4206.201666666667,0.17741329832682254,0.3900091659028414
2026-05-20,North,Web,13776,907,572,60.86,23.740000000000002,10362.630000000001,174183.78,24,113563.45,0.04195804195804196,7257.6575,0.3480251146231871,0.3900755833059481
2026-05-20,South,App,9557,657,411,41.79,16.299999999999997,7998.26,109361.5,17,72888.31999999999,0.0413625304136253,6433.029411764706,0.3335102389780682,0.3900454654223498
2026-05-20,South,Marketplace,8547,579,369,38.04,14.83,7288.24,90183.54,15,63565.100000000006,0.04065040650406504,6012.236,0.29515851784039515,0.3898527865404837
2026-05-20,South,Web,11680,757,474,51.05,19.91,8679.71,99161.93,21,63873.5,0.04430379746835443,4721.996666666666,0.3558667121545536,0.39000979431929483
2026-05-20,West,App,11157,709,455,47.78,18.64,7723.380000000001,271211.45,19,176315.34,0.041758241758241756,14274.286842105264,0.3498971374549268,0.3901213897028045
2026-05-20,West,Marketplace,8645,595,383,40.86,15.93,7128.91,157373.38,16,104903.87,0.04177545691906005,9835.83625,0.3334077847219143,0.3898678414096916
2026-05-20,West,Web,13516,902,546,57.599999999999994,22.46,10892.59,113954.0,23,79317.25,0.04212454212454213,4954.521739130435,0.3039537883707461,0.3899305555555556
2026-05-21,East,App,8190,550,332,34.76,13.55,6122.05,84336.88,14,55795.22,0.04216867469879518,6024.062857142858,0.33842442357364894,0.3898158803222095
2026-05-21,East,Marketplace,6278,448,281,30.759999999999998,12.0,5276.88,71290.0,12,45890.11,0.042704626334519574,5940.833333333333,0.35628966194417167,0.3901170351105332
2026-05-21,East,Web,9700,696,412,41.43,16.16,7889.450000000001,180951.04,17,118326.25,0.0412621359223301,10644.178823529412,0.34608693047577954,0.3900555153270577
2026-05-21,North,App,12079,822,517,54.97,21.43,9968.45,178576.05,22,116414.47,0.0425531914893617,8117.093181818182,0.3480958392796794,0.3898490085501182
2026-05-21,North,Marketplace,9367,688,414,42.5,16.57,7439.09,150155.26,18,97363.48,0.043478260869565216,8341.95888888889,0.3515812899261738,0.38988235294117646
2026-05-21,North,Web,14285,947,576,58.269999999999996,22.72,10254.220000000001,202514.69,24,138924.91,0.041666666666666664,8438.112083333333,0.31400082631042714,0.3899090441050283
2026-05-21,South,App,10593,714,436,45.260000000000005,17.65,8251.95,119011.7,18,77137.26,0.04128440366972477,6611.761111111111,0.35185145662149186,0.389969067609368
2026-05-21,South,Marketplace,8017,536,353,37.36,14.57,6529.91,123416.75,15,80597.48,0.042492917847025496,8227.783333333333,0.3469486111082977,0.38998929336188437
2026-05-21,South,Web,10595,762,469,49.81,19.43,8165.45,229917.38,20,153357.24,0.042643923240938165,11495.869,0.3329897896366078,0.3900823127885966
2026-05-21,West,App,10416,728,447,46.22,18.03,8532.45,144330.69,19,95564.91,0.042505592841163314,7596.352105263158,0.3378753333750431,0.39009086975335355
2026-05-21,West,Marketplace,8654,574,365,38.59,15.05,6569.42,99161.97,15,65928.23,0.0410958904109589,6610.798,0.33514602422682815,0.38999740865509197
2026-05-21,West,Web,12143,826,539,58.5,22.810000000000002,9676.07,118710.02,23,84224.74,0.04267161410018553,5161.305217391305,0.29050016165442477,0.38991452991452996
2026-05-22,East,App,6786,512,326,34.81,13.58,5732.1900000000005,134750.88,14,88822.35,0.04294478527607362,9625.062857142857,0.34084029729527554,0.39011778224648086
2026-05-22,East,Marketplace,6136,428,262,27.67,10.79,4774.04,95408.29,11,63766.04,0.04198473282442748,8673.48090909091,0.3316509498283639,0.3899530177087097
2026-05-22,East,Web,8586,590,386,41.29,16.1,7277.049999999999,176439.21,16,117435.86,0.04145077720207254,11027.450625,0.33441177842498837,0.38992492128844763
2026-05-22,North,App,10717,785,457,48.36,18.86,8277.26,248960.83000000002,20,162303.81,0.0437636761487965,12448.041500000001,0.34807491604201357,0.38999172870140614
2026-05-22,North,Marketplace,8162,586,371,38.53,15.030000000000001,6826.17,110084.70000000001,15,72285.19,0.04043126684636118,7338.9800000000005,0.34336751610350946,0.3900856475473657
2026-05-22,North,Web,12346,830,524,55.879999999999995,21.79,9577.27,126726.39,22,83190.6,0.04198473282442748,5760.290454545455,0.34354162538678795,0.3899427344309234
2026-05-22,South,App,9207,640,378,38.71,15.1,6802.83,179799.52,16,119477.18,0.042328042328042326,11237.47,0.33549778108417644,0.39008008266597777
2026-05-22,South,Marketplace,7074,479,305,32.17,12.55,5717.62,171400.66999999998,13,114728.49,0.04262295081967213,13184.666923076922,0.3306415313312368,0.39011501398818776
2026-05-22,South,Web,10549,732,464,49.07,19.14,8904.01,172999.74,19,115774.94,0.040948275862068964,9105.24947368421,0.3307796878769875,0.3900550234359079
2026-05-22,West,App,9245,655,419,44.379999999999995,17.31,7638.820000000001,139111.74,18,95174.61,0.04295942720763723,7728.429999999999,0.31584056097637764,0.3900405588102749
2026-05-22,West,Marketplace,7455,521,326,34.95,13.64,5919.34,95696.61,14,62530.1,0.04294478527607362,6835.472142857143,0.3465797795763089,0.39027181688125895
2026-05-22,West,Web,12276,798,503,54.97,21.439999999999998,9234.119999999999,182259.97,21,121793.04,0.041749502982107355,8679.04619047619,0.3317619881096217,0.3900309259596143
2026-05-23,East,App,8138,550,362,37.94,14.79,7062.07,108095.2,15,72906.93,0.04143646408839779,7206.346666666666,0.3255303658256796,0.38982604111755403
2026-05-23,East,Marketplace,6424,493,298,31.689999999999998,12.36,5640.91,128412.82,13,84525.74,0.0436241610738255,9877.909230769232,0.3417655651515168,0.3900284001262228
2026-05-23,East,Web,9624,683,417,42.65,16.64,8063.29,115345.37,17,77083.02,0.0407673860911271,6785.021764705882,0.3317198601036174,0.39015240328253226
2026-05-23,North,App,11595,824,521,55.31,21.57,10216.95,228840.07,21,158591.69,0.04030710172744722,10897.14619047619,0.30697587183922814,0.3899837280781052
2026-05-23,North,Marketplace,9955,717,450,47.379999999999995,18.48,8445.27,141202.32,19,93879.69,0.042222222222222223,7431.701052631579,0.33514059825645925,0.39003799071338124
2026-05-23,North,Web,14110,954,591,62.05,24.189999999999998,10394.0,196042.8,25,132457.68,0.04230118443316413,7841.7119999999995,0.32434305161934024,0.3898468976631748
2026-05-23,South,App,9767,722,448,47.4,18.48,8496.84,143352.28,19,93647.47,0.04241071428571429,7544.856842105263,0.3467319110655233,0.389873417721519
2026-05-23,South,Marketplace,8945,624,380,40.64,15.85,6939.1900000000005,137471.69,16,92455.74,0.042105263157894736,8591.980625,0.3274561475166268,0.390009842519685
2026-05-23,South,Web,11843,865,521,54.21,21.14,9652.83,114995.78,22,80897.62,0.04222648752399232,5227.080909090909,0.29651662000118617,0.38996495111603025
2026-05-23,West,App,10845,785,484,51.17,19.950000000000003,9749.89,175954.4,20,131382.35,0.04132231404958678,8797.72,0.2533159159418576,0.38987688098495216
2026-05-23,West,Marketplace,9043,684,422,45.16,17.61,8064.86,204916.3,17,134128.65,0.04028436018957346,12053.9,0.3454466530968986,0.3899468556244464
2026-05-23,West,Web,12426,852,531,55.11,21.5,9758.27,250928.84,22,167494.6,0.04143126177024482,11405.856363636363,0.33250159686706393,0.3901288332426057
2026-05-24,East,App,8318,562,347,36.88,14.379999999999999,6211.23,109156.1,15,72767.76,0.043227665706051875,7277.073333333334,0.33336057261115054,0.38991323210412143
2026-05-24,East,Marketplace,7376,502,319,32.269999999999996,12.59,5999.76,81057.31,13,52876.07,0.04075235109717868,6235.177692307692,0.34767055556124427,0.390145646110939
2026-05-24,East,Web,9547,709,414,43.209999999999994,16.85,7918.92,121442.02,18,78126.44,0.043478260869565216,6746.778888888889,0.3566770381454459,0.389956028697061
2026-05-24,North,App,11764,820,507,53.89,21.02,9290.550000000001,229295.8,22,162193.5,0.04339250493096647,10422.536363636364,0.29264513349132426,0.39005381332343664
2026-05-24,North,Marketplace,9112,708,436,45.74,17.84,8277.67,156173.77,18,103990.22,0.04128440366972477,8676.320555555554,0.33413773644575523,0.390030607783122
2026-05-24,North,Web,13393,909,579,60.83,23.72,10367.23,159833.92,25,112734.99,0.04317789291882556,6393.3568000000005,0.29467418430330683,0.38993917474930134
2026-05-24,South,App,9841,652,424,44.739999999999995,17.45,7331.6900000000005,67144.54,18,48790.549999999996,0.04245283018867924,3730.252222222222,0.27335044666327296,0.3900312919088065
2026-05-24,South,Marketplace,8055,574,366,37.54,14.64,6969.4,71760.48,16,47865.28,0.04371584699453552,4485.03,0.33298550957295714,0.3899840170484816
2026-05-24,South,Web,11984,833,493,52.08,20.31,9073.14,181329.68,21,119544.77,0.04259634888438134,8634.746666666666,0.3407324713747909,0.3899769585253456
2026-05-24,West,App,9824,758,467,50.349999999999994,19.64,8609.38,220899.21,19,143536.63,0.04068522483940043,11626.274210526315,0.35021664405228065,0.390069513406157
2026-05-24,West,Marketplace,9490,641,411,43.66,17.03,7565.86,141418.77000000002,17,128289.03,0.0413625304136253,8318.751176470589,0.09284297975438492,0.3900595510765003
2026-05-24,West,Web,14027,948,576,58.650000000000006,22.88,11157.119999999999,124159.2,25,81923.8,0.043402777777777776,4966.3679999999995,0.34017132842350783,0.3901108269394714
2026-05-25,East,App,7353,507,326,33.57,13.09,5529.73,73121.64,13,56197.56,0.03987730061349693,5624.741538461539,0.23145104513520215,0.38993148644623177
2026-05-25,East,Marketplace,6426,467,282,28.979999999999997,11.309999999999999,5378.12,65728.25,12,43401.63,0.0425531914893617,5477.354166666667,0.3396807308881646,0.39026915113871635
2026-05-25,East,Web,8707,615,378,39.48,15.399999999999999,7355.07,96265.0,16,65403.850000000006,0.042328042328042326,6016.5625,0.32058536332000204,0.3900709219858156
2026-05-25,North,App,10488,707,441,46.4,18.09,7687.049999999999,119562.73,18,78868.78,0.04081632653061224,6642.373888888888,0.3403564806524575,0.3898706896551724
2026-05-25,North,Marketplace,9131,605,362,38.78,15.12,6856.65,89056.0,15,61225.43,0.04143646408839779,5937.066666666667,0.3125064004671218,0.3898916967509025
2026-05-25,North,Web,10903,815,507,52.66,20.54,9717.33,156584.83000000002,21,106175.65,0.04142011834319527,7456.420476190477,0.3219288867254894,0.3900493733383973
2026-05-25,South,App,9596,677,417,42.93,16.740000000000002,8162.450000000001,135552.65,18,90194.31,0.04316546762589928,7530.702777777778,0.334617877260238,0.389937106918239
2026-05-25,South,Marketplace,7119,464,307,32.36,12.620000000000001,5216.27,204073.02,13,128726.7,0.04234527687296417,15697.924615384614,0.3692125495080143,0.38998763906056866
2026-05-25,South,Web,9577,707,438,46.26,18.04,8447.76,136876.58000000002,18,92876.88,0.0410958904109589,7604.254444444446,0.321455284753608,0.3899697362732382
2026-05-25,West,App,10236,730,440,48.43,18.89,7941.349999999999,180750.63,19,116219.49,0.04318181818181818,9513.191052631579,0.3570175108103357,0.39004749122444765
2026-05-25,West,Marketplace,7698,541,348,37.0,14.43,6609.6900000000005,175311.25,15,116431.56,0.04310344827586207,11687.416666666666,0.33585802394312975,0.39
2026-05-25,West,Web,11614,772,479,51.69,20.16,9239.619999999999,143777.19,20,93731.12,0.04175365344467641,7188.8595000000005,0.34808073519867794,0.3900174114915845
2026-05-26,East,App,7538,543,341,36.45,14.21,6415.62,113406.68,14,73224.43000000001,0.04105571847507331,8100.477142857142,0.35431995716654424,0.3898491083676269
2026-05-26,East,Marketplace,6381,440,270,28.589999999999996,11.149999999999999,4822.3099999999995,74077.43,11,49899.89,0.040740740740740744,6734.311818181817,0.3263820032633421,0.3899965022735222
2026-05-26,East,Web,8005,593,372,38.78,15.12,6614.57,184314.36000000002,16,122123.56,0.043010752688172046,11519.647500000001,0.3374170086367661,0.3898916967509025
2026-05-26,North,App,9497,685,430,44.19,17.23,8440.9,149973.26,18,104334.13,0.04186046511627907,8331.847777777779,0.30431511590799587,0.3899072188277891
2026-05-26,North,Marketplace,8659,660,401,40.71,15.88,7186.16,139996.97999999998,16,94866.09,0.0399002493765586,8749.811249999999,0.3223704539912218,0.39007614836649473
2026-05-26,North,Web,11745,864,519,52.56999999999999,20.5,10114.55,186045.15,21,134826.76,0.04046242774566474,8859.292857142857,0.27530086110817714,0.3899562488111091
2026-05-26,South,App,9248,588,380,38.980000000000004,15.2,7074.16,68180.88,16,44774.84,0.042105263157894736,4261.305,0.3432933103826176,0.3899435608004104
2026-05-26,South,Marketplace,7517,581,333,34.53,13.469999999999999,5836.360000000001,151800.63,14,101925.23,0.042042042042042045,10842.902142857143,0.3285585837160228,0.3900955690703735
2026-05-26,South,Web,9942,699,433,45.51,17.74,8470.81,124006.23999999999,18,86449.93000000001,0.04157043879907621,6889.235555555555,0.3028582271343763,0.38980443858492636
2026-05-26,West,App,9488,676,405,41.900000000000006,16.34,6883.74,53401.340000000004,17,36828.94,0.04197530864197531,3141.2552941176473,0.31033678181109314,0.38997613365155126
2026-05-26,West,Marketplace,7900,538,345,36.260000000000005,14.14,6949.67,130090.23,14,86392.03,0.04057971014492753,9292.159285714286,0.33590685480377735,0.3899613899613899
2026-05-26,West,Web,11057,816,488,51.0,19.89,9510.43,119712.84,21,82056.44,0.0430327868852459,5700.611428571428,0.31455606599926955,0.39
2026-05-27,East,App,8105,543,341,36.45,14.21,6096.36,88694.31999999999,14,59451.72,0.04105571847507331,6335.308571428571,0.3297009323708665,0.3898491083676269
2026-05-27,East,Marketplace,6108,433,281,29.78,11.620000000000001,5154.96,118457.98999999999,12,80921.29,0.042704626334519574,9871.499166666666,0.31687773868187363,0.39019476158495636
2026-05-27,East,Web,7667,590,355,36.43,14.21,6870.860000000001,59678.08,15,42492.85,0.04225352112676056,3978.538666666667,0.2879655310626616,0.3900631347790283
2026-05-27,North,App,11078,741,462,49.09,19.14,9247.55,140270.54,20,97633.94,0.04329004329004329,7013.527,0.3039597623278559,0.38989610918720713
2026-05-27,North,Marketplace,8924,610,386,40.519999999999996,15.8,7128.95,111730.97,16,78282.82,0.04145077720207254,6983.185625,0.29936328307182863,0.38993089832181643
2026-05-27,North,Web,14215,905,559,57.14,22.29,10254.36,200764.11,23,161759.29,0.04114490161001789,8728.874347826086,0.19428183652944733,0.39009450472523627
2026-05-27,South,App,9893,629,405,42.92,16.740000000000002,7421.91,131154.96,17,85944.91,0.04197530864197531,7714.997647058823,0.3447071311675898,0.39002795899347625
2026-05-27,South,Marketplace,8059,560,350,37.41,14.59,6236.5,173879.65,15,114276.56999999999,0.04285714285714286,11591.976666666666,0.34278352872230883,0.39000267308206366
2026-05-27,South,Web,10934,786,462,49.33,19.240000000000002,8765.59,193249.24,19,128174.11,0.04112554112554113,10171.012631578948,0.33674197114565624,0.39002635313196843
2026-05-27,West,App,9502,688,429,44.91,17.52,7368.08,138287.21,18,93498.98,0.04195804195804196,7682.622777777778,0.32387832540695555,0.39011356045424184
2026-05-27,West,Marketplace,7919,507,342,34.35,13.399999999999999,5955.97,120737.37,14,83674.85,0.04093567251461988,8624.097857142857,0.3069680911552073,0.39010189228529835
2026-05-27,West,Web,12726,866,511,53.5,20.86,9705.95,89066.88,21,64409.88,0.0410958904109589,4241.280000000001,0.27683691176787606,0.3899065420560748
2026-05-28,East,App,7419,531,336,35.34,13.780000000000001,6465.24,146844.13,14,97303.35,0.041666666666666664,10488.86642857143,0.33736983562094036,0.389926428975665
2026-05-28,East,Marketplace,6927,445,279,29.259999999999998,11.41,5346.280000000001,135397.01,12,90602.87,0.043010752688172046,11283.084166666667,0.3308355184505183,0.3899521531100479
2026-05-28,East,Web,8747,597,369,40.06,15.620000000000001,6501.46,129892.13,15,86546.74,0.04065040650406504,8659.475333333334,0.333702973382606,0.38991512730903644
2026-05-28,North,App,9995,691,436,44.93,17.52,8149.099999999999,170119.32,18,124725.43000000001,0.04128440366972477,9451.073333333334,0.2668355951575635,0.38993990652125526
2026-05-28,North,Marketplace,8843,590,376,39.66,15.47,7514.2699999999995,154439.4,16,103804.63,0.0425531914893617,9652.4625,0.3278617373545869,0.3900655572365104
2026-05-28,North,Web,11328,826,517,53.53,20.88,9886.02,139268.9,22,109744.46,0.0425531914893617,6330.404545454545,0.2119959301753657,0.3900616476742014
2026-05-28,South,App,8933,610,386,40.09,15.64,6962.98,149338.61000000002,17,99203.5,0.04404145077720207,8784.62411764706,0.3357143206301439,0.39012222499376403
2026-05-28,South,Marketplace,8024,569,345,35.78,13.95,7203.16,151080.03,14,99449.99,0.04057971014492753,10791.430714285714,0.34173967267546873,0.38988261598658464
2026-05-28,South,Web,10835,722,458,48.14,18.77,8362.29,105300.95,20,68183.92,0.043668122270742356,5265.0475,0.35248523398886716,0.3899044453676776
2026-05-28,West,App,9077,678,419,43.45,16.95,7756.41,206216.94999999998,18,132985.6,0.04295942720763723,11456.49722222222,0.35511799587764237,0.39010356731875717
2026-05-28,West,Marketplace,7997,555,347,36.36,14.18,6250.02,72425.23000000001,15,49013.64,0.043227665706051875,4828.348666666668,0.32325185574143167,0.38998899889988997
2026-05-28,West,Web,12065,814,508,55.29,21.57,9497.19,94827.23,21,88682.48,0.04133858267716536,4515.582380952381,0.0647994252283864,0.390124796527401
2026-05-29,East,App,7219,519,316,31.81,12.4,5950.860000000001,218525.21,14,145569.44,0.04430379746835443,15608.94357142857,0.3338551648114192,0.3898145237346747
2026-05-29,East,Marketplace,6148,392,264,28.78,11.219999999999999,4918.969999999999,76289.42000000001,11,62596.05,0.041666666666666664,6935.401818181819,0.17949238570695658,0.38985406532314104
2026-05-29,East,Web,8474,589,372,40.62,15.84,7026.05,179422.87,15,115404.56999999999,0.04032258064516129,11961.524666666666,0.35680122606443654,0.38995568685376664
2026-05-29,North,App,9863,660,443,48.480000000000004,18.91,7983.3099999999995,149090.56,19,97405.08,0.04288939051918736,7846.871578947368,0.34667171415815995,0.39005775577557755
2026-05-29,North,Marketplace,8129,588,367,37.85,14.760000000000002,6128.549999999999,137211.0,16,91026.8,0.043596730245231606,8575.6875,0.3365925472447544,0.38996036988110966
2026-05-29,North,Web,12514,909,555,60.58,23.619999999999997,10592.43,259313.27,24,169543.86000000002,0.043243243243243246,10804.719583333334,0.3461813196062044,0.38989765599207654
2026-05-29,South,App,9108,634,402,43.2,16.85,7570.16,97096.62,17,65509.130000000005,0.04228855721393035,5711.565882352941,0.3253201810732443,0.3900462962962963
2026-05-29,South,Marketplace,7745,535,332,35.42,13.809999999999999,6451.4,71583.33,14,48035.92,0.04216867469879518,5113.095,0.32895102812344723,0.38989271597967246
2026-05-29,South,Web,9653,669,422,42.739999999999995,16.67,8262.4,210981.83,18,143573.1,0.04265402843601896,11721.212777777777,0.31950016738408227,0.39003275620028083
2026-05-29,West,App,10205,711,440,45.97,17.93,7699.76,141399.79,18,98704.5,0.04090909090909091,7855.543888888889,0.3019473366968933,0.39003698063954756
2026-05-29,West,Marketplace,8120,584,355,37.379999999999995,14.57,5803.1900000000005,84355.76,15,55223.21,0.04225352112676056,5623.717333333333,0.3453534174785456,0.38978063135366514
2026-05-29,West,Web,10785,740,467,48.26,18.83,8530.7,180158.26,20,118474.42,0.042826552462526764,9007.913,0.34238696577109484,0.39017820140903436
2026-05-30,East,App,8636,605,369,38.66,15.07,7083.5,87438.09,16,57683.88,0.04336043360433604,5464.880625,0.3402888832544261,0.38980858768753235
2026-05-30,East,Marketplace,6836,476,302,31.07,12.120000000000001,5961.38,140747.6,12,91485.41,0.039735099337748346,11728.966666666667,0.3500037656059499,0.3900869005471516
2026-05-30,East,Web,9296,636,417,42.79,16.689999999999998,7599.62,112369.76,17,75034.09,0.0407673860911271,6609.985882352941,0.33225727277516653,0.3900444028978733
2026-05-30,North,App,11095,814,509,52.760000000000005,20.57,10390.900000000001,192580.24,22,126463.26000000001,0.043222003929273084,8753.647272727272,0.34332172397334215,0.38987869598180436
2026-05-30,North,Marketplace,9716,665,416,43.16,16.83,6776.450000000001,143968.98,17,94196.79,0.040865384615384616,8468.763529411764,0.3457146810375403,0.3899443929564411
2026-05-30,North,Web,14626,995,600,63.43,24.740000000000002,11240.5,265599.71,24,182264.04,0.04,11066.654583333335,0.3137641603599643,0.3900362604445846
2026-05-30,South,App,11150,700,452,46.95,18.31,7908.280000000001,114046.03,19,75536.68,0.0420353982300885,6002.422631578947,0.3376649761504193,0.3899893503727369
2026-05-30,South,Marketplace,8290,586,358,37.019999999999996,14.440000000000001,6223.88,87414.88,15,61416.9,0.04189944134078212,5827.658666666667,0.29740909099228874,0.3900594273365749
2026-05-30,South,Web,11750,777,495,52.15,20.34,9185.529999999999,126339.41,21,84760.02,0.04242424242424243,6016.162380952381,0.32910862889101666,0.3900287631831256
2026-05-30,West,App,11352,739,472,50.22,19.59,8505.43,132073.53,20,96361.42,0.0423728813559322,6603.6765,0.27039566520255803,0.3900836320191159
2026-05-30,West,Marketplace,9040,565,369,38.879999999999995,15.16,6209.36,106358.98999999999,16,69466.52,0.04336043360433604,6647.436874999999,0.34686743452528074,0.38991769547325106
2026-05-30,West,Web,13255,950,562,60.69,23.67,9680.98,148102.47,23,97656.54000000001,0.04092526690391459,6439.237826086956,0.34061504848636215,0.3900148294611963
2026-05-31,East,App,8655,578,367,37.97,14.809999999999999,6911.26,98343.37,16,66966.14,0.043596730245231606,6146.460625,0.31905790903850456,0.3900447721885699
2026-05-31,East,Marketplace,7448,496,319,33.050000000000004,12.89,6026.48,103508.08,14,80423.94,0.0438871473354232,7393.434285714286,0.22301775861362705,0.3900151285930408
2026-05-31,East,Web,10621,719,450,47.620000000000005,18.57,7970.889999999999,162373.51,18,110133.92000000001,0.04,9020.750555555556,0.32172483060814533,0.38996220075598487
2026-05-31,North,App,12315,805,519,53.239999999999995,20.759999999999998,10020.83,111754.73,22,75154.27,0.04238921001926782,5079.760454545454,0.32750703258824027,0.3899323816679189
2026-05-31,North,Marketplace,10105,698,419,44.09,17.19,8186.76,206399.07,18,137936.9,0.04295942720763723,11466.615,0.3316980546472424,0.38988432751190744
2026-05-31,North,Web,14657,941,581,63.160000000000004,24.64,10552.95,240499.61000000002,24,159403.23,0.04130808950086059,10020.817083333333,0.33719963204929937,0.3901203293223559
2026-05-31,South,App,10080,731,445,47.41,18.490000000000002,8573.34,181454.62,19,139772.15,0.04269662921348315,9550.243157894736,0.2297129166510062,0.39000210925964995
2026-05-31,South,Marketplace,8022,566,362,38.19,14.9,6782.81,73172.47,15,49851.35,0.04143646408839779,4878.164666666667,0.3187144017415293,0.3901544907043729
2026-05-31,South,Web,11571,771,478,51.31,20.02,7907.95,101552.0,20,66669.36,0.04184100418410042,5077.6,0.34349535213486687,0.39017735334242837
2026-05-31,West,App,11141,745,474,49.260000000000005,19.21,8597.08,138713.02,20,104353.59,0.04219409282700422,6935.651,0.24770154957335652,0.38997157937474625
2026-05-31,West,Marketplace,8603,593,381,39.97,15.59,7036.65,109697.08,17,73868.43,0.04461942257217848,6452.769411764706,0.3266144367744338,0.3900425318989242
2026-05-31,West,Web,12302,955,555,57.38,22.380000000000003,10157.58,186150.51,23,123240.31,0.04144144144144144,8093.500434782609,0.3379534119997845,0.39003136981526665
2026-06-01,East,App,6495,455,285,30.119999999999997,11.739999999999998,5344.23,97296.23999999999,12,64774.810000000005,0.042105263157894736,8108.0199999999995,0.3342516627569574,0.3897742363877822
2026-06-01,East,Marketplace,5545,410,252,26.259999999999998,10.24,4970.3,72816.5,10,47388.840000000004,0.03968253968253968,7281.65,0.34920189792148754,0.38994668697639
2026-06-01,East,Web,8359,614,381,39.730000000000004,15.5,7141.1900000000005,89627.05,16,68968.06,0.04199475065616798,5601.690625,0.23049949764050032,0.3901334004530581
2026-06-01,North,App,11388,743,462,47.93,18.689999999999998,9344.14,103310.73,19,70457.5,0.04112554112554113,5437.4068421052625,0.31800404469119514,0.38994366784894635
2026-06-01,North,Marketplace,9059,621,382,39.84,15.54,7222.5,141384.59,16,93819.98,0.041884816753926704,8836.536875,0.33642004407976855,0.3900602409638554
2026-06-01,North,Web,11771,865,505,52.480000000000004,20.47,9141.76,163013.09,21,114506.5,0.041584158415841586,7762.528095238095,0.297562545437302,0.39005335365853655
2026-06-01,South,App,8511,585,374,39.120000000000005,15.26,6992.88,83239.05,15,54426.58,0.040106951871657755,5549.27,0.34614126422634567,0.390081799591002
2026-06-01,South,Marketplace,8299,538,331,34.95,13.629999999999999,6231.78,135989.81,14,88642.34,0.04229607250755287,9713.557857142858,0.3481692488576902,0.38998569384835474
2026-06-01,South,Web,9736,679,419,44.64,17.41,7690.91,235115.85,18,154893.17,0.04295942720763723,13061.991666666667,0.34120489962714123,0.3900089605734767
2026-06-01,West,App,9693,682,421,44.91,17.52,7773.69,148887.19,18,109463.70000000001,0.04275534441805225,8271.510555555556,0.26478765567407103,0.39011356045424184
2026-06-01,West,Marketplace,7619,574,348,36.29,14.150000000000002,6632.629999999999,172484.65,15,143406.23,0.04310344827586207,11498.976666666666,0.1685855523955319,0.38991457701846244
2026-06-01,West,Web,11115,805,483,50.31,19.62,8786.57,103901.19,20,69193.93,0.041407867494824016,5195.0595,0.3340410249391755,0.38998211091234347
2026-06-02,East,App,7732,516,317,33.11,12.91,6029.58,161785.43,13,105256.71,0.04100946372239748,12445.033076923077,0.34940550579863705,0.3899124131682271
2026-06-02,East,Marketplace,5864,426,262,26.91,10.5,5158.27,94689.53,11,60795.98,0.04198473282442748,8608.139090909091,0.35794400922678565,0.39018952062430323
2026-06-02,East,Web,9200,571,364,37.83,14.760000000000002,7185.93,123788.73,15,106088.08,0.04120879120879121,8252.582,0.1429908037670311,0.39016653449643146
2026-06-02,North,App,10915,748,445,46.43,18.11,9561.52,182472.99,19,117689.59,0.04269662921348315,9603.841578947367,0.3550300786982227,0.39004953693732497
2026-06-02,North,Marketplace,8655,623,376,39.57,15.43,6970.860000000001,133492.55,16,86807.38,0.0425531914893617,8343.284375,0.34972116421478194,0.3899418751579479
2026-06-02,North,Web,12174,888,540,56.88,22.189999999999998,9456.36,139600.06,22,93146.59,0.040740740740740744,6345.4572727272725,0.33276110339780657,0.39011954992967646
2026-06-02,South,App,8519,636,398,42.59,16.61,7131.620000000001,110477.4,17,75609.69,0.04271356783919598,6498.6705882352935,0.31560943686219983,0.3899976520309931
2026-06-02,South,Marketplace,7327,505,319,33.62,13.11,5938.77,90286.23,14,59972.76,0.0438871473354232,6449.016428571428,0.33574854105659296,0.3899464604402142
2026-06-02,South,Web,9197,710,433,45.150000000000006,17.61,7935.09,191725.01,18,127780.61,0.04157043879907621,10651.389444444445,0.33352143259765643,0.3900332225913621
2026-06-02,West,App,10238,653,417,43.08,16.8,7398.9,114878.33,17,86184.6,0.0407673860911271,6757.5488235294115,0.24977495755726947,0.3899721448467967
2026-06-02,West,Marketplace,7786,543,350,37.14,14.48,6901.81,129572.74,14,90832.11,0.04,9255.195714285715,0.29898750308128086,0.38987614431879375
2026-06-02,West,Web,11264,820,495,51.86,20.22,9303.349999999999,139229.23,21,92380.64,0.04242424242424243,6629.963333333334,0.33648530556406875,0.38989587350559196
2026-06-03,East,App,6838,484,308,32.2,12.55,6148.69,148397.21,13,98182.52,0.04220779220779221,11415.17,0.3383802835646303,0.38975155279503104
2026-06-03,East,Marketplace,7195,457,278,28.759999999999998,11.21,4861.66,79002.33,12,70755.79000000001,0.04316546762589928,6583.5275,0.10438350362577906,0.3897774687065369
2026-06-03,East,Web,8465,586,359,38.57,15.05,6315.29,71948.75,15,46904.11,0.04178272980501393,4796.583333333333,0.3480899946142219,0.3901996370235935
2026-06-03,North,App,10654,735,450,47.05,18.35,7730.0,83600.91,18,62890.15,0.04,4644.495,0.2477336670139117,0.39001062699256117
2026-06-03,North,Marketplace,7848,602,362,38.15,14.88,6362.4,83605.48,15,55122.25,0.04143646408839779,5573.698666666666,0.34068616076362457,0.3900393184796855
2026-06-03,North,Web,12773,869,547,56.78,22.14,9597.91,217203.16,23,142716.09,0.04204753199268738,9443.615652173914,0.3429373219063664,0.38992603029235645
2026-06-03,South,App,9185,643,390,41.29,16.1,6937.030000000001,148323.6,16,97690.45,0.041025641025641026,9270.225,0.3413694786264627,0.38992492128844763
2026-06-03,South,Marketplace,7535,524,324,34.91,13.620000000000001,6321.37,106561.12,14,70699.13,0.043209876543209874,7611.5085714285715,0.3365391617505521,0.3901460899455744
2026-06-03,South,Web,10031,683,448,46.14,18.0,8015.49,164111.86,18,124726.47,0.04017857142857143,9117.325555555555,0.23999112556520893,0.39011703511053314
2026-06-03,West,App,9983,759,436,44.65,17.41,7327.5,240286.33000000002,19,156620.81,0.04357798165137615,12646.648947368421,0.3481909270494081,0.3899216125419933
2026-06-03,West,Marketplace,7466,573,357,36.67,14.299999999999999,6735.12,79846.81999999999,15,52178.48,0.04201680672268908,5323.121333333333,0.3465177448519552,0.38996454867739294
2026-06-03,West,Web,10840,768,469,47.71,18.599999999999998,8225.93,182976.2,20,123303.45,0.042643923240938165,9148.810000000001,0.3261230149057638,0.389855376231398
2026-06-04,East,App,6645,514,311,33.33,13.0,5335.98,117401.5,13,76555.19,0.04180064308681672,9030.884615384615,0.34791983066655874,0.39003900390039004
2026-06-04,East,Marketplace,6233,422,267,28.259999999999998,11.02,4897.040000000001,45941.759999999995,11,42256.01,0.04119850187265917,4176.523636363636,0.0802265738186781,0.3899504600141543
2026-06-04,East,Web,8276,590,376,40.120000000000005,15.64,6942.639999999999,84900.41,16,55040.020000000004,0.0425531914893617,5306.275625,0.3517107867912534,0.38983050847457623
2026-06-04,North,App,10623,757,462,48.33,18.85,8189.91,122915.51,20,82979.14,0.04329004329004329,6145.7755,0.32490911846682324,0.3900268984067867
2026-06-04,North,Marketplace,8184,603,359,37.21,14.52,6945.1,76357.88,15,80949.53,0.04178272980501393,5090.525333333334,-0.06013328290413503,0.3902176834184359
2026-06-04,North,Web,11376,793,512,53.29,20.78,9334.59,137419.06,22,93268.81,0.04296875,6246.320909090909,0.32128185129486403,0.3899418277350347
2026-06-04,South,App,9342,662,412,43.45,16.95,7620.389999999999,138451.96,17,90189.54,0.0412621359223301,8144.23294117647,0.34858603662960064,0.39010356731875717
2026-06-04,South,Marketplace,7807,514,332,33.46,13.05,6060.3099999999995,166588.11,14,114837.64,0.04216867469879518,11899.150714285714,0.31064924141344774,0.3900179318589361
2026-06-04,South,Web,10046,687,431,46.120000000000005,17.98,8252.54,197242.34,19,130057.59,0.04408352668213457,10381.175789473684,0.34062032523037394,0.38985255854293144
2026-06-04,West,App,8557,617,386,40.239999999999995,15.69,7343.9,190016.5,16,128477.76999999999,0.04145077720207254,11876.03125,0.3238599279536251,0.3899105367793241
2026-06-04,West,Marketplace,7195,560,342,34.79,13.57,6024.139999999999,98340.72,14,65314.15,0.04093567251461988,7024.337142857143,0.3358381960189024,0.39005461339465364
2026-06-04,West,Web,11365,715,486,50.19,19.57,9326.48,134633.25,21,91389.97,0.043209876543209874,6411.107142857143,0.3211931673639313,0.3899183104204025
2026-06-05,East,App,7510,536,329,35.19,13.73,5519.05,65129.96,14,41789.39,0.0425531914893617,4652.14,0.35836917449358174,0.39016766126740554
2026-06-05,East,Marketplace,6500,455,285,29.740000000000002,11.600000000000001,5395.219999999999,80668.45,12,88433.66,0.042105263157894736,6722.370833333333,-0.09626080580449986,0.39004707464694016
2026-06-05,East,Web,8751,562,372,38.86,15.149999999999999,7356.1,218648.67,16,145010.43,0.043010752688172046,13665.541875,0.33678796216780105,0.38986103962943897
2026-06-05,North,App,10391,782,477,49.69,19.380000000000003,8870.46,116849.36,21,87052.78,0.0440251572327044,5564.255238095238,0.25499994180541513,0.39001811229623673
2026-06-05,North,Marketplace,9380,662,421,43.76,17.07,8422.24,107122.4,17,70422.67,0.040380047505938245,6301.317647058823,0.3425962263728221,0.39008226691042047
2026-06-05,North,Web,12751,870,546,56.86,22.17,10576.880000000001,213234.35,23,140665.93,0.04212454212454213,9271.058695652175,0.34032237301354124,0.38990502989799514
2026-06-05,South,App,8638,600,364,37.45,14.600000000000001,6686.52,85325.48,15,56246.11,0.04120879120879121,5688.365333333333,0.34080523191900003,0.38985313751668893
2026-06-05,South,Marketplace,7986,581,360,36.98,14.419999999999998,6547.110000000001,97840.36,15,63759.700000000004,0.041666666666666664,6522.690666666666,0.3483292579871946,0.38994050838290967
2026-06-05,South,Web,10307,767,479,49.33,19.240000000000002,8837.36,183149.82,20,125947.63,0.04175365344467641,9157.491,0.3123245766771706,0.39002635313196843
2026-06-05,West,App,10102,723,445,47.900000000000006,18.68,8075.950000000001,103279.08,18,68806.26,0.04044943820224719,5737.7266666666665,0.3337831824218419,0.3899791231732776
2026-06-05,West,Marketplace,7931,533,345,37.57,14.65,5896.450000000001,142400.14,15,99361.08,0.043478260869565216,9493.342666666667,0.3022402927412853,0.38993878094224116
2026-06-05,West,Web,13028,798,528,58.39,22.770000000000003,9970.0,143128.6,23,100969.29000000001,0.043560606060606064,6222.982608695653,0.29455545572303504,0.3899640349374893
2026-06-06,East,App,9364,618,393,40.019999999999996,15.600000000000001,7085.76,144667.29,16,95805.02,0.04071246819338423,9041.705625,0.3377561714192614,0.38980509745127445
2026-06-06,East,Marketplace,8053,507,331,34.519999999999996,13.469999999999999,6109.88,140839.59,14,91849.87,0.04229607250755287,10059.970714285713,0.34784054682351745,0.3902085747392816
2026-06-06,East,Web,9760,714,455,48.31,18.84,8618.67,81787.46,20,56046.3,0.04395604395604396,4089.3730000000005,0.314732356280535,0.3899813703167046
2026-06-06,North,App,12436,841,526,55.730000000000004,21.740000000000002,10263.42,198265.91,22,134225.24,0.04182509505703422,9012.086818181819,0.32300393950730116,0.3900951013816616
2026-06-06,North,Marketplace,10764,729,460,47.61,18.57,8145.5,189270.78,19,131127.32,0.041304347826086954,9961.62,0.30719723350852146,0.39004410838059234
2026-06-06,North,Web,13490,977,626,65.38,25.5,10988.810000000001,301137.61,27,199435.38,0.04313099041533546,11153.244814814814,0.33772676219353664,0.3900275313551545
2026-06-06,South,App,10383,717,436,44.959999999999994,17.53,7780.47,152326.6,19,100129.34999999999,0.04357798165137615,8017.1894736842105,0.34266667804572554,0.3899021352313168
2026-06-06,South,Marketplace,8667,598,374,38.230000000000004,14.91,6676.43,66852.33,16,46489.27,0.0427807486631016,4178.270625,0.30459761088356985,0.3900078472403871
2026-06-06,South,Web,13114,846,540,58.0,22.619999999999997,9902.02,116854.84,23,85318.2,0.04259259259259259,5080.645217391304,0.26987876582604536,0.38999999999999996
2026-06-06,West,App,12181,769,488,50.26,19.6,8865.67,214631.73,21,142555.4,0.0430327868852459,10220.558571428572,0.33581395444187123,0.3899721448467967
2026-06-06,West,Marketplace,9986,703,436,46.18,18.009999999999998,8484.33,206593.64,19,134781.84,0.04357798165137615,10873.349473684211,0.3475992774995397,0.3899956691208315
2026-06-06,West,Web,14188,967,612,64.47999999999999,25.15,10974.58,135022.7,26,90062.16,0.042483660130718956,5193.180769230769,0.33298504621815445,0.3900434243176179
2026-06-07,East,App,9019,576,369,38.69,15.09,7769.17,92706.45,16,60469.33,0.04336043360433604,5794.153125,0.3477333022675337,0.39002326182476094
2026-06-07,East,Marketplace,7252,504,308,32.34,12.620000000000001,5476.27,174597.16999999998,13,116487.48999999999,0.04220779220779221,13430.551538461537,0.33282143118356383,0.39022881880024735
2026-06-07,East,Web,9767,645,398,41.400000000000006,16.14,7269.110000000001,114110.8,17,80781.18,0.04271356783919598,6712.400000000001,0.2920812052846883,0.38985507246376805
2026-06-07,North,App,10395,693,449,46.91,18.29,8382.43,150295.16,19,104274.73999999999,0.042316258351893093,7910.271578947369,0.3062002795033454,0.3898955446599872
2026-06-07,North,Marketplace,9692,698,419,46.31,18.07,7829.530000000001,130179.37,17,85604.29,0.0405727923627685,7657.61,0.34241278015095633,0.3901965018354567
2026-06-07,North,Web,12421,983,586,59.739999999999995,23.29,10901.91,175362.37,24,122379.19,0.040955631399317405,7306.765416666666,0.30213540111256476,0.38985604285236025
2026-06-07,South,App,10198,748,455,47.12,18.38,8533.42,173403.37,19,113324.85,0.041758241758241756,9126.493157894736,0.34646685355653695,0.3900679117147708
2026-06-07,South,Marketplace,8012,593,366,38.760000000000005,15.12,6259.719999999999,151082.29,15,121715.25,0.040983606557377046,10072.152666666667,0.19437777915598187,0.3900928792569659
2026-06-07,South,Web,11023,764,474,49.95,19.48,9198.380000000001,122892.67,20,81324.71,0.04219409282700422,6144.6335,0.3382460483607362,0.38998998998998996
2026-06-07,West,App,10898,752,464,48.79,19.03,8519.17,170973.47,19,114582.67,0.040948275862068964,8998.603684210526,0.32982193085278083,0.3900389424062308
2026-06-07,West,Marketplace,8495,598,378,40.42,15.760000000000002,6858.48,136410.37,16,89095.54000000001,0.042328042328042326,8525.648125,0.34685654763637097,0.3899059871350817
2026-06-07,West,Web,11676,790,516,54.790000000000006,21.380000000000003,9141.07,185103.46,22,122382.29000000001,0.04263565891472868,8413.793636363636,0.3388438552148079,0.3902171929184158
2026-06-08,East,App,7724,521,321,33.79,13.17,5151.98,60557.82,13,39837.36,0.040498442367601244,4658.293846153846,0.34215993904668296,0.3897602841077242
2026-06-08,East,Marketplace,6174,397,260,27.369999999999997,10.670000000000002,4791.62,104482.07,11,69021.11,0.04230769230769231,9498.37,0.3393975636202461,0.38984289367921093
2026-06-08,East,Web,7910,603,360,38.239999999999995,14.92,6584.57,79214.23999999999,15,53268.05,0.041666666666666664,5280.949333333333,0.3275445172484138,0.39016736401673646
2026-06-08,North,App,9617,686,419,42.45,16.55,8059.650000000001,79787.89,18,95051.69,0.04295942720763723,4432.660555555555,-0.19130472055345746,0.38987043580683156
2026-06-08,North,Marketplace,8943,593,372,39.33,15.34,6736.3099999999995,88373.67,15,64091.73,0.04032258064516129,5891.5779999999995,0.27476441795389955,0.3900330536486143
2026-06-08,North,Web,10226,752,486,51.41,20.05,8985.55,186821.9,21,124416.64,0.043209876543209874,8896.280952380952,0.3340361060453833,0.39000194514685865
2026-06-08,South,App,8686,598,380,38.97,15.190000000000001,6729.46,104304.97,16,69736.54000000001,0.042105263157894736,6519.060625,0.33141690180247396,0.3897870156530665
2026-06-08,South,Marketplace,7115,496,316,33.36,13.01,6059.29,86506.73999999999,14,58279.58,0.04430379746835443,6179.052857142857,0.32630012412905623,0.38998800959232616
2026-06-08,South,Web,9450,617,412,43.53,16.98,8037.09,136426.28,17,94058.37,0.0412621359223301,8025.075294117647,0.31055534168343524,0.39007580978635426
2026-06-08,West,App,9821,677,407,42.57,16.6,7099.99,186734.75,17,123055.29,0.04176904176904177,10984.39705882353,0.34101558494067125,0.3899459713413202
2026-06-08,West,Marketplace,8353,553,374,39.72,15.49,6920.71,91026.67,16,60524.3,0.0427807486631016,5689.166875,0.33509267119186054,0.3899798590130917
2026-06-08,West,Web,11576,826,472,49.59,19.34,9427.14,108655.0,20,71996.38,0.0423728813559322,5432.75,0.33738548617182823,0.3899979834644081
2026-06-09,East,App,7355,519,330,35.769999999999996,13.95,6123.12,88261.17,14,58882.520000000004,0.04242424242424243,6304.369285714286,0.33286041868694916,0.38999161308358965
2026-06-09,East,Marketplace,5276,411,261,27.990000000000002,10.91,4633.21,71706.13,11,54542.41,0.0421455938697318,6518.739090909091,0.23936196249888259,0.38978206502322255
2026-06-09,East,Web,8584,610,377,38.760000000000005,15.12,6497.36,114567.76,16,74095.6,0.042440318302387266,7160.485,0.3532595906562194,0.3900928792569659
2026-06-09,North,App,11085,748,446,46.760000000000005,18.240000000000002,8395.939999999999,120313.74,18,79594.78,0.04035874439461883,6684.096666666667,0.33843981576834037,0.3900769888793841
2026-06-09,North,Marketplace,8255,578,361,39.16,15.28,7198.9,181675.03,15,115868.8,0.04155124653739612,12111.668666666666,0.3622194530530695,0.39019407558733404
2026-06-09,North,Web,10829,802,512,54.5,21.259999999999998,8954.35,202641.38,21,133950.02,0.041015625,9649.589523809524,0.3389799260151111,0.39009174311926603
2026-06-09,South,App,8600,619,376,38.97,15.190000000000001,6652.719999999999,117538.56,15,75827.72,0.0398936170212766,7835.9039999999995,0.35486941476907663,0.3897870156530665
2026-06-09,South,Marketplace,7217,515,312,32.86,12.809999999999999,6021.84,133418.33,13,93160.26000000001,0.041666666666666664,10262.94846153846,0.3017431712718933,0.3898356664637857
2026-06-09,South,Web,10840,723,446,46.31,18.07,7987.459999999999,84490.47,18,65424.12,0.04035874439461883,4693.915,0.22566272858939,0.3901965018354567
2026-06-09,West,App,9909,710,431,45.67,17.810000000000002,8926.55,136342.9,18,89521.08,0.04176334106728538,7574.605555555555,0.34341223488718514,0.38997153492445813
2026-06-09,West,Marketplace,8938,574,362,37.620000000000005,14.67,6677.280000000001,161827.33,15,118607.01,0.04143646408839779,10788.488666666666,0.2670767663286541,0.3899521531100478
2026-06-09,West,Web,12640,805,502,53.74,20.96,9139.29,176415.88,22,114117.23,0.043824701195219126,8018.903636363637,0.353135159941384,0.39002605135839225
2026-06-10,East,App,7045,498,310,33.31,13.0,5609.55,96308.98,13,63419.34,0.041935483870967745,7408.383076923076,0.34150128056594514,0.39027319123386367
2026-06-10,East,Marketplace,6241,412,262,28.04,10.93,4963.83,132658.55000000002,11,85389.36,0.04198473282442748,12059.868181818183,0.35632222725184326,0.3898002853067047
2026-06-10,East,Web,7981,609,372,39.24,15.299999999999999,6368.55,157104.14,16,106263.18,0.043010752688172046,9819.00875,0.32361311420564737,0.3899082568807339
2026-06-10,North,App,11167,688,455,47.879999999999995,18.67,7953.1900000000005,97786.39,19,65485.119999999995,0.041758241758241756,5146.652105263158,0.33032480286878374,0.3899331662489558
2026-06-10,North,Marketplace,8278,595,376,39.36,15.350000000000001,7346.6,94875.83,15,63561.2,0.0398936170212766,6325.055333333334,0.3300590888111335,0.389989837398374
2026-06-10,North,Web,11852,833,535,58.14,22.67,10025.43,132867.31,22,88281.12,0.041121495327102804,6039.423181818182,0.3355692984226143,0.38992088063295494
2026-06-10,South,App,9962,636,405,43.65,17.02,7618.05,126336.4,16,88597.54,0.03950617283950617,7896.025,0.2987172343046027,0.38991981672394044
2026-06-10,South,Marketplace,7583,502,324,33.120000000000005,12.92,5882.05,73210.14,13,48646.07,0.040123456790123455,5631.549230769231,0.33552824786293267,0.3900966183574879
2026-06-10,South,Web,9748,704,433,45.28,17.66,8046.98,57057.67,18,40564.25,0.04157043879907621,3169.8705555555553,0.28906578204122246,0.39001766784452296
2026-06-10,West,App,8978,659,398,41.730000000000004,16.28,7679.09,128872.31,16,85447.34,0.04020100502512563,8054.519375,0.33696121377819643,0.39012700694943686
2026-06-10,West,Marketplace,7814,566,338,35.33,13.780000000000001,6938.76,57521.6,14,37468.950000000004,0.04142011834319527,4108.685714285714,0.34861078273205187,0.39003679592414386
2026-06-10,West,Web,11500,831,503,52.05,20.29,8886.45,99923.45999999999,21,65571.48,0.041749502982107355,4758.259999999999,0.3437829314557362,0.38981748318924114
2026-06-11,East,App,7485,507,313,33.36,13.02,6049.24,153706.45,13,113639.03,0.04153354632587859,11823.573076923078,0.2606749423983184,0.3902877697841727
2026-06-11,East,Marketplace,6083,435,274,27.849999999999998,10.86,5162.02,108572.03,12,71817.17,0.043795620437956206,9047.669166666667,0.33852972998662734,0.38994614003590666
2026-06-11,East,Web,8093,572,350,36.24,14.14,6542.24,78259.09,14,51237.46,0.04,5589.9349999999995,0.34528423471318154,0.3901766004415011
2026-06-11,North,App,11033,745,459,48.760000000000005,19.02,8800.15,113522.05,19,81241.14,0.04139433551198257,5974.844736842106,0.28435806083487747,0.39007383100902376
2026-06-11,North,Marketplace,7976,550,342,35.35,13.79,6773.46,90389.65,14,60530.46,0.04093567251461988,6456.403571428571,0.3303385951820811,0.39009900990099006
2026-06-11,North,Web,11659,838,517,52.26,20.380000000000003,10115.26,198767.04,22,136362.04,0.0425531914893617,9034.865454545456,0.3139605037132917,0.3899732108687333
2026-06-11,South,App,8014,574,365,38.6,15.05,6458.3099999999995,136565.49,15,90138.06,0.0410958904109589,9104.366,0.33996458402485136,0.3898963730569948
2026-06-11,South,Marketplace,7464,522,322,33.19,12.95,6049.23,141312.21,14,91684.04,0.043478260869565216,10093.729285714286,0.3511952010374758,0.3901777643868635
2026-06-11,South,Web,9843,734,448,45.239999999999995,17.64,7832.360000000001,73676.67,19,48743.3,0.04241071428571429,3877.7194736842102,0.33841608205148244,0.3899204244031831
2026-06-11,West,App,9488,664,415,42.72,16.66,7423.21,134573.42,18,91586.96,0.043373493975903614,7476.301111111112,0.3194275660082058,0.38998127340823974
2026-06-11,West,Marketplace,7935,569,346,36.28,14.150000000000002,6922.47,78660.56999999999,15,51239.869999999995,0.04335260115606936,5244.038,0.34859523646980944,0.39002205071664836
2026-06-11,West,Web,12029,767,481,49.72,19.4,9052.81,271801.43,20,186043.92,0.04158004158004158,13590.0715,0.31551530100485486,0.3901850362027353
2026-06-12,East,App,6902,495,307,32.620000000000005,12.719999999999999,6494.34,150891.63,13,99057.26,0.04234527687296417,11607.048461538461,0.34352051203900447,0.3899448191293684
2026-06-12,East,Marketplace,6462,443,269,28.57,11.14,5131.65,106592.26,11,69845.87,0.040892193308550186,9690.205454545454,0.3447378824691399,0.38991949597479875
2026-06-12,East,Web,8673,585,357,37.76,14.719999999999999,6853.05,101902.54,15,67035.51,0.04201680672268908,6793.502666666666,0.34216055851012156,0.3898305084745763
2026-06-12,North,App,10172,686,438,46.120000000000005,17.99,7789.360000000001,93025.88,18,61099.15,0.0410958904109589,5168.104444444445,0.3432026657527991,0.390069384215091
2026-06-12,North,Marketplace,8135,591,364,37.400000000000006,14.59,6790.52,217786.69999999998,15,146996.93,0.04120879120879121,14519.113333333333,0.32504174956505605,0.39010695187165767
2026-06-12,North,Web,11098,821,511,52.32,20.4,9696.529999999999,218085.84,21,150468.28,0.0410958904109589,10385.039999999999,0.31005020775305725,0.38990825688073394
2026-06-12,South,App,9755,643,412,42.11,16.43,7822.03,138346.81,18,93373.11,0.043689320388349516,7685.933888888889,0.325079414552457,0.3901686060318214
2026-06-12,South,Marketplace,7033,519,322,35.07,13.67,5779.8099999999995,120692.45999999999,14,77182.42,0.043478260869565216,8620.89,0.3605033819014046,0.38979184488166524
2026-06-12,South,Web,9815,712,446,46.07,17.97,8067.05,184533.80000000002,19,120816.78,0.042600896860986545,9712.305263157896,0.34528644616866944,0.3900586064684176
2026-06-12,West,App,8654,697,416,43.5,16.96,7571.0199999999995,168079.36,17,111221.53,0.040865384615384616,9887.021176470587,0.33827966741425,0.3898850574712644
2026-06-12,West,Marketplace,8317,576,362,38.62,15.07,6146.389999999999,114953.23,15,76503.97,0.04143646408839779,7663.548666666667,0.33447742181755136,0.39021232522009325
2026-06-12,West,Web,11145,750,469,51.0,19.89,9550.45,148409.97,20,100550.47,0.042643923240938165,7420.4985,0.32248170389091785,0.39
2026-06-13,East,App,7614,569,357,38.6,15.05,6698.19,268236.79,15,171367.17,0.04201680672268908,17882.452666666664,0.36113472726839585,0.3898963730569948
2026-06-13,East,Marketplace,6684,499,298,31.0,12.09,5517.530000000001,76711.06999999999,12,50116.04,0.040268456375838924,6392.589166666666,0.34669090132623614,0.39
2026-06-13,East,Web,9705,688,424,45.42,17.71,7807.74,223214.71,18,147978.73,0.04245283018867924,12400.817222222222,0.3370565497229102,0.3899163364156759
2026-06-13,North,App,11032,748,471,50.480000000000004,19.689999999999998,8908.78,165824.36000000002,20,106173.07,0.04246284501061571,8291.218,0.3597257363152193,0.3900554675118858
2026-06-13,North,Marketplace,10539,771,453,48.31,18.84,8011.01,114846.68999999999,19,81273.18,0.04194260485651214,6044.562631578947,0.2923332836148782,0.3899813703167046
2026-06-13,North,Web,13514,939,586,61.47,23.97,9913.55,148337.38,26,98064.11,0.04436860068259386,5705.283846153847,0.33891167553316637,0.38994631527574425
2026-06-13,South,App,9716,712,426,44.959999999999994,17.53,8253.52,141464.77,18,95500.36,0.04225352112676056,7859.153888888888,0.3249177162625012,0.3899021352313168
2026-06-13,South,Marketplace,8119,535,336,33.54,13.08,5813.05,85467.89,14,57531.02,0.041666666666666664,6104.8492857142855,0.32686977530391825,0.38998211091234347
2026-06-13,South,Web,11131,790,507,53.78,20.97,9659.150000000001,229891.2,22,152174.46,0.04339250493096647,10449.6,0.3380587860692363,0.3899219040535515
2026-06-13,West,App,9893,755,467,47.91,18.689999999999998,9196.48,144374.05,20,103608.98000000001,0.042826552462526764,7218.702499999999,0.2823573211390827,0.39010644959298685
2026-06-13,West,Marketplace,9424,612,400,42.6,16.62,7513.74,233619.90000000002,17,158423.87,0.0425,13742.34705882353,0.32187339349087996,0.39014084507042257
2026-06-13,West,Web,12245,878,539,57.19,22.31,11158.45,164416.25,23,108586.0,0.04267161410018553,7148.532608695652,0.33956649662061994,0.39010316488896657
2026-06-14,East,App,7716,505,333,34.76,13.55,6203.24,143902.84,14,96488.32,0.042042042042042045,10278.774285714286,0.3294898140995688,0.3898158803222095
2026-06-14,East,Marketplace,6388,465,302,31.88,12.43,5511.79,107388.53,13,71508.61,0.04304635761589404,8260.656153846154,0.3341131497004382,0.3898996235884567
2026-06-14,East,Web,9168,669,416,43.519999999999996,16.98,7359.42,104789.34,18,68142.96,0.04326923076923077,5821.63,0.3497147706054833,0.3901654411764706
2026-06-14,North,App,11791,784,505,51.019999999999996,19.9,10153.45,132157.32,21,89005.61,0.041584158415841586,6293.205714285715,0.3265177441552235,0.39004312034496275
2026-06-14,North,Marketplace,9969,699,422,44.099999999999994,17.2,8027.6900000000005,147945.77,18,95481.22,0.04265402843601896,8219.209444444445,0.3546201422318461,0.3900226757369615
2026-06-14,North,Web,12610,921,581,61.24,23.88,11444.119999999999,213454.5,25,158303.26,0.043029259896729774,8538.18,0.2583746887509984,0.3899412148922273
2026-06-14,South,App,9612,674,420,45.83,17.88,8144.5599999999995,83374.45,17,55540.16,0.04047619047619048,4904.379411764706,0.3338467600086117,0.39013746454287584
2026-06-14,South,Marketplace,8026,550,347,35.69,13.92,6194.72,114721.34,14,76448.62,0.040345821325648415,8194.381428571429,0.3336146526879829,0.3900252171476604
2026-06-14,South,Web,11860,810,498,53.68,20.93,8608.83,250176.91,21,165531.07,0.04216867469879518,11913.18619047619,0.3383439342983331,0.389903129657228
2026-06-14,West,App,10374,753,447,47.55,18.55,8379.98,199626.73,19,129051.85,0.042505592841163314,10506.67,0.3535342185888633,0.3901156677181914
2026-06-14,West,Marketplace,8819,636,380,38.61,15.05,7090.79,117051.31999999999,16,75847.38,0.042105263157894736,7315.7074999999995,0.35201602169031493,0.3897953897953898
2026-06-14,West,Web,12334,829,533,56.55,22.049999999999997,10525.619999999999,102935.18000000001,23,67105.42,0.043151969981238276,4475.442608695653,0.3480808019182558,0.389920424403183
2026-06-15,East,App,7060,491,314,32.33,12.61,6161.48,121176.88,13,86090.99,0.041401273885350316,9321.298461538461,0.28954277416616103,0.390040210330962
2026-06-15,East,Marketplace,5873,436,281,29.189999999999998,11.379999999999999,5148.45,87235.0,12,59129.899999999994,0.042704626334519574,7269.583333333333,0.32217687854645505,0.38985954093867764
2026-06-15,East,Web,8684,629,388,40.760000000000005,15.9,7247.860000000001,114066.7,16,75941.5,0.041237113402061855,7129.16875,0.334236021555809,0.3900883218842002
2026-06-15,North,App,9904,760,467,49.72,19.39,8728.5,208978.18,19,137537.63999999998,0.04068522483940043,10998.851578947368,0.34185645601851833,0.3899839098954143
2026-06-15,North,Marketplace,8895,597,377,38.84,15.149999999999999,6522.110000000001,150498.05,16,98647.76,0.042440318302387266,9406.128125,0.344524663276368,0.3900617919670442
2026-06-15,North,Web,11052,804,495,53.45,20.84,9539.79,156544.41,21,102788.78,0.04242424242424243,7454.495714285715,0.3433890101856719,0.38989710009354533
2026-06-15,South,App,9581,645,395,41.17,16.05,7502.41,90913.56,16,59452.38,0.04050632911392405,5682.0975,0.3460559678886186,0.3898469759533641
2026-06-15,South,Marketplace,6905,526,326,34.58,13.48,6061.95,133350.68,14,85834.58,0.04294478527607362,9525.048571428571,0.3563243921965752,0.38982070561017934
2026-06-15,South,Web,10603,750,464,48.82,19.04,8722.24,254286.85,19,172280.80000000002,0.040948275862068964,13383.518421052631,0.3224942618936055,0.39000409668168784
2026-06-15,West,App,11257,777,455,49.129999999999995,19.16,8876.779999999999,242261.27,19,164363.38,0.041758241758241756,12750.593157894737,0.3215449584657093,0.3899857520863017
2026-06-15,West,Marketplace,7579,533,343,37.379999999999995,14.57,6091.29,147333.25,14,95962.97,0.04081632653061224,10523.80357142857,0.34866725603351584,0.38978063135366514
2026-06-15,West,Web,11017,833,492,51.0,19.88,9329.0,167752.56,21,117019.03,0.042682926829268296,7988.217142857143,0.30243073488714567,0.3898039215686274
2026-06-16,East,App,7495,521,322,33.879999999999995,13.21,6564.280000000001,184087.24,14,121428.28,0.043478260869565216,13149.08857142857,0.3403764432559258,0.3899055489964582
2026-06-16,East,Marketplace,5857,421,266,27.46,10.71,5480.07,57899.27,11,38550.03,0.041353383458646614,5263.57,0.3341879785358261,0.3900218499635834
2026-06-16,East,Web,9167,562,374,37.86,14.760000000000002,6857.2,171506.83,16,110412.91,0.0427807486631016,10719.176875,0.3562185832482589,0.3898573692551506
2026-06-16,North,App,9990,688,424,44.5,17.35,8243.789999999999,83532.24,17,54615.909999999996,0.04009433962264151,4913.6611764705885,0.3461696944796405,0.38988764044943824
2026-06-16,North,Marketplace,8336,557,367,38.93,15.18,7126.59,106086.29000000001,16,71108.04000000001,0.043596730245231606,6630.3931250000005,0.32971508382468645,0.38993064474698175
2026-06-16,North,Web,10700,778,496,50.120000000000005,19.55,9119.4,109564.36,21,71377.68,0.04233870967741935,5217.350476190476,0.3485319496230344,0.39006384676775735
2026-06-16,South,App,8981,608,388,40.9,15.95,7245.14,127621.76,16,83268.94,0.041237113402061855,7976.36,0.34753336735052076,0.3899755501222494
2026-06-16,South,Marketplace,7779,541,329,33.79,13.18,5875.85,73951.66,14,50405.26,0.0425531914893617,5282.261428571429,0.3184025889344472,0.3900562296537437
2026-06-16,South,Web,10507,698,455,48.15,18.78,7905.99,208838.17,19,149971.61,0.041758241758241756,10991.482631578949,0.281876440499359,0.3900311526479751
2026-06-16,West,App,9696,691,430,45.43,17.72,8505.76,161928.30000000002,19,108221.59,0.044186046511627906,8522.54210526316,0.3316696957851099,0.3900506273387629
2026-06-16,West,Marketplace,8068,524,343,35.71,13.93,7135.7300000000005,85104.24,14,55258.36,0.04081632653061224,6078.874285714286,0.3506979205736401,0.3900868104172501
2026-06-16,West,Web,12333,840,512,54.24,21.15,9212.18,185651.31,21,121421.92,0.041015625,8840.538571428571,0.34596787924631395,0.389933628318584
2026-06-17,East,App,6786,514,311,32.91,12.83,5858.450000000001,97830.32,13,67375.4,0.04180064308681672,7525.409230769232,0.3113034895521144,0.38985110908538445
2026-06-17,East,Marketplace,5833,391,247,26.51,10.34,4521.280000000001,55760.35,10,38632.87,0.04048582995951417,5576.035,0.3071623474386369,0.39004149377593356
2026-06-17,East,Web,9028,628,393,41.0,16.0,7453.9800000000005,150887.32,16,98145.67,0.04071246819338423,9430.4575,0.34954328832933085,0.3902439024390244
2026-06-17,North,App,10266,748,463,47.74,18.62,8538.11,183841.16999999998,19,120327.31,0.04103671706263499,9675.851052631579,0.3454822442655255,0.39002932551319647
2026-06-17,North,Marketplace,9100,569,372,38.69,15.09,6974.879999999999,66995.61,16,46127.72,0.043010752688172046,4187.225625,0.3114814537848077,0.39002326182476094
2026-06-17,North,Web,12247,864,517,54.95,21.43,9425.45,106683.59,22,69418.77,0.0425531914893617,4849.25409090909,0.34930226851196133,0.3899909008189263
2026-06-17,South,App,9026,622,386,40.269999999999996,15.709999999999999,7371.379999999999,81688.28,16,54926.94,0.04145077720207254,5105.5175,0.32760317636752784,0.3901167121926993
2026-06-17,South,Marketplace,7509,514,309,32.69,12.739999999999998,5592.049999999999,87299.77,13,63714.54,0.042071197411003236,6715.366923076924,0.27016371291699853,0.3897216274089936
2026-06-17,South,Web,10619,695,438,45.81,17.86,7678.120000000001,205992.88,18,136128.7,0.0410958904109589,11444.048888888889,0.33915822721639693,0.3898712071600087
2026-06-17,West,App,9510,622,403,41.980000000000004,16.37,7687.0,161967.23,17,106334.14,0.04218362282878412,9527.48411764706,0.3434836170254934,0.38994759409242497
2026-06-17,West,Marketplace,8069,600,358,38.55,15.040000000000001,6081.78,108564.25,15,70424.18000000001,0.04189944134078212,7237.616666666667,0.3513133467048314,0.39014267185473417
2026-06-17,West,Web,12109,780,516,52.14,20.33,9346.83,158143.91,21,104691.37,0.040697674418604654,7530.662380952381,0.33799935767365313,0.3899117759877253
2026-06-18,East,App,7848,570,340,35.16,13.71,5664.0,75881.65,14,61070.310000000005,0.041176470588235294,5420.117857142856,0.19519000970590375,0.38993174061433455
2026-06-18,East,Marketplace,6576,412,257,26.84,10.47,4887.54,47486.49,11,30275.66,0.042801556420233464,4316.953636363636,0.3624363476854153,0.3900894187779434
2026-06-18,East,Web,7669,584,359,36.33,14.170000000000002,5902.53,89647.56999999999,15,70311.18000000001,0.04178272980501393,5976.504666666666,0.2156934092022794,0.390035783099367
2026-06-18,North,App,10988,719,462,49.53,19.31,8866.17,157642.93,20,103349.22,0.04329004329004329,7882.1465,0.3444094194392352,0.38986472844740555
2026-06-18,North,Marketplace,8815,607,381,39.39,15.36,7067.5,123326.79,16,82943.76,0.04199475065616798,7707.924375,0.3274473453821347,0.3899466869763899
2026-06-18,North,Web,10588,800,500,51.47,20.07,10101.5,287753.53,21,185816.37,0.042,13702.54904761905,0.35425164028396117,0.38993588498154264
2026-06-18,South,App,8840,607,376,38.71,15.1,7395.55,119648.88,15,78624.92,0.0398936170212766,7976.592000000001,0.3428695696942588,0.39008008266597777
2026-06-18,South,Marketplace,7547,565,336,35.33,13.780000000000001,6544.5,85516.38,14,56066.7,0.041666666666666664,6108.312857142858,0.3443747268067241,0.39003679592414386
2026-06-18,South,Web,10470,796,469,48.769999999999996,19.02,8467.85,181056.13,20,120319.23000000001,0.042643923240938165,9052.8065,0.33545895408236104,0.38999384867746567
2026-06-18,West,App,8662,622,386,41.19,16.07,7095.300000000001,126588.66,16,81488.64,0.04145077720207254,7911.79125,0.35627219689346584,0.3901432386501578
2026-06-18,West,Marketplace,7665,536,333,35.4,13.809999999999999,6478.38,86329.89,14,57355.200000000004,0.042042042042042045,6166.420714285714,0.33562755611063555,0.39011299435028246
2026-06-18,West,Web,11714,754,489,50.95,19.88,9085.65,141471.87,21,93180.57,0.04294478527607362,6736.755714285714,0.3413491318097371,0.39018645731108925
2026-06-19,East,App,7739,509,323,33.480000000000004,13.05,6280.02,106968.08,13,70604.34,0.04024767801857585,8228.313846153846,0.3399494503406998,0.3897849462365591
2026-06-19,East,Marketplace,6163,409,264,28.19,11.0,5049.049999999999,92817.72,11,60724.06,0.041666666666666664,8437.974545454546,0.345770829104615,0.3902092940759134
2026-06-19,East,Web,8478,593,371,40.05,15.620000000000001,6850.110000000001,113768.04,16,74741.63,0.0431266846361186,7110.5025,0.3430349156054722,0.3900124843945069
2026-06-19,North,App,10009,705,436,47.11,18.38,8374.91,165215.2,19,124480.4,0.04357798165137615,8695.536842105264,0.24655600695335547,0.39015071110167693
2026-06-19,North,Marketplace,9085,605,367,38.739999999999995,15.11,6761.59,149904.95,16,100223.07,0.043596730245231606,9369.059375,0.33142254475252486,0.39003613835828604
2026-06-19,North,Web,11508,797,490,51.269999999999996,20.0,8460.0,167348.7,21,109861.17,0.04285714285714286,7968.9857142857145,0.3435194297894158,0.3900916715428126
2026-06-19,South,App,9553,671,408,44.83,17.48,6646.93,108864.67,17,90235.42,0.041666666666666664,6403.804117647059,0.17112300988006485,0.38991746598260096
2026-06-19,South,Marketplace,6602,440,302,32.260000000000005,12.58,5531.93,102536.68,13,68199.9,0.04304635761589404,7887.4369230769225,0.33487314003145024,0.3899566026038437
2026-06-19,South,Web,10767,765,460,47.5,18.53,8327.95,215163.71,19,141976.23,0.041304347826086954,11324.405789473683,0.3401478808856753,0.3901052631578948
2026-06-19,West,App,9879,683,415,42.79,16.689999999999998,7801.24,115145.81999999999,17,78082.21,0.04096385542168675,6773.283529411764,0.3218841118157827,0.3900444028978733
2026-06-19,West,Marketplace,7964,548,343,34.9,13.61,6491.200000000001,176205.71,15,113315.21,0.043731778425655975,11747.047333333332,0.3569152214193285,0.38997134670487105
2026-06-19,West,Web,10589,728,452,48.290000000000006,18.83,8277.5,105926.59,19,70788.92,0.0420353982300885,5575.083684210526,0.3317171826261942,0.38993580451439214
2026-06-20,East,App,9145,619,379,38.879999999999995,15.16,7844.17,124147.91,16,81668.86,0.04221635883905013,7759.244375,0.34216484192122126,0.38991769547325106
2026-06-20,East,Marketplace,8090,543,336,35.36,13.79,6421.36,124546.22,14,80993.24,0.041666666666666664,8896.158571428572,0.34969331064403236,0.38998868778280543
2026-06-20,East,Web,9881,690,436,45.96,17.93,8621.21,90502.57,18,59548.729999999996,0.04128440366972477,5027.920555555556,0.3420216685559317,0.39012184508268055
2026-06-20,North,App,12303,836,531,55.92999999999999,21.810000000000002,9919.36,144359.54,23,95139.33,0.04331450094161959,6276.501739130435,0.34095571376855316,0.38995172537099954
2026-06-20,North,Marketplace,10145,693,443,44.760000000000005,17.45,7748.179999999999,145977.06,19,95666.43000000001,0.04288939051918736,7683.003157894736,0.3446475083139775,0.3898570151921358
2026-06-20,North,Web,14693,966,650,69.36,27.049999999999997,11907.04,225612.21,27,157299.75,0.04153846153846154,8356.007777777777,0.3027870699019348,0.38999423298731256
2026-06-20,South,App,10515,721,465,49.34,19.240000000000002,8789.5,134410.83000000002,19,89903.54,0.04086021505376344,7074.2542105263165,0.3311287490747585,0.38994730441832187
2026-06-20,South,Marketplace,9012,638,398,42.519999999999996,16.58,6690.0,90945.34,17,59295.87,0.04271356783919598,5349.725882352941,0.34800540632428223,0.389934148635936
2026-06-20,South,Web,14112,893,562,59.31,23.130000000000003,9288.98,95077.53,23,97808.20999999999,0.04092526690391459,4133.805652173913,-0.02872056099900779,0.3899848254931715
2026-06-20,West,App,11252,830,510,53.260000000000005,20.770000000000003,9043.73,138375.75,22,93670.93,0.043137254901960784,6289.806818181818,0.3230683121862032,0.3899737138565528
2026-06-20,West,Marketplace,9192,646,410,42.120000000000005,16.43,7107.03,136486.84,17,93959.58,0.041463414634146344,8028.637647058823,0.3115850583103836,0.3900759734093067
2026-06-20,West,Web,13546,941,600,63.120000000000005,24.619999999999997,11871.779999999999,120528.02,26,89135.95999999999,0.043333333333333335,4635.693076923077,0.260454456980211,0.3900506970849176
2026-06-21,East,App,8923,657,398,41.76,16.29,7203.030000000001,111143.08,17,81057.55,0.04271356783919598,6537.828235294118,0.27069188653040743,0.3900862068965517
2026-06-21,East,Marketplace,7295,535,321,33.66,13.120000000000001,5708.93,117572.72,14,78876.88,0.04361370716510903,8398.051428571429,0.3291226059922744,0.3897801544860369
2026-06-21,East,Web,9986,710,447,46.95,18.31,8387.9,166037.72,19,118191.0,0.042505592841163314,8738.827368421053,0.2881677729614692,0.3899893503727369
2026-06-21,North,App,11598,824,500,53.019999999999996,20.67,8737.07,196533.16,21,135199.71,0.042,9358.721904761906,0.31207685257795686,0.3898528857035082
2026-06-21,North,Marketplace,9824,679,424,44.269999999999996,17.259999999999998,7663.41,93936.65000000001,17,86871.02,0.04009433962264151,5525.685294117648,0.07521696803111463,0.3898802800993901
2026-06-21,North,Web,14729,1028,628,66.41,25.9,11527.93,225372.26,26,154588.2,0.041401273885350316,8668.163846153846,0.3140761866611268,0.3900015057973197
2026-06-21,South,App,10535,752,466,49.51,19.31,8961.91,184390.00999999998,19,135246.11000000002,0.0407725321888412,9704.737368421052,0.26652148888109484,0.39002221773379114
2026-06-21,South,Marketplace,8655,569,369,37.59,14.66,6805.22,85287.26999999999,16,56627.16,0.04336043360433604,5330.454374999999,0.3360420611423017,0.3899973397180101
2026-06-21,South,Web,13586,850,550,59.29,23.12,10123.24,149510.8,23,97411.44,0.04181818181818182,6500.4695652173905,0.3484655289116237,0.38994771462303934
2026-06-21,West,App,11110,783,483,50.730000000000004,19.79,8826.45,143622.99,20,96342.87,0.041407867494824016,7181.1494999999995,0.329196043056895,0.39010447466982057
2026-06-21,West,Marketplace,9098,648,416,44.46,17.34,7351.59,161758.84,18,106918.18000000001,0.04326923076923077,8986.602222222222,0.33902728283659794,0.3900134952766532
2026-06-21,West,Web,14469,969,584,61.879999999999995,24.14,10073.41,191242.00999999998,25,127778.54000000001,0.04280821917808219,7649.680399999999,0.33184900116872845,0.39010989010989017
2026-06-22,East,App,6903,508,311,32.55,12.690000000000001,5399.09,117243.92,13,77468.4,0.04180064308681672,9018.763076923076,0.3392544363920961,0.38986175115207383
2026-06-22,East,Marketplace,6174,417,264,28.66,11.170000000000002,4831.139999999999,101616.11,11,67413.06,0.041666666666666664,9237.828181818182,0.336590822065517,0.3897418004187021
2026-06-22,East,Web,8615,574,372,38.45,15.0,6951.860000000001,250592.75,15,174448.76,0.04032258064516129,16706.183333333334,0.3038555185654812,0.39011703511053314
2026-06-22,North,App,9824,642,424,44.290000000000006,17.28,7662.26,145858.82,18,98076.96,0.04245283018867924,8103.267777777778,0.3275897885366137,0.3901557913750282
2026-06-22,North,Marketplace,9110,562,377,39.09,15.24,6668.8099999999995,151333.72,16,103503.13,0.042440318302387266,9458.3575,0.3160603598457766,0.38986953184957784
2026-06-22,North,Web,11809,772,495,52.02,20.29,9419.77,277752.77999999997,21,183380.2,0.04242424242424243,13226.322857142855,0.33977186474965243,0.3900422914263744
2026-06-22,South,App,9179,626,412,44.760000000000005,17.45,8005.8099999999995,129305.8,17,94293.94,0.0412621359223301,7606.2235294117645,0.270767900589146,0.3898570151921358
2026-06-22,South,Marketplace,7102,502,322,32.589999999999996,12.71,6184.88,141525.37,13,93537.81,0.040372670807453416,10886.566923076924,0.3390739059717703,0.38999693157410253
2026-06-22,South,Web,10210,752,453,46.79,18.240000000000002,8505.02,88634.7,19,58132.880000000005,0.04194260485651214,4664.984210526316,0.3441295564829575,0.38982688608677074
2026-06-22,West,App,9124,638,396,40.71,15.88,7140.9,90771.88,16,60113.119999999995,0.04040404040404041,5673.2425,0.33775614210039506,0.39007614836649473
2026-06-22,West,Marketplace,7957,538,347,35.99,14.030000000000001,6583.889999999999,91005.49,15,61824.19,0.043227665706051875,6067.032666666667,0.32065428140653934,0.3898305084745763
2026-06-22,West,Web,11038,712,474,49.67,19.37,8258.02,81258.62,21,54461.32,0.04430379746835443,3869.458095238095,0.3297779361746483,0.3899738272599155
2026-06-23,East,App,6445,498,303,31.910000000000004,12.45,6001.780000000001,100098.33,13,75493.74,0.0429042904290429,7699.871538461539,0.24580420072942272,0.3901598245064242
2026-06-23,East,Marketplace,6324,407,248,26.07,10.16,4400.34,69491.96,11,45684.37,0.04435483870967742,6317.45090909091,0.3425948843578452,0.3897199846566935
2026-06-23,East,Web,8229,560,365,38.93,15.190000000000001,7048.59,127395.52,15,89174.77,0.0410958904109589,8493.034666666666,0.3000164369987265,0.39018751605445673
2026-06-23,North,App,10626,727,447,46.31,18.060000000000002,8400.76,158535.4,19,104202.45999999999,0.042505592841163314,8343.968421052632,0.3427180301686564,0.38998056575253726
2026-06-23,North,Marketplace,7779,581,362,37.47,14.620000000000001,6313.02,159846.08000000002,16,105628.06,0.04419889502762431,9990.380000000001,0.33918892474560536,0.39017880971443825
2026-06-23,North,Web,11881,831,520,53.36,20.810000000000002,9656.19,188375.22,22,127536.73,0.04230769230769231,8562.51,0.32296440051934644,0.389992503748126
2026-06-23,South,App,8541,549,353,36.730000000000004,14.33,6420.71,114563.75,15,74042.37,0.042492917847025496,7637.583333333333,0.35370158536186186,0.3901442962156275
2026-06-23,South,Marketplace,7379,551,329,33.57,13.09,6049.8099999999995,96338.93000000001,14,63586.630000000005,0.0425531914893617,6881.352142857143,0.339969522185891,0.38993148644623177
2026-06-23,South,Web,11091,748,466,47.95,18.7,9222.98,185294.63999999998,19,118851.81,0.0407725321888412,9752.34947368421,0.35857934152871335,0.38998957247132426
2026-06-23,West,App,9915,621,412,43.879999999999995,17.12,7326.35,117346.45999999999,17,80255.90999999999,0.0412621359223301,6902.73294117647,0.3160772808996539,0.3901549680948041
2026-06-23,West,Marketplace,7472,526,343,36.15,14.1,5976.67,80531.23,14,52828.72,0.04081632653061224,5752.230714285714,0.3439971052224087,0.3900414937759336
2026-06-23,West,Web,11610,755,476,50.79,19.810000000000002,8807.02,124000.69,21,85540.49,0.04411764705882353,5904.794761904762,0.31016117732893256,0.39003740893876754
2026-06-24,East,App,7810,528,324,33.28,12.98,5691.84,68319.26,14,45164.12,0.043209876543209874,4879.947142857142,0.33892550943906585,0.39002403846153844
2026-06-24,East,Marketplace,6116,429,269,27.86,10.86,5018.28,41886.24,11,29310.660000000003,0.040892193308550186,3807.8399999999997,0.30023177062443407,0.3898061737257717
2026-06-24,East,Web,7991,574,367,40.42,15.760000000000002,6644.1900000000005,180479.39,15,125257.38,0.04087193460490463,12031.959333333334,0.30597405055502463,0.3899059871350817
2026-06-24,North,App,10510,697,436,45.480000000000004,17.74,7918.04,118041.94,18,76490.93,0.04128440366972477,6557.885555555556,0.35200209349321104,0.3900615655233069
2026-06-24,North,Marketplace,8469,583,367,39.879999999999995,15.55,6919.110000000001,173935.86,16,112222.62,0.043596730245231606,10870.99125,0.3548045814129415,0.38991975927783357
2026-06-24,North,Web,12542,883,535,56.14,21.9,9822.5,170047.17,23,115833.55,0.04299065420560748,7393.355217391305,0.3188151852218417,0.3900961881011756
2026-06-24,South,App,7640,598,360,37.9,14.780000000000001,6980.59,70443.55,15,46479.04,0.041666666666666664,4696.236666666667,0.3401945245519285,0.3899736147757256
2026-06-24,South,Marketplace,7486,517,319,32.5,12.67,5833.29,162762.18,13,106301.81,0.04075235109717868,12520.167692307692,0.3468887551149782,0.38984615384615384
2026-06-24,South,Web,10761,751,478,51.35,20.03,9420.71,245621.79,21,161135.41,0.043933054393305436,11696.275714285715,0.343969401086117,0.39006815968841285
2026-06-24,West,App,10252,628,412,42.480000000000004,16.57,7185.959999999999,118739.37000000001,17,78755.85,0.0412621359223301,6984.668823529412,0.33673346927813413,0.3900659133709981
2026-06-24,West,Marketplace,7833,565,338,35.19,13.73,6412.98,69401.96,14,45471.28,0.04142011834319527,4957.282857142857,0.34481274015892355,0.39016766126740554
2026-06-24,West,Web,11847,755,498,51.36,20.03,9403.54,197750.25,21,127893.65,0.04216867469879518,9416.67857142857,0.35325669626207806,0.38999221183800625
2026-06-25,East,App,7078,499,318,32.92,12.84,5333.780000000001,115708.75,13,77160.7,0.040880503144654086,8900.673076923076,0.3331472338954487,0.39003645200486026
2026-06-25,East,Marketplace,5888,393,255,27.43,10.7,4719.1900000000005,68395.03,11,50779.8,0.043137254901960784,6217.73,0.25755131622867916,0.39008384979948957
2026-06-25,East,Web,9076,650,403,42.980000000000004,16.76,7595.93,161695.19,17,104827.51000000001,0.04218362282878412,9511.481764705883,0.3516967944439163,0.3899488134015821
2026-06-25,North,App,10155,696,443,46.86,18.28,8345.15,169811.53,18,111814.64,0.040632054176072234,9433.97388888889,0.3415368202618515,0.3900981647460521
2026-06-25,North,Marketplace,8438,600,381,38.370000000000005,14.969999999999999,7139.460000000001,136296.08,15,92520.58,0.03937007874015748,9086.405333333332,0.3211794499152139,0.3901485535574667
2026-06-25,North,Web,12398,860,527,55.19,21.52,9525.53,100219.73,22,66400.33,0.04174573055028463,4555.442272727272,0.33745251558749956,0.38992571117956154
2026-06-25,South,App,8939,611,386,40.97,15.98,7081.0,63954.200000000004,16,41789.63,0.04145077720207254,3997.1375000000003,0.3465694199911813,0.3900414937759336
2026-06-25,South,Marketplace,7486,507,323,34.19,13.33,6134.08,74795.04,14,48556.67,0.043343653250773995,5342.502857142857,0.3508036094372033,0.38988008189529105
2026-06-25,South,Web,9136,719,445,49.55,19.33,8710.07,280477.22,19,188256.69,0.04269662921348315,14761.95894736842,0.32879864539444587,0.3901109989909183
2026-06-25,West,App,9119,657,407,42.45,16.55,7569.280000000001,124158.94,17,83324.56,0.04176904176904177,7303.467058823529,0.3288879560344185,0.38987043580683156
2026-06-25,West,Marketplace,7847,562,340,34.62,13.5,6046.450000000001,150856.41,15,99155.48,0.04411764705882353,10057.094000000001,0.34271616300560254,0.38994800693240905
2026-06-25,West,Web,10867,778,466,47.64,18.58,8468.24,87266.02,19,80320.31,0.0407725321888412,4592.948421052632,0.07959237742250656,0.3900083963056255
2026-06-26,East,App,7786,561,336,35.09,13.690000000000001,5547.83,109634.13,14,72220.82,0.041666666666666664,7831.009285714286,0.3412560486410573,0.39013964092333997
2026-06-26,East,Marketplace,5381,398,261,27.78,10.83,5449.67,106630.90000000001,11,71108.83,0.0421455938697318,9693.718181818183,0.33313110927507883,0.38984881209503236
2026-06-26,East,Web,8236,569,365,38.78,15.12,6541.4,96362.19,15,73485.0,0.0410958904109589,6424.146,0.2374083652519728,0.3898916967509025
2026-06-26,North,App,11198,712,454,48.13,18.77,9072.31,96056.99,19,75973.12,0.04185022026431718,5055.631052631579,0.2090828579991941,0.3899854560565136
2026-06-26,North,Marketplace,8591,591,369,38.79,15.12,6526.02,98925.55,15,64702.2,0.04065040650406504,6595.036666666667,0.34595056585482725,0.38979118329466356
2026-06-26,North,Web,12593,816,528,54.72,21.340000000000003,10476.189999999999,188490.48,22,127703.08,0.041666666666666664,8567.749090909092,0.32249586292103455,0.38998538011695916
2026-06-26,South,App,7972,568,360,36.78,14.34,6461.65,148559.88,15,97585.04,0.041666666666666664,9903.992,0.34312655610653436,0.3898858075040783
2026-06-26,South,Marketplace,6976,533,321,35.1,13.690000000000001,5744.55,152084.02000000002,13,100668.17,0.040498442367601244,11698.77076923077,0.33807529548469334,0.39002849002849005
2026-06-26,South,Web,10062,679,441,46.57,18.16,7955.96,126612.22,19,82895.04,0.04308390022675737,6663.801052631579,0.34528404920157,0.3899506119819626
2026-06-26,West,App,9667,665,402,40.59,15.83,7746.34,165506.71,17,112354.34,0.04228855721393035,9735.688823529412,0.3211493358788897,0.3899975363389997
2026-06-26,West,Marketplace,7752,524,345,36.54,14.24,5934.83,123418.70999999999,14,81402.41,0.04057971014492753,8815.622142857143,0.3404370374637686,0.38970990695128627
2026-06-26,West,Web,11000,752,488,51.76,20.19,8523.119999999999,171914.06,21,112439.46,0.0430327868852459,8186.38380952381,0.3459554151649958,0.39006955177743435
2026-06-27,East,App,9121,604,367,38.62,15.07,7442.36,156518.9,16,101820.36,0.043596730245231606,9782.43125,0.34946923342803965,0.39021232522009325
2026-06-27,East,Marketplace,7613,504,319,33.62,13.11,6043.02,160900.16,13,105521.89,0.04075235109717868,12376.935384615384,0.3441778429555322,0.3899464604402142
2026-06-27,East,Web,9366,629,404,42.769999999999996,16.68,7637.43,172767.82,17,115253.24,0.04207920792079208,10162.812941176471,0.3329009997347886,0.3899929857376666
2026-06-27,North,App,12185,841,522,54.44,21.23,9481.12,189448.36000000002,23,134471.91,0.044061302681992334,8236.885217391306,0.2901922719204326,0.3899706098457017
2026-06-27,North,Marketplace,9460,688,419,44.120000000000005,17.21,7851.93,84414.05,17,55541.7,0.0405727923627685,4965.532352941176,0.34203251709875315,0.3900725294650952
2026-06-27,North,Web,14336,983,616,62.84,24.5,10900.46,122364.03,25,93216.29,0.040584415584415584,4894.5612,0.23820513266848115,0.3898790579248886
2026-06-27,South,App,9865,674,421,44.64,17.41,7518.299999999999,228471.91999999998,18,150825.12,0.04275534441805225,12692.884444444444,0.33985270487506736,0.3900089605734767
2026-06-27,South,Marketplace,8529,579,372,40.57,15.82,6960.74,98729.52,16,66292.58,0.043010752688172046,6170.595,0.3285434791944699,0.38994330786295295
2026-06-27,South,Web,11062,852,495,53.41,20.83,9526.21,139317.81,21,103672.3,0.04242424242424243,6634.181428571428,0.25585752460507377,0.39000187230855643
2026-06-27,West,App,11167,746,479,50.959999999999994,19.88,9164.04,125503.21,20,88951.81999999999,0.04175365344467641,6275.1605,0.2912386862455551,0.3901098901098901
2026-06-27,West,Marketplace,9034,597,381,40.66,15.86,7209.71,99173.45000000001,16,64622.880000000005,0.04199475065616798,6198.340625000001,0.3483852785196038,0.3900639449090015
2026-06-27,West,Web,12627,885,550,58.620000000000005,22.86,10828.45,244900.09,24,168128.69,0.04363636363636364,10204.170416666666,0.3134804891251775,0.3899692937563971
2026-06-28,East,App,6957,512,330,34.31,13.379999999999999,6243.6900000000005,67061.28,14,46504.53,0.04242424242424243,4790.091428571429,0.30653679738889567,0.3899737685805887
2026-06-28,East,Marketplace,7047,450,296,31.520000000000003,12.29,5502.71,87808.95999999999,12,59233.71,0.04054054054054054,7317.413333333333,0.32542521856539464,0.3899111675126903
2026-06-28,East,Web,9312,681,412,43.09,16.81,7711.74,118275.64,17,81613.08,0.0412621359223301,6957.390588235294,0.3099755790795129,0.39011371547922946
2026-06-28,North,App,11474,772,498,52.14,20.34,10071.689999999999,130962.63,21,97265.16,0.04216867469879518,6236.315714285714,0.257305996374691,0.39010356731875717
2026-06-28,North,Marketplace,8962,659,410,41.84,16.310000000000002,7155.85,153764.94999999998,17,107164.87,0.041463414634146344,9044.997058823528,0.3030604828993863,0.3898183556405354
2026-06-28,North,Web,13253,957,574,58.69,22.89,10015.82,145535.54,24,97597.65,0.041811846689895474,6063.980833333334,0.3293895772812607,0.39001533481001877
2026-06-28,South,App,10200,697,445,47.14,18.38,8597.07,105645.2,18,69179.77,0.04044943820224719,5869.177777777778,0.3451688292511159,0.3899024183283835
2026-06-28,South,Marketplace,8250,586,360,38.03,14.83,7203.08,113676.69,15,78280.12,0.041666666666666664,7578.446,0.31137931619930176,0.3899552984485932
2026-06-28,South,Web,10490,784,489,51.74,20.19,8826.79,205938.05000000002,21,138387.61000000002,0.04294478527607362,9806.57380952381,0.32801340014630614,0.3902203324313877
2026-06-28,West,App,11352,691,450,47.0,18.330000000000002,8879.45,143326.85,20,103038.40999999999,0.044444444444444446,7166.342500000001,0.281094854174218,0.39
2026-06-28,West,Marketplace,9347,661,412,43.93,17.14,7389.91,179613.85,17,116760.69,0.0412621359223301,10565.520588235295,0.3499349298508996,0.39016617345777377
2026-06-28,West,Web,12909,826,550,57.910000000000004,22.59,10521.79,129914.47,22,85686.17,0.04,5905.203181818182,0.34044167674316805,0.390088067691245
2026-06-29,East,App,6731,502,311,31.83,12.41,5193.54,133952.51,13,91106.37,0.04180064308681672,10304.039230769231,0.3198606730101587,0.3898837574615143
2026-06-29,East,Marketplace,6455,429,273,27.8,10.84,5415.99,102318.70999999999,12,94277.03,0.04395604395604396,8526.559166666666,0.07859442324869023,0.3899280575539568
2026-06-29,East,Web,8598,617,379,39.5,15.399999999999999,6975.4,131789.51,17,90488.14,0.044854881266490766,7752.324117647059,0.3133889032594476,0.38987341772151896
2026-06-29,North,App,9532,662,402,43.260000000000005,16.869999999999997,7320.200000000001,86853.48000000001,17,56453.399999999994,0.04228855721393035,5109.0282352941185,0.3500156815823616,0.389967637540453
2026-06-29,North,Marketplace,8307,611,372,39.26,15.31,7440.3099999999995,121861.44,15,78747.8,0.04032258064516129,8124.0960000000005,0.35379230706612363,0.38996434029546617
2026-06-29,North,Web,11964,847,526,56.099999999999994,21.88,9445.09,238473.0,22,161054.59,0.04182509505703422,10839.681818181818,0.3246422446146943,0.39001782531194296
2026-06-29,South,App,8750,612,392,40.66,15.86,6729.790000000001,109483.4,16,71608.08,0.04081632653061224,6842.7125,0.345945778081426,0.3900639449090015
2026-06-29,South,Marketplace,6634,450,299,30.86,12.030000000000001,6038.24,78743.39,13,56529.92,0.043478260869565216,6057.183846153846,0.2820994879697204,0.38982501620220356
2026-06-29,South,Web,10773,772,462,48.21,18.810000000000002,8822.86,234015.85,20,154864.62,0.04329004329004329,11700.7925,0.3382302096204168,0.3901680149346609
2026-06-29,West,App,9695,689,410,42.45,16.55,7372.48,152381.65,17,99409.11,0.041463414634146344,8963.626470588235,0.3476307022531912,0.38987043580683156
2026-06-29,West,Marketplace,8002,572,345,35.120000000000005,13.690000000000001,6144.23,96821.63,14,62809.009999999995,0.04057971014492753,6915.830714285715,0.3512915450814039,0.38980637813211844
2026-06-29,West,Web,12702,864,534,57.849999999999994,22.57,10537.240000000002,157312.16999999998,22,103429.34999999999,0.04119850187265917,7150.553181818181,0.3425216243600225,0.39014693171996545
2026-06-30,East,App,7331,552,338,34.71,13.53,6296.71,82147.06,14,53351.630000000005,0.04142011834319527,5867.647142857143,0.3505351256636573,0.3898012100259291
2026-06-30,East,Marketplace,6420,436,271,28.740000000000002,11.21,4905.24,53904.32,11,35677.1,0.04059040590405904,4900.392727272727,0.3381402455313415,0.39004871259568547
2026-06-30,East,Web,8088,536,346,36.730000000000004,14.33,6714.1900000000005,105680.81,15,68910.68,0.04335260115606936,7045.387333333333,0.34793573213528556,0.3901442962156275
2026-06-30,North,App,9345,681,426,46.21,18.02,7715.43,158758.86,18,106705.94,0.04225352112676056,8819.936666666666,0.3278741104590949,0.38995888335858037
2026-06-30,North,Marketplace,9305,616,379,40.71,15.88,7047.83,131520.23,15,86730.09,0.0395778364116095,8768.015333333335,0.34055703825943745,0.39007614836649473
2026-06-30,North,Web,12438,897,538,57.010000000000005,22.240000000000002,10634.05,177405.59999999998,22,116206.91,0.040892193308550186,8063.890909090908,0.3449648150903916,0.3901069987721452
2026-06-30,South,App,8626,612,369,38.78,15.12,6810.21,85913.01,16,57610.8,0.04336043360433604,5369.563125,0.3294286860627976,0.3898916967509025
2026-06-30,South,Marketplace,8126,550,343,36.85,14.379999999999999,6368.02,126315.32,15,83918.06,0.043731778425655975,8421.021333333334,0.33564622248512693,0.3902306648575305
2026-06-30,South,Web,11945,798,470,49.22,19.19,8305.05,166779.48,19,113188.57,0.04042553191489362,8777.867368421053,0.3213279595307528,0.38988216172287693
2026-06-30,West,App,9545,647,397,42.43,16.55,7372.360000000001,131683.82,16,86653.2,0.04030226700251889,8230.23875,0.34196015881070285,0.3900542069290596
2026-06-30,West,Marketplace,7890,568,343,36.02,14.05,6099.74,135486.97999999998,14,89743.75,0.04081632653061224,9677.641428571427,0.33762085478619414,0.3900610771793448
2026-06-30,West,Web,11131,736,472,50.379999999999995,19.65,9146.81,81262.12,20,58749.04,0.0423728813559322,4063.1059999999998,0.27704273528674855,0.39003572846367607
2026-07-01,East,App,7774,517,321,34.42,13.43,5816.01,108568.47,14,73148.02,0.04361370716510903,7754.890714285714,0.3262498771512576,0.39018012783265543
2026-07-01,East,Marketplace,6126,431,271,29.17,11.379999999999999,4585.12,34899.69,11,28511.73,0.04059040590405904,3172.699090909091,0.18303772898842374,0.3901268426465546
2026-07-01,East,Web,9907,610,397,41.79,16.29,6853.41,95628.17,17,64107.6,0.042821158690176324,5625.186470588235,0.32961594894056845,0.3898061737257717
2026-07-01,North,App,10791,759,476,49.55,19.33,8322.220000000001,165504.83,20,107681.08,0.04201680672268908,8275.2415,0.34937802117315847,0.3901109989909183
2026-07-01,North,Marketplace,8748,626,388,41.120000000000005,16.04,7198.469999999999,167785.5,16,114455.87,0.041237113402061855,10486.59375,0.31784409260633373,0.3900778210116731
2026-07-01,North,Web,12702,805,517,56.45,22.02,9387.029999999999,117738.72,22,82620.58,0.0425531914893617,5351.76,0.29827180047481405,0.39007971656333035
2026-07-01,South,App,9598,661,388,40.519999999999996,15.8,7032.3,183235.83,16,123272.19,0.041237113402061855,11452.239375,0.32724844262172953,0.38993089832181643
2026-07-01,South,Marketplace,6790,491,298,31.86,12.43,5644.48,86252.33,12,56939.1,0.040268456375838924,7187.694166666667,0.3398543552388672,0.3901443816698054
2026-07-01,South,Web,10598,717,459,48.620000000000005,18.96,7915.45,86743.28,19,59022.92,0.04139433551198257,4565.435789473684,0.31956780974849003,0.3899629781982723
2026-07-01,West,App,10347,668,429,44.980000000000004,17.55,7513.950000000001,150534.03,18,98369.69,0.04195804195804196,8363.001666666667,0.34652855570265406,0.3901734104046243
2026-07-01,West,Marketplace,8466,564,347,36.53,14.24,6143.24,145931.12,15,95818.4,0.043227665706051875,9728.741333333333,0.34339981766740363,0.38981658910484535
2026-07-01,West,Web,12062,823,511,54.68,21.33,9544.39,137245.51,21,89710.93000000001,0.0410958904109589,6535.500476190477,0.3463470681117364,0.39008778346744694
2026-07-02,East,App,6891,472,314,33.31,12.99,5592.33,121277.73000000001,13,83956.89,0.041401273885350316,9329.056153846155,0.3077303640165429,0.3899729810867607
2026-07-02,East,Marketplace,6631,438,273,28.669999999999998,11.18,4896.17,46556.090000000004,12,30439.93,0.04395604395604396,3879.674166666667,0.34616652730072484,0.38995465643529825
2026-07-02,East,Web,8259,569,369,38.38,14.969999999999999,7186.93,233142.25999999998,15,155428.24,0.04065040650406504,15542.817333333332,0.3333330473848885,0.3900468994267847
2026-07-02,North,App,10233,683,439,45.71,17.83,8093.45,105245.31,19,75968.64,0.04328018223234624,5539.226842105263,0.2781755310521675,0.3900678188580179
2026-07-02,North,Marketplace,8584,571,364,39.03,15.219999999999999,6974.549999999999,123118.69,15,80821.79,0.04120879120879121,8207.912666666667,0.3435457281100051,0.3899564437612093
2026-07-02,North,Web,11431,774,486,50.620000000000005,19.74,9279.0,206203.23,20,149296.96,0.0411522633744856,10310.1615,0.27597176824048786,0.3899644409324377
2026-07-02,South,App,9473,614,402,43.1,16.81,7892.18,97341.96,17,64162.99,0.04228855721393035,5725.9976470588235,0.3408496192186803,0.39002320185614847
2026-07-02,South,Marketplace,8200,536,336,35.09,13.690000000000001,6261.41,82865.48,14,69042.84,0.041666666666666664,5918.962857142857,0.16680818116301263,0.39013964092333997
2026-07-02,South,Web,9886,733,446,47.599999999999994,18.57,7973.860000000001,158274.72999999998,18,131138.69,0.04035874439461883,8793.040555555555,0.1714489735664056,0.3901260504201681
2026-07-02,West,App,8912,662,412,43.0,16.76,7306.04,171447.77,17,112141.02,0.0412621359223301,10085.16294117647,0.34591730181150787,0.38976744186046514
2026-07-02,West,Marketplace,8346,593,352,36.05,14.05,6588.52,104805.12,15,69384.97,0.04261363636363636,6987.008,0.337962019412792,0.38973647711511794
2026-07-02,West,Web,11684,836,521,55.69,21.72,9595.619999999999,247967.15,22,171379.69,0.04222648752399232,11271.23409090909,0.30886131489594487,0.3900161608906446
2026-07-03,East,App,7402,479,305,32.019999999999996,12.48,5561.62,91170.79,13,59353.18,0.04262295081967213,7013.137692307691,0.3489890786292407,0.3897564022485947
2026-07-03,East,Marketplace,6342,436,274,29.46,11.49,4720.35,71495.26000000001,11,47906.9,0.040145985401459854,6499.569090909092,0.3299290050836937,0.390020366598778
2026-07-03,East,Web,9831,614,389,41.0,16.0,7510.74,149932.78,16,129763.01,0.04113110539845758,9370.79875,0.13452541865761447,0.3902439024390244
2026-07-03,North,App,10221,686,449,47.879999999999995,18.67,7602.42,140586.81,18,92991.29000000001,0.0400890868596882,7810.378333333333,0.3385489719839293,0.3899331662489558
2026-07-03,North,Marketplace,8571,621,372,39.1,15.24,6816.38,137087.35,16,87485.83,0.043010752688172046,8567.959375,0.3618241945737517,0.389769820971867
2026-07-03,North,Web,12543,900,554,58.19,22.689999999999998,11194.619999999999,241989.37,24,156434.1,0.04332129963898917,10082.890416666667,0.3535497034435851,0.3899295411582746
2026-07-03,South,App,9519,590,389,41.870000000000005,16.330000000000002,7562.83,102588.67000000001,16,66219.63,0.04113110539845758,6411.791875000001,0.3545132225615168,0.390016718414139
2026-07-03,South,Marketplace,7731,558,335,35.16,13.71,6281.96,111028.56999999999,14,72736.97,0.041791044776119404,7930.612142857142,0.3448806014524009,0.38993174061433455
2026-07-03,South,Web,10603,688,438,45.120000000000005,17.6,8026.860000000001,168307.15,19,110772.39,0.04337899543378995,8858.271052631579,0.3418438254108634,0.3900709219858156
2026-07-03,West,App,11062,713,455,46.05,17.96,8788.08,103456.85,19,69236.3,0.041758241758241756,5445.097368421053,0.33077123457750746,0.3900108577633008
2026-07-03,West,Marketplace,8328,589,372,39.47,15.399999999999999,6648.030000000001,110223.82,15,73009.70999999999,0.04032258064516129,7348.254666666667,0.33762311993904776,0.3901697491765898
2026-07-03,West,Web,12161,923,531,54.68,21.33,10340.08,114939.14,23,86810.8,0.04331450094161959,4997.353913043478,0.24472377294627398,0.39008778346744694
2026-07-04,East,App,8862,622,372,38.49,15.010000000000002,6613.139999999999,153128.47999999998,16,102207.78,0.043010752688172046,9570.529999999999,0.33253578955397445,0.38997142114835026
2026-07-04,East,Marketplace,6826,465,292,29.520000000000003,11.52,5738.68,35771.57,12,26739.4,0.0410958904109589,2980.9641666666666,0.25249576688973946,0.39024390243902435
2026-07-04,East,Web,9681,662,398,42.43,16.55,7414.26,80512.34,16,52912.08,0.04020100502512563,5032.02125,0.34280782299955503,0.3900542069290596
2026-07-04,North,App,11364,805,519,54.08,21.09,10190.24,88125.58,22,56948.32,0.04238921001926782,4005.708181818182,0.35378218219953844,0.3899778106508876
2026-07-04,North,Marketplace,9588,662,409,42.92,16.740000000000002,7685.34,154643.41,17,103100.0,0.04156479217603912,9096.671176470589,0.3333049238890943,0.39002795899347625
2026-07-04,North,Web,13240,931,602,66.12,25.79,10432.060000000001,212980.80000000002,24,138548.41,0.03986710963455149,8874.2,0.34947934273887604,0.39004839685420445
2026-07-04,South,App,9709,702,445,47.29,18.45,7945.82,156622.53,19,103146.08,0.04269662921348315,8243.291052631579,0.3414352328493225,0.39014590822584055
2026-07-04,South,Marketplace,8286,584,384,41.1,16.03,6709.57,157710.84,17,112612.15000000001,0.044270833333333336,9277.108235294118,0.28595808633065417,0.3900243309002433
2026-07-04,South,Web,12217,843,528,54.620000000000005,21.299999999999997,9565.76,98277.78,22,65639.16,0.041666666666666664,4467.171818181818,0.33210579237748344,0.38996704503844737
2026-07-04,West,App,10910,759,492,51.769999999999996,20.19,9803.76,101855.97,20,68316.61,0.04065040650406504,5092.7985,0.3292822207672265,0.38999420513811095
2026-07-04,West,Marketplace,9741,693,422,45.1,17.59,8412.4,115472.3,17,75987.28,0.04028436018957346,6792.488235294118,0.34194365228717194,0.3900221729490022
2026-07-04,West,Web,12892,881,550,56.79,22.15,10187.9,119020.68,23,77998.95,0.04181818181818182,5174.812173913043,0.3446605245407773,0.39003345659447086
2026-07-05,East,App,9083,565,366,38.22,14.91,6845.280000000001,99559.89,15,65072.770000000004,0.040983606557377046,6637.326,0.3463957222130317,0.3901098901098901
2026-07-05,East,Marketplace,7297,524,328,34.34,13.399999999999999,6274.34,95835.95,14,63852.369999999995,0.042682926829268296,6845.425,0.33373259199705335,0.39021549213744894
2026-07-05,East,Web,10265,799,458,46.36,18.08,8320.88,196371.66,19,130134.8,0.04148471615720524,10335.35052631579,0.33730355999434947,0.3899913718723037
2026-07-05,North,App,11726,905,578,60.79,23.71,11243.21,130142.29,24,113243.1,0.04152249134948097,5422.595416666666,0.12985164161472793,0.3900312551406481
2026-07-05,North,Marketplace,10698,724,460,48.36,18.86,8426.0,131757.23,20,88291.47,0.043478260869565216,6587.861500000001,0.32989278842610764,0.38999172870140614
2026-07-05,North,Web,14583,1062,666,69.98,27.29,11952.36,287586.4,28,211954.56,0.042042042042042045,10270.942857142858,0.262988235883199,0.3899685624464132
2026-07-05,South,App,10488,688,438,45.33,17.68,8821.88,67790.09,18,45156.3,0.0410958904109589,3766.116111111111,0.3338805126236002,0.3900286785793073
2026-07-05,South,Marketplace,9269,638,407,43.519999999999996,16.98,7507.67,145968.94,16,97195.92,0.03931203931203931,9123.05875,0.3341328641558951,0.3901654411764706
2026-07-05,South,Web,13759,873,554,57.36,22.380000000000003,10170.45,187505.02,23,121749.58,0.04151624548736462,8152.392173913043,0.3506862909590367,0.39016736401673646
2026-07-05,West,App,11821,854,521,56.0,21.84,10077.62,119249.35,22,79431.05,0.04222648752399232,5420.425,0.33390789970762946,0.39
2026-07-05,West,Marketplace,9321,664,411,44.67,17.43,6773.26,132129.19,17,88612.31,0.0413625304136253,7772.3052941176475,0.32935099352383834,0.3901947615849563
2026-07-05,West,Web,13849,964,592,63.239999999999995,24.66,10781.22,165846.18,26,112968.11,0.04391891891891892,6378.699230769231,0.31883803413500383,0.3899430740037951
2026-07-06,East,App,7550,497,317,34.76,13.55,5813.57,156412.23,13,101750.88,0.04100946372239748,12031.710000000001,0.3494697952966977,0.3898158803222095
2026-07-06,East,Marketplace,6455,472,291,29.59,11.54,5571.8099999999995,69883.7,12,45735.98,0.041237113402061855,5823.641666666666,0.3455415211272442,0.3899966204798918
2026-07-06,East,Web,9873,643,409,42.540000000000006,16.59,7185.81,69214.35,17,55421.84,0.04156479217603912,4071.4323529411768,0.19927240521654843,0.3899858956276445
2026-07-06,North,App,11540,762,483,51.89,20.240000000000002,8620.43,172274.88999999998,20,120040.59,0.041407867494824016,8613.744499999999,0.30320321202933287,0.39005588745423014
2026-07-06,North,Marketplace,9626,684,419,43.76,17.07,7666.24,101512.17,17,77161.95,0.0405727923627685,5971.304117647059,0.2398748839671145,0.39008226691042047
2026-07-06,North,Web,12873,857,545,56.400000000000006,22.0,9449.84,147632.18,23,95957.92,0.04220183486238532,6418.790434782609,0.3500203004521101,0.39007092198581556
2026-07-06,South,App,10477,700,424,43.17,16.84,8029.6,149678.49000000002,17,101971.99,0.04009433962264151,8804.61705882353,0.31872649169563383,0.39008570766736156
2026-07-06,South,Marketplace,8111,558,348,36.17,14.1,6450.28,84477.0,15,62463.34,0.04310344827586207,5631.8,0.26058761556399973,0.3898258225048382
2026-07-06,South,Web,11110,767,479,52.71,20.55,9082.34,142430.99,20,94238.42,0.04175365344467641,7121.549499999999,0.3383573336111755,0.3898690950483779
2026-07-06,West,App,11171,759,471,50.19,19.57,8950.4,106247.36,20,69918.43,0.04246284501061571,5312.368,0.3419278370775519,0.3899183104204025
2026-07-06,West,Marketplace,8614,576,381,39.67,15.47,6975.98,124303.42,16,82024.75,0.04199475065616798,7768.96375,0.3401247528024571,0.3899672296445677
2026-07-06,West,Web,12548,807,564,61.0,23.79,10212.09,146765.93,24,96030.91,0.0425531914893617,6115.247083333333,0.3456866317680131,0.39
2026-07-07,East,App,7798,489,324,34.67,13.52,6084.35,116016.29000000001,14,85954.17,0.043209876543209874,8286.877857142857,0.25911981843239434,0.3899625036054225
2026-07-07,East,Marketplace,6884,470,279,29.27,11.41,5278.21,91863.09999999999,11,60873.66,0.03942652329749104,8351.190909090908,0.3373437212547801,0.389818927229245
2026-07-07,East,Web,9012,633,391,42.93,16.740000000000002,7078.55,145844.3,16,108530.14,0.04092071611253197,9115.26875,0.2558492858479899,0.389937106918239
2026-07-07,North,App,11074,689,451,45.209999999999994,17.64,8217.1,207228.86000000002,19,134574.7,0.04212860310421286,10906.782105263159,0.35059865696312764,0.3901791639017917
2026-07-07,North,Marketplace,8630,581,369,39.64,15.46,6398.08,68189.68,15,52156.5,0.04065040650406504,4545.978666666666,0.23512619504886947,0.3900100908173562
2026-07-07,North,Web,10590,798,505,50.71,19.78,9258.029999999999,128355.84999999999,21,84779.26,0.041584158415841586,6112.1833333333325,0.33949827763985824,0.3900611319266417
2026-07-07,South,App,8403,636,401,41.64,16.240000000000002,7596.57,137103.03,17,90531.55,0.04239401496259352,8064.884117647059,0.3396823542120112,0.39000960614793473
2026-07-07,South,Marketplace,7017,481,314,32.72,12.760000000000002,5814.719999999999,176702.61,13,120656.55,0.041401273885350316,13592.50846153846,0.3171773184334968,0.38997555012224944
2026-07-07,South,Web,10507,707,450,46.07,17.97,8386.55,222064.36000000002,19,146898.94,0.042222222222222223,11687.597894736842,0.33848484286267283,0.3900586064684176
2026-07-07,West,App,8376,642,395,41.31,16.11,7699.29,108549.6,17,70786.73,0.043037974683544304,6385.270588235295,0.34788585126062194,0.38997821350762524
2026-07-07,West,Marketplace,9083,576,367,37.81,14.740000000000002,6683.83,100494.76,15,67007.88,0.04087193460490463,6699.650666666666,0.3332201599366971,0.38984395662523147
2026-07-07,West,Web,12126,852,510,52.379999999999995,20.43,9193.289999999999,101863.93000000001,22,69920.4,0.043137254901960784,4630.1786363636365,0.3135901982183488,0.3900343642611684
2026-07-08,East,App,7276,467,307,32.19,12.55,5466.38,52768.74,13,60899.61,0.04234527687296417,4059.133846153846,-0.15408497530924564,0.38987263125194166
2026-07-08,East,Marketplace,6119,427,273,28.42,11.09,5105.48,117823.99,11,76621.05,0.040293040293040296,10711.271818181818,0.3496990723196524,0.39021815622800843
2026-07-08,East,Web,8721,588,371,38.91,15.170000000000002,6640.8099999999995,180837.13,16,120325.46,0.0431266846361186,11302.320625,0.33461972107166266,0.3898740683628888
2026-07-08,North,App,10316,730,477,50.56999999999999,19.72,8472.46,256377.9,20,170684.09,0.041928721174004195,12818.895,0.33424803775988493,0.3899545184892229
2026-07-08,North,Marketplace,9240,588,372,40.28,15.709999999999999,7013.66,115667.53,16,78028.69,0.043010752688172046,7229.220625,0.32540540979823807,0.39001986097318764
2026-07-08,North,Web,12824,902,548,58.03,22.64,9397.26,186123.07,23,129284.79,0.041970802919708027,8092.307391304348,0.3053800907109474,0.3901430294675168
2026-07-08,South,App,8981,620,393,40.95,15.969999999999999,7188.33,96581.11,16,63878.3,0.04071246819338423,6036.319375,0.3386046194747606,0.38998778998778993
2026-07-08,South,Marketplace,7881,512,317,33.59,13.1,6106.6900000000005,67274.41,13,44730.259999999995,0.04100946372239748,5174.954615384616,0.33510736103073974,0.3899970229234891
2026-07-08,South,Web,10573,743,464,49.33,19.240000000000002,8960.5,208558.03,20,144713.7,0.04310344827586207,10427.9015,0.30612261728785983,0.39002635313196843
2026-07-08,West,App,9654,593,393,41.72,16.27,7307.42,120168.41,17,79804.24,0.043256997455470736,7068.7300000000005,0.33589668033387476,0.38998082454458294
2026-07-08,West,Marketplace,7942,559,343,34.88,13.6,6385.0,116470.11,14,76027.62,0.04081632653061224,8319.293571428572,0.3472349257676498,0.3899082568807339
2026-07-08,West,Web,10879,791,497,53.41,20.83,9704.4,236639.44,21,155765.22,0.04225352112676056,11268.544761904763,0.3417613733365833,0.39000187230855643
2026-07-09,East,App,7343,476,312,33.53,13.07,5682.74,176515.04,13,113989.60999999999,0.041666666666666664,13578.08,0.3542215439545549,0.389800178944229
2026-07-09,East,Marketplace,5990,412,268,28.54,11.129999999999999,5014.12,52099.65,11,34993.21,0.041044776119402986,4736.331818181819,0.32834078539875033,0.389978976874562
2026-07-09,East,Web,8152,586,373,39.379999999999995,15.36,7028.530000000001,143704.0,16,95591.75,0.04289544235924933,8981.5,0.3348010493792796,0.3900457084814627
2026-07-09,North,App,10793,692,443,46.870000000000005,18.28,7703.57,74099.03,19,60234.22,0.04288939051918736,3899.948947368421,0.18711189606665563,0.3900149349263921
2026-07-09,North,Marketplace,7881,622,374,40.4,15.760000000000002,6659.21,108283.03,16,75829.4,0.0427807486631016,6767.689375,0.2997111366388621,0.39009900990099017
2026-07-09,North,Web,12271,810,503,51.64,20.14,9373.029999999999,154555.63,21,104960.73999999999,0.041749502982107355,7359.791904761905,0.3208869841881529,0.390007745933385
2026-07-09,South,App,9674,647,409,42.120000000000005,16.43,7965.84,165285.03,17,109837.71,0.04156479217603912,9722.648823529411,0.3354648633333581,0.3900759734093067
2026-07-09,South,Marketplace,7909,536,331,34.260000000000005,13.36,6569.26,74023.70999999999,14,49461.17,0.04229607250755287,5287.407857142856,0.33181989932685074,0.3899591360186806
2026-07-09,South,Web,10510,707,452,47.17,18.4,8337.36,329382.04,18,219001.63,0.03982300884955752,18299.00222222222,0.3351136267174737,0.39007843968624123
2026-07-09,West,App,10226,691,424,43.980000000000004,17.15,7921.5,146010.29,18,96948.38,0.04245283018867924,8111.682777777778,0.33601679717230887,0.38994997726239194
2026-07-09,West,Marketplace,8559,595,360,38.62,15.07,6292.0,91688.31,15,61087.97,0.041666666666666664,6112.554,0.33374309113124667,0.39021232522009325
2026-07-09,West,Web,10924,834,494,52.099999999999994,20.32,9391.64,264057.69,20,173198.69,0.04048582995951417,13202.8845,0.34408768780791804,0.3900191938579655
2026-07-10,East,App,7924,548,333,35.29,13.760000000000002,6475.1,133712.03,14,95393.52,0.042042042042042045,9550.859285714285,0.2865748878391869,0.38991215641824883
2026-07-10,East,Marketplace,6000,419,271,29.12,11.36,4503.05,91943.34,11,61438.42,0.04059040590405904,8358.485454545455,0.33177955031870715,0.39010989010989006
2026-07-10,East,Web,7984,598,371,38.62,15.07,6970.46,58187.9,15,38457.159999999996,0.04043126684636118,3879.1933333333336,0.33908664859876375,0.39021232522009325
2026-07-10,North,App,10541,666,434,45.16,17.62,7892.620000000001,109615.92,19,70273.74,0.04377880184331797,5769.258947368421,0.35890936280058583,0.3901682905225864
2026-07-10,North,Marketplace,8824,626,372,40.019999999999996,15.600000000000001,6947.36,138641.86000000002,15,91246.63,0.04032258064516129,9242.790666666668,0.3418536796895253,0.38980509745127445
2026-07-10,North,Web,13343,831,528,55.230000000000004,21.54,9729.16,230684.31,22,152769.66999999998,0.041666666666666664,10485.650454545454,0.3377543969071846,0.3900054318305268
2026-07-10,South,App,9029,679,407,43.59,17.0,7619.3099999999995,172778.75,17,111848.2,0.04176904176904177,10163.45588235294,0.3526507165956462,0.38999770589584765
2026-07-10,South,Marketplace,7886,526,338,35.599999999999994,13.88,6239.450000000001,131040.79000000001,14,87476.53,0.04142011834319527,9360.05642857143,0.3324480873474588,0.3898876404494383
2026-07-10,South,Web,10036,703,464,49.5,19.31,8497.69,94956.23000000001,19,68810.32,0.040948275862068964,4997.696315789474,0.2753469677555649,0.39010101010101006
2026-07-10,West,App,9397,688,426,44.94,17.53,8083.92,238966.35,17,161243.59,0.03990610328638498,14056.844117647059,0.3252456255870335,0.39007565643079667
2026-07-10,West,Marketplace,7758,570,349,36.67,14.299999999999999,6781.71,207367.4,15,140784.46,0.04297994269340974,13824.493333333334,0.3210868246407102,0.38996454867739294
2026-07-10,West,Web,10450,745,476,50.39,19.65,9869.029999999999,128983.74,20,85537.04000000001,0.04201680672268908,6449.187,0.3368385813591697,0.3899583250644969
2026-07-11,East,App,6974,543,347,35.9,14.0,6136.17,155610.93,15,102383.06,0.043227665706051875,10374.062,0.3420573991814071,0.38997214484679665
2026-07-11,East,Marketplace,6643,514,311,32.47,12.66,5770.29,171556.07,13,112958.36,0.04180064308681672,13196.620769230769,0.3415659381798616,0.389898367724053
2026-07-11,East,Web,10031,671,429,47.28,18.45,8425.95,104215.01,18,74291.0,0.04195804195804196,5789.722777777777,0.28713723675697,0.3902284263959391
2026-07-11,North,App,11981,836,517,52.510000000000005,20.41,9460.26,113517.86,22,74987.73,0.0425531914893617,5159.902727272727,0.33941910110003837,0.3886878689773376
2026-07-11,North,Marketplace,9341,691,423,44.980000000000004,17.48,6677.469999999999,152430.2,18,100725.08,0.0425531914893617,8468.344444444445,0.33920522311195556,0.38861716318363715
2026-07-11,North,Web,14040,986,595,63.26,24.59,10737.970000000001,183095.6,25,121621.53,0.04201680672268908,7323.8240000000005,0.33574848330598883,0.38871324691748343
2026-07-11,South,App,10898,719,443,45.74,17.83,7992.95,189338.64,18,126703.76,0.040632054176072234,10518.813333333334,0.3308087562052839,0.38981198076082196
2026-07-11,South,Marketplace,8410,610,381,40.69,15.87,7175.1,73456.44,16,49042.76,0.04199475065616798,4591.0275,0.33235588329627735,0.39002211845662327
2026-07-11,South,Web,12531,885,545,57.599999999999994,22.47,9941.17,180357.48,22,118672.13,0.04036697247706422,8198.067272727274,0.3420171428432023,0.3901041666666667
2026-07-11,West,App,11032,778,476,50.68,19.76,8896.619999999999,99257.24,20,69466.1,0.04201680672268908,4962.862,0.3001407252508734,0.3898973954222573
2026-07-11,West,Marketplace,9177,630,388,41.05,16.02,6742.290000000001,102201.5,16,67197.87,0.041237113402061855,6387.59375,0.3424962451627423,0.3902557856272838
2026-07-11,West,Web,12707,915,564,56.79,22.14,10436.689999999999,209393.41999999998,23,141813.08,0.040780141843971635,9104.061739130435,0.32274337942424364,0.3898573692551506
2026-07-12,East,App,8462,593,379,40.68,15.86,6911.549999999999,217092.31,16,141297.87,0.04221635883905013,13568.269375,0.34913461467151924,0.38987217305801375
2026-07-12,East,Marketplace,6969,521,317,32.33,12.6,5691.549999999999,135244.38,13,90762.7,0.04100946372239748,10403.413846153846,0.32889854646825256,0.3897309000927931
2026-07-12,East,Web,9680,643,414,43.239999999999995,16.86,7989.26,86377.59,17,63837.479999999996,0.04106280193236715,5081.034705882353,0.26094858631735385,0.3899167437557817
2026-07-12,North,App,11879,885,546,60.9,23.6,9655.0,203964.13999999998,23,138883.75,0.04212454212454213,8868.00608695652,0.319077608446269,0.38752052545155996
2026-07-12,North,Marketplace,9251,662,402,42.96,16.65,7541.120000000001,95723.20999999999,16,71083.91,0.03980099502487562,5982.7006249999995,0.2574015225774396,0.3875698324022346
2026-07-12,North,Web,13674,948,585,61.66,23.89,10649.48,230682.91,25,150250.53,0.042735042735042736,9227.3164,0.34867073594658576,0.3874472915990918
2026-07-12,South,App,10176,722,435,45.0,17.55,8213.03,159652.77,18,103837.04,0.041379310344827586,8869.598333333333,0.34960702529621,0.39
2026-07-12,South,Marketplace,9221,626,397,41.76,16.28,7835.35,134210.21,17,90802.42,0.042821158690176324,7894.718235294117,0.32343135444017257,0.3898467432950192
2026-07-12,South,Web,11653,798,506,53.76,20.97,8427.0,128270.23,21,86215.39,0.041501976284584984,6108.10619047619,0.3278612660162845,0.3900669642857143
2026-07-12,West,App,11969,734,476,50.8,19.810000000000002,9040.96,121759.69,20,80691.29000000001,0.04201680672268908,6087.9845000000005,0.33729060906774644,0.3899606299212599
2026-07-12,West,Marketplace,8872,630,390,41.599999999999994,16.22,7037.54,135186.59,16,92685.56,0.041025641025641026,8449.161875,0.31438791377162484,0.38990384615384616
2026-07-12,West,Web,13481,948,569,59.06999999999999,23.04,10143.84,206966.02000000002,24,137309.82,0.0421792618629174,8623.584166666667,0.33655862928610214,0.3900457084814627
2026-07-13,East,App,7457,508,312,33.26,12.969999999999999,5727.41,108374.92,13,71648.86,0.041666666666666664,8336.532307692307,0.3388796965201912,0.3899579073962718
2026-07-13,East,Marketplace,5881,445,267,28.48,11.11,5070.6900000000005,89731.20999999999,11,66363.35,0.04119850187265917,8157.382727272727,0.2604206496268131,0.39009831460674155
2026-07-13,East,Web,9214,621,371,39.29,15.32,6564.950000000001,208604.93,16,138534.41,0.0431266846361186,13037.808125,0.3359005944873882,0.3899210995164164
2026-07-13,North,App,10070,730,441,46.57,17.98,7686.17,203374.77,18,131633.49,0.04081632653061224,11298.598333333333,0.3527540805577801,0.386085462744256
2026-07-13,North,Marketplace,9186,565,372,38.83,15.0,6725.43,121648.39,15,79998.3,0.04032258064516129,8109.892666666667,0.3423809390325675,0.38629925315477726
2026-07-13,North,Web,12455,804,519,54.54,21.07,9590.15,224522.5,22,168319.39,0.04238921001926782,10205.568181818182,0.2503228406952532,0.38632196552988635
2026-07-13,South,App,8640,640,398,41.71,16.259999999999998,7404.66,138804.01,16,91251.23,0.04020100502512563,8675.250625,0.3425893819638209,0.38983457204507305
2026-07-13,South,Marketplace,7495,533,310,32.84,12.809999999999999,5544.74,204050.14,13,136922.7,0.041935483870967745,15696.164615384616,0.32897522148232783,0.3900730816077953
2026-07-13,South,Web,10538,717,448,46.53,18.14,8313.15,102304.13,19,67185.07,0.04241071428571429,5384.427894736842,0.34328096040697476,0.3898560068772835
2026-07-13,West,App,9152,745,450,47.5,18.52,8311.310000000001,145107.11,19,107111.69,0.042222222222222223,7637.216315789473,0.2618439578873839,0.38989473684210524
2026-07-13,West,Marketplace,8851,610,369,38.09,14.86,7284.16,127162.45,16,91923.19,0.04336043360433604,7947.653125,0.2771200145955036,0.3901286426883696
2026-07-13,West,Web,12205,842,512,54.760000000000005,21.36,9139.67,181690.75,22,121625.56,0.04296875,8258.670454545454,0.3305902474396743,0.3900657414170927
2026-07-14,East,App,6697,534,326,33.879999999999995,13.21,5589.799999999999,110643.37999999999,13,75206.71,0.03987730061349693,8511.02923076923,0.3202782669871436,0.3899055489964582
2026-07-14,East,Marketplace,6860,457,281,30.62,11.95,5232.9,38660.82,12,25295.39,0.042704626334519574,3221.735,0.3457099461418563,0.3902677988242978
2026-07-14,East,Web,8490,588,381,40.05,15.620000000000001,7291.120000000001,92690.58,16,61241.87,0.04199475065616798,5793.16125,0.3392870127687193,0.3900124843945069
2026-07-14,North,App,9836,716,429,45.35,17.46,7287.59,195234.27,18,131355.52,0.04195804195804196,10846.348333333333,0.3271902519982788,0.38500551267916205
2026-07-14,North,Marketplace,8919,578,371,39.36,15.16,7129.73,159187.56,15,105167.6,0.04043126684636118,10612.503999999999,0.33934787366550495,0.3851626016260163
2026-07-14,North,Web,10668,816,500,53.05,20.43,9740.7,106515.31,20,70431.38,0.04,5325.7654999999995,0.3387675443088885,0.3851083883129124
2026-07-14,South,App,9243,648,390,39.620000000000005,15.450000000000001,7790.550000000001,119362.24,16,77057.55,0.041025641025641026,7460.14,0.35442272195964153,0.3899545683997981
2026-07-14,South,Marketplace,7880,531,337,36.02,14.05,6831.92,64075.64,15,42566.11,0.04451038575667656,4271.709333333333,0.335689663029507,0.3900610771793448
2026-07-14,South,Web,10743,724,462,49.1,19.15,8487.07,225528.53,20,148339.92,0.04329004329004329,11276.4265,0.3422565207160264,0.390020366598778
2026-07-14,West,App,9914,697,436,46.67,18.2,7964.119999999999,97346.41,18,65052.48,0.04128440366972477,5408.1338888888895,0.3317423826929005,0.38997214484679665
2026-07-14,West,Marketplace,7614,559,345,37.66,14.69,6289.5,98516.81,15,70453.68000000001,0.043478260869565216,6567.787333333333,0.28485625955611016,0.39006903876792354
2026-07-14,West,Web,11280,803,493,52.370000000000005,20.43,8974.039999999999,211380.36000000002,21,138836.91,0.04259634888438134,10065.73142857143,0.34318916856797865,0.3901088409394691
2026-07-15,East,App,6757,486,305,32.98,12.86,5614.219999999999,148732.17,13,99939.45999999999,0.04262295081967213,11440.936153846154,0.3280575412837721,0.3899332929047908
2026-07-15,East,Marketplace,5617,405,258,26.66,10.4,4494.04,129862.93000000001,11,86924.22,0.04263565891472868,11805.72090909091,0.3306463977056424,0.3900975243810953
2026-07-15,East,Web,9873,645,398,41.55,16.21,7783.1,219550.68,17,149790.01,0.04271356783919598,12914.745882352941,0.3177429010923582,0.39013237063778583
2026-07-15,North,App,10019,740,453,47.83,18.36,8471.05,108934.84,19,73256.23,0.04194260485651214,5733.412631578947,0.32752248959102526,0.38385950240434874
2026-07-15,North,Marketplace,8782,609,364,38.81,14.9,6077.74,147668.31,14,96524.15999999999,0.038461538461538464,10547.736428571428,0.3463447912419395,0.38392166967276475
2026-07-15,North,Web,11238,809,500,53.14,20.39,8265.45,139761.62,21,92392.14,0.042,6655.315238095238,0.3389305304274521,0.38370342491531806
2026-07-15,South,App,8299,603,371,39.95,15.579999999999998,6713.21,121718.03,16,86133.82,0.0431266846361186,7607.376875,0.29234953934104907,0.3899874843554442
2026-07-15,South,Marketplace,7866,532,337,34.519999999999996,13.46,6308.24,162629.35,14,108821.05,0.04154302670623145,11616.382142857143,0.3308646317531245,0.38991888760139054
2026-07-15,South,Web,11893,768,493,52.34,20.41,9476.86,222219.30000000002,21,145544.91,0.04259634888438134,10581.871428571429,0.34503929226669333,0.38995032479938857
2026-07-15,West,App,9805,697,414,42.92,16.740000000000002,7939.6,76657.55,17,55088.92,0.04106280193236715,4509.267647058824,0.28136341430165723,0.39002795899347625
2026-07-15,West,Marketplace,7610,531,338,35.42,13.809999999999999,6155.46,79196.92,14,77281.21,0.04142011834319527,5656.922857142857,0.024189198266801184,0.38989271597967246
2026-07-15,West,Web,12664,812,526,56.02,21.85,9707.97,139573.94,22,95210.09,0.04182509505703422,6344.27,0.3178519571776795,0.39003927168868263
2026-07-16,East,App,7174,530,338,35.07,13.67,5771.54,106796.07,14,70608.24,0.04142011834319527,7628.290714285715,0.33884982846278894,0.38979184488166524
2026-07-16,East,Marketplace,6397,421,272,27.369999999999997,10.670000000000002,5212.55,92852.78,11,59804.759999999995,0.04044117647058824,8441.161818181818,0.35591847653888237,0.38984289367921093
2026-07-16,East,Web,7810,569,353,36.14,14.1,6301.08,155197.6,15,103570.83,0.042492917847025496,10346.506666666666,0.33265185801842295,0.3901494189263973
2026-07-16,North,App,10245,733,452,46.31,17.71,8110.72,110222.46,19,71682.32,0.0420353982300885,5801.1821052631585,0.3496577739237538,0.3824228028503563
2026-07-16,North,Marketplace,8899,626,374,39.55,15.12,7423.34,139497.73,15,92387.73999999999,0.040106951871657755,9299.848666666667,0.337711516882748,0.3823008849557522
2026-07-16,North,Web,11891,793,497,52.29,20.0,9177.14,164198.24,20,107668.59,0.04024144869215292,8209.912,0.34427683268712256,0.3824823101931536
2026-07-16,South,App,8950,660,407,42.21,16.46,7040.4,94649.22,17,66921.15,0.04176904176904177,5567.601176470588,0.29295613846580043,0.3899549869699124
2026-07-16,South,Marketplace,6971,536,326,34.04,13.280000000000001,6061.76,182240.25,14,122288.82,0.04294478527607362,13017.160714285714,0.32896920411380026,0.39012925969447715
2026-07-16,South,Web,10650,726,446,49.35,19.240000000000002,8173.889999999999,163334.32,19,110895.57,0.042600896860986545,8596.543157894737,0.3210516320146311,0.3898682877406282
2026-07-16,West,App,10226,701,424,45.11,17.59,7580.3099999999995,134996.61,18,92868.39,0.04245283018867924,7499.811666666666,0.3120687252813237,0.38993571270228333
2026-07-16,West,Marketplace,8838,552,357,36.71,14.31,6957.469999999999,147686.76,15,98062.44,0.04201680672268908,9845.784000000001,0.3360106213989663,0.3898120403159902
2026-07-16,West,Web,10867,733,474,50.42,19.67,8807.58,99396.54000000001,20,69903.13,0.04219409282700422,4969.827,0.29672471496492736,0.39012296707655697
2026-07-17,East,App,7816,528,334,34.57,13.48,6840.280000000001,132693.06,14,88963.34,0.041916167664670656,9478.075714285715,0.32955544170885803,0.3899334683251374
2026-07-17,East,Marketplace,6726,445,279,29.21,11.39,4858.76,109910.90000000001,12,73236.7,0.043010752688172046,9159.241666666667,0.33367209257680547,0.38993495378295107
2026-07-17,East,Web,8852,555,369,37.07,14.450000000000001,6499.79,106541.22,15,73958.1,0.04065040650406504,7102.7480000000005,0.3058264209852299,0.38980307526301594
2026-07-17,North,App,10781,770,467,50.47,19.240000000000002,9403.79,128626.67,19,90570.8,0.04068522483940043,6769.824736842105,0.2958629808266046,0.38121656429562123
2026-07-17,North,Marketplace,8860,569,360,37.55,14.31,7030.98,212742.97999999998,15,142477.93,0.041666666666666664,14182.865333333331,0.3302814034098798,0.38109187749667117
2026-07-17,North,Web,10769,721,466,48.26,18.4,9190.24,107559.74,19,69932.65,0.0407725321888412,5661.038947368422,0.34982503676561516,0.38126813095731454
2026-07-17,South,App,8957,664,388,41.93,16.35,7455.96,108194.5,16,71161.84,0.041237113402061855,6762.15625,0.3422785816284562,0.38993560696398766
2026-07-17,South,Marketplace,7331,538,343,36.03,14.05,7016.24,108184.56999999999,15,71586.08,0.043731778425655975,7212.304666666666,0.33829676450162893,0.38995281709686375
2026-07-17,South,Web,10253,736,453,47.78,18.64,8197.9,174374.07,19,113947.35,0.04194260485651214,9177.582631578947,0.3465350094770398,0.3901213897028045
2026-07-17,West,App,9760,698,428,45.58,17.78,8897.66,93728.6,17,85343.97,0.0397196261682243,5513.44705882353,0.08945647326429718,0.3900833698990786
2026-07-17,West,Marketplace,8114,579,360,37.93,14.79,6665.86,92354.48,15,60970.48,0.041666666666666664,6156.965333333333,0.33982108935051114,0.3899288162404429
2026-07-17,West,Web,10788,762,467,47.879999999999995,18.67,9170.45,172071.69,20,126188.69,0.042826552462526764,8603.5845,0.26665048736372615,0.3899331662489558
2026-07-18,East,App,8005,574,373,38.739999999999995,15.11,6851.15,133272.07,16,88736.01,0.04289544235924933,8329.504375,0.33417399459616715,0.39003613835828604
2026-07-18,East,Marketplace,7429,476,307,31.96,12.47,5920.48,163341.74,13,108793.31,0.04234527687296417,12564.74923076923,0.33395279124613214,0.3901752190237797
2026-07-18,East,Web,8840,633,397,40.33,15.73,7047.549999999999,125912.26000000001,17,82184.87,0.042821158690176324,7406.6035294117655,0.3472846091397296,0.39003223406893134
2026-07-18,North,App,11177,774,467,48.03,18.259999999999998,8327.29,121627.91,19,80275.26,0.04068522483940043,6401.468947368421,0.3399930986234986,0.38017905475744324
2026-07-18,North,Marketplace,9560,629,402,40.83,15.52,7238.81,128849.54,16,85190.49,0.03980099502487562,8053.09625,0.3388374533583899,0.38011266225814355
2026-07-18,North,Web,12286,880,548,58.76,22.33,9196.97,181355.07,23,118281.96,0.041970802919708027,7885.003043478261,0.34778796093210956,0.38002042205582026
2026-07-18,South,App,10355,739,447,47.43000000000001,18.5,8012.92,165852.9,19,115146.04000000001,0.042505592841163314,8729.1,0.3057339365184449,0.3900484925152856
2026-07-18,South,Marketplace,8042,595,359,38.2,14.9,6724.67,92896.7,15,70355.74,0.04178272980501393,6193.113333333333,0.24264543304552252,0.3900523560209424
2026-07-18,South,Web,10614,757,495,51.55,20.1,9153.349999999999,183916.38,21,125762.92,0.04242424242424243,8757.922857142858,0.3161951099733477,0.3899127061105723
2026-07-18,West,App,10907,811,493,51.57,20.11,9949.14,133794.88,21,91171.51,0.04259634888438134,6371.184761904762,0.31857250441870427,0.3899554004266046
2026-07-18,West,Marketplace,10150,693,427,43.480000000000004,16.96,8231.7,181230.9,18,129056.16,0.04215456674473068,10068.383333333333,0.2878909722348672,0.39006439742410304
2026-07-18,West,Web,12671,827,548,59.19,23.08,9981.95,188318.75,23,127827.42,0.041970802919708027,8187.771739130435,0.32121777571272114,0.38993073154249025
2026-07-19,East,App,8378,553,352,36.57,14.26,6748.45,170441.24,15,117801.06999999999,0.04261363636363636,11362.749333333333,0.30884643880788476,0.38993710691823896
2026-07-19,East,Marketplace,6648,493,301,31.72,12.370000000000001,5581.29,144492.09,12,94160.62,0.03986710963455149,12041.0075,0.3483337392379057,0.3899747793190417
2026-07-19,East,Web,9824,693,440,46.72,18.22,7843.4800000000005,108553.58,18,70391.68,0.04090909090909091,6030.754444444445,0.3515489770120894,0.38998287671232873
2026-07-19,North,App,11812,738,483,50.91,19.28,8538.720000000001,129079.11,20,85798.88,0.041407867494824016,6453.9555,0.33530003421932486,0.37870752307994504
2026-07-19,North,Marketplace,9169,591,379,39.83,15.08,7344.3099999999995,148636.22,15,97467.28,0.0395778364116095,9909.081333333334,0.3442561981191395,0.3786090886266633
2026-07-19,North,Web,13007,828,535,56.64,21.45,10516.279999999999,180281.16999999998,21,118216.99,0.03925233644859813,8584.817619047619,0.3442632416907433,0.37870762711864403
2026-07-19,South,App,10439,735,445,47.07,18.36,7705.45,183992.12,19,121186.25,0.04269662921348315,9683.795789473685,0.34135086872198656,0.390057361376673
2026-07-19,South,Marketplace,8969,581,383,38.83,15.14,6998.89,92537.15,16,61543.96,0.04177545691906005,5783.571875,0.3349269995888138,0.3899047128508885
2026-07-19,South,Web,10928,897,515,54.31,21.189999999999998,9850.259999999998,132107.59,22,85635.5,0.04271844660194175,6004.890454545454,0.3517745649587582,0.39016755661940705
2026-07-19,West,App,11360,745,464,48.31,18.84,8770.95,168992.2,20,140056.13,0.04310344827586207,8449.61,0.171227251908668,0.3899813703167046
2026-07-19,West,Marketplace,9164,624,381,39.209999999999994,15.29,6841.93,92378.83,16,60703.84,0.04199475065616798,5773.676875,0.3428814805296842,0.38995154297373125
2026-07-19,West,Web,12976,869,550,57.74,22.520000000000003,10446.98,328463.61,23,220937.87,0.04181818181818182,14281.02652173913,0.32735967311569153,0.3900242466227919
2026-07-20,East,App,7712,553,333,34.45,13.43,6727.38,125510.16,14,84060.20999999999,0.042042042042042045,8965.011428571428,0.33025175013720015,0.38984034833091435
2026-07-20,East,Marketplace,6867,486,309,32.019999999999996,12.49,5848.68,105441.59,13,67768.47,0.042071197411003236,8110.891538461538,0.35728899763366617,0.39006870705808877
2026-07-20,East,Web,9220,674,404,41.67,16.259999999999998,7632.41,85716.95,17,68425.16,0.04207920792079208,5042.173529411764,0.20173127951939487,0.39020878329733616
2026-07-20,North,App,11043,783,467,48.41,18.27,8552.83,119587.63,19,80651.90000000001,0.04068522483940043,6294.085789473685,0.32558325639533114,0.3774013633546788
2026-07-20,North,Marketplace,8726,616,396,41.72,15.740000000000002,7892.1,180983.55,16,123669.66,0.04040404040404041,11311.471875,0.31668010711470734,0.37727708533077664
2026-07-20,North,Web,12611,859,529,55.400000000000006,20.91,9915.82,78635.09,22,52200.8,0.04158790170132325,3574.322272727273,0.3361640458477252,0.3774368231046931
2026-07-20,South,App,9646,674,426,46.71,18.22,8148.67,89500.17,18,59117.1,0.04225352112676056,4972.231666666667,0.33947499764525585,0.39006636694497965
2026-07-20,South,Marketplace,7821,536,348,36.36,14.18,6131.969999999999,72086.82,14,46537.96,0.040229885057471264,5149.058571428572,0.354417908849357,0.38998899889988997
2026-07-20,South,Web,11550,882,520,56.16,21.9,8747.86,131626.09,22,86841.29,0.04230769230769231,5983.00409090909,0.34024257652871104,0.38995726495726496
2026-07-20,West,App,9924,736,461,48.19,18.79,8395.88,133684.44999999998,20,88801.1,0.04338394793926247,6684.222499999999,0.3357409930623942,0.3899149201079062
2026-07-20,West,Marketplace,7943,634,407,43.43,16.93,7210.09,100459.59,17,72924.03,0.04176904176904177,5909.387647058823,0.2740958827325495,0.3898227032005526
2026-07-20,West,Web,12540,881,571,60.33,23.53,10368.57,208798.98,24,145805.03,0.04203152364273205,8699.9575,0.30169663664065793,0.3900215481518316
2026-07-21,East,App,7383,555,341,36.81,14.36,6627.889999999999,182373.34,14,118607.43000000001,0.04105571847507331,13026.667142857143,0.3496449097220021,0.39011138277641944
2026-07-21,East,Marketplace,6245,434,265,27.240000000000002,10.620000000000001,5098.35,88132.69,11,56682.619999999995,0.04150943396226415,8012.062727272728,0.35684908743849764,0.38986784140969166
2026-07-21,East,Web,8946,676,397,42.55,16.6,7724.02,157338.72,17,104867.04999999999,0.042821158690176324,9255.218823529412,0.33349495915563576,0.39012925969447715
2026-07-21,North,App,9795,733,471,49.09,18.47,9290.95,177294.91,19,152846.4,0.040339702760084924,9331.31105263158,0.13789741623152074,0.3762477082908942
2026-07-21,North,Marketplace,8703,669,388,40.760000000000005,15.34,7924.11,125742.15999999999,15,81569.81999999999,0.03865979381443299,8382.810666666666,0.3512929951258989,0.3763493621197252
2026-07-21,North,Web,10776,792,491,52.36,19.7,9620.76,81252.76,20,53479.46,0.04073319755600815,4062.638,0.3418136196235057,0.3762414056531703
2026-07-21,South,App,9764,695,438,44.79,17.47,7478.9800000000005,146776.68,19,108441.01,0.04337899543378995,7725.088421052631,0.2611836566953279,0.39004242018307655
2026-07-21,South,Marketplace,8045,572,362,39.72,15.5,6892.4,87811.25,15,63864.47,0.04143646408839779,5854.083333333333,0.272707426440234,0.3902316213494461
2026-07-21,South,Web,12076,803,503,52.71,20.55,8752.23,129148.73,22,85499.19,0.0437375745526839,5870.396818181818,0.3379788558509247,0.3898690950483779
2026-07-21,West,App,9835,670,443,46.24,18.03,8107.09,154620.24,19,102997.31999999999,0.04288939051918736,8137.9073684210525,0.33386909760326333,0.3899221453287197
2026-07-21,West,Marketplace,8609,540,369,38.47,15.0,5772.95,69867.38,15,47072.99,0.04065040650406504,4657.825333333333,0.3262522510504903,0.3899142188718482
2026-07-21,West,Web,12595,889,557,58.519999999999996,22.83,10746.81,154559.46,24,115949.55,0.04308797127468582,6439.9775,0.24980619109305888,0.390123034859877
2026-07-22,East,App,7434,503,324,34.650000000000006,13.52,5330.6900000000005,93412.08,14,63004.659999999996,0.043209876543209874,6672.291428571429,0.32551914056511755,0.39018759018759014
2026-07-22,East,Marketplace,6358,460,280,29.009999999999998,11.309999999999999,4539.26,62124.4,12,45881.82,0.04285714285714286,5177.033333333334,0.2614525049738911,0.389865563598759
2026-07-22,East,Web,8457,681,400,41.79,16.299999999999997,7478.17,134743.18,17,89422.98,0.0425,7926.069411764705,0.33634503801973503,0.3900454654223498
2026-07-22,North,App,8900,662,402,42.41,15.9,7452.0599999999995,86140.52,16,57436.869999999995,0.03980099502487562,5383.7825,0.333218907896075,0.3749115774581467
2026-07-22,North,Marketplace,8470,535,353,38.71,14.52,6445.469999999999,127131.9,14,85079.08,0.039660056657223795,9080.85,0.33078102348820393,0.37509687419271504
2026-07-22,North,Web,10993,805,488,50.0,18.74,8957.14,102335.07,19,67647.22,0.0389344262295082,5386.056315789474,0.33896346579916353,0.37479999999999997
2026-07-22,South,App,9305,631,404,43.03,16.78,7766.29,124067.7,17,81093.54,0.04207920792079208,7298.099999999999,0.34637669594906656,0.3899604926795259
2026-07-22,South,Marketplace,8222,531,336,34.93,13.620000000000001,6091.14,98992.87,14,64552.26,0.041666666666666664,7070.919285714285,0.34791000604386957,0.3899227025479531
2026-07-22,South,Web,10453,753,453,46.69,18.21,9389.95,109069.03,20,72755.58,0.04415011037527594,5453.4515,0.3329400655713175,0.39001927607624765
2026-07-22,West,App,9666,700,434,47.239999999999995,18.43,7540.849999999999,116186.28,19,79965.42,0.04377880184331797,6115.067368421052,0.3117481685445132,0.39013547840812873
2026-07-22,West,Marketplace,8373,608,360,37.52,14.629999999999999,6692.58,142591.22,15,95082.67,0.041666666666666664,9506.081333333334,0.3331800513383643,0.3899253731343283
2026-07-22,West,Web,13778,857,535,56.67,22.1,9781.52,133164.91,23,97391.85,0.04299065420560748,5789.778695652174,0.2686372859036213,0.38997706017293104
2026-07-23,East,App,7193,528,316,34.6,13.5,5262.07,115399.04000000001,13,76581.99,0.04113924050632911,8876.849230769232,0.33637238230058064,0.3901734104046243
2026-07-23,East,Marketplace,6172,412,266,27.35,10.670000000000002,5333.58,46274.07,11,34482.71,0.041353383458646614,4206.733636363636,0.2548157099645655,0.39012797074954303
2026-07-23,East,Web,8214,599,373,39.09,15.24,6341.29,117397.84,16,81188.75,0.04289544235924933,7337.365,0.30843063211384464,0.38986953184957784
2026-07-23,North,App,10440,657,414,44.07,16.47,8077.049999999999,107404.53,17,71195.19,0.04106280193236715,6317.913529411765,0.3371304729884298,0.3737236215112321
2026-07-23,North,Marketplace,7783,557,331,35.43,13.239999999999998,6693.27,151205.45,13,100749.79000000001,0.03927492447129909,11631.188461538462,0.3336894271998794,0.3736946090883432
2026-07-23,North,Web,11488,898,517,53.89,20.14,9495.09,130683.84,20,87712.82,0.03868471953578337,6534.192,0.32881663103869607,0.37372425310818336
2026-07-23,South,App,9090,616,391,40.72,15.88,7155.66,143704.55,17,96084.82,0.043478260869565216,8453.20882352941,0.3313724582833319,0.3899803536345776
2026-07-23,South,Marketplace,7800,528,336,35.41,13.809999999999999,6335.8099999999995,145770.97,14,96569.77,0.041666666666666664,10412.212142857143,0.33752399397493205,0.39000282406099973
2026-07-23,South,Web,11181,761,467,49.35,19.240000000000002,9314.970000000001,149634.36000000002,20,105624.98,0.042826552462526764,7481.718000000001,0.2941127960182408,0.3898682877406282
2026-07-23,West,App,10065,707,435,46.21,18.02,8570.64,155313.14,18,102532.83,0.041379310344827586,8628.507777777779,0.3398315815390765,0.38995888335858037
2026-07-23,West,Marketplace,8352,591,381,38.62,15.07,6910.66,152847.88,16,100462.59,0.04199475065616798,9552.9925,0.3427282733656496,0.39021232522009325
2026-07-23,West,Web,12698,866,541,57.760000000000005,22.520000000000003,9895.67,168074.34,23,141426.26,0.04251386321626617,7307.58,0.15854936571519476,0.3898891966759003
2026-07-24,East,App,7635,535,322,34.38,13.41,6139.92,120132.59,14,79175.78,0.043478260869565216,8580.899285714286,0.34093005070480875,0.3900523560209424
2026-07-24,East,Marketplace,6081,452,290,32.05,12.5,5255.879999999999,138333.69,12,91911.51,0.041379310344827586,11527.8075,0.33558115886303624,0.390015600624025
2026-07-24,East,Web,9062,605,395,42.07,16.41,7968.1900000000005,87543.54000000001,17,59303.92,0.043037974683544304,5149.620000000001,0.3225779994731765,0.3900641787497029
2026-07-24,North,App,9800,655,398,42.28,15.740000000000002,7731.6,141337.53,16,96573.59,0.04020100502512563,8833.595625,0.31671658617495296,0.37228003784295177
2026-07-24,North,Marketplace,8052,553,338,35.71,13.3,6656.360000000001,82560.15,13,60883.07,0.038461538461538464,6350.780769230769,0.26256105397095325,0.37244469336320357
2026-07-24,North,Web,10717,743,461,48.379999999999995,18.02,8177.67,152362.08000000002,18,104624.03,0.039045553145336226,8464.560000000001,0.3133197577770008,0.3724679619677553
2026-07-24,South,App,9178,612,386,41.33,16.119999999999997,7204.07,108538.73000000001,16,71556.26,0.04145077720207254,6783.670625000001,0.3407306313608056,0.39003145414952817
2026-07-24,South,Marketplace,6747,492,323,33.29,12.98,5924.07,119587.14,14,81741.73,0.043343653250773995,8541.93857142857,0.3164672221444547,0.38990687894262543
2026-07-24,South,Web,10135,683,457,47.93,18.689999999999998,8508.46,123517.23,19,80631.3,0.04157549234135667,6500.9068421052625,0.34720605376270175,0.38994366784894635
2026-07-24,West,App,9988,693,419,45.379999999999995,17.7,7363.09,111239.31999999999,18,83980.29,0.04295942720763723,6179.9622222222215,0.2450485134213334,0.39003966505068316
2026-07-24,West,Marketplace,7731,580,360,37.84,14.760000000000002,6211.57,102499.82,15,65190.77,0.041666666666666664,6833.321333333334,0.3639913709116758,0.3900634249471459
2026-07-24,West,Web,11249,855,500,52.31,20.4,9494.43,185627.06,21,123476.65,0.042,8839.38380952381,0.33481330793042785,0.38998279487669657
2026-07-25,East,App,8176,542,352,36.739999999999995,14.33,5667.549999999999,140171.99,15,93472.37,0.04261363636363636,9344.799333333332,0.3331594279285041,0.39003810560696794
2026-07-25,East,Marketplace,7103,514,314,33.17,12.93,5843.96,83063.06,13,55174.16,0.041401273885350316,6389.466153846153,0.3357557499085634,0.3898100693397648
2026-07-25,East,Web,8426,586,381,40.59,15.83,7291.43,167947.45,16,111060.78,0.04199475065616798,10496.715625,0.33871708084880126,0.3899975363389997
2026-07-25,North,App,11148,784,474,48.989999999999995,18.240000000000002,9052.779999999999,190003.28,19,124578.81999999999,0.04008438818565401,10000.172631578947,0.34433331887744256,0.3723208818126149
2026-07-25,North,Marketplace,9062,600,385,40.53,15.1,6832.84,158741.01,15,106921.13,0.03896103896103896,10582.734,0.32644292738215536,0.37256353318529484
2026-07-25,North,Web,12945,848,545,57.14,21.28,10611.5,169872.11000000002,21,109281.98,0.03853211009174312,8089.148095238096,0.3566808583233588,0.37241862093104655
2026-07-25,South,App,8903,657,424,45.42,17.71,8623.41,156198.19,17,102384.95999999999,0.04009433962264151,9188.128823529412,0.344518908957908,0.3899163364156759
2026-07-25,South,Marketplace,8336,597,364,36.519999999999996,14.24,7014.9,101138.4,15,72249.45,0.04120879120879121,6742.5599999999995,0.28563779929285016,0.38992332968236587
2026-07-25,South,Web,12492,812,497,52.97,20.66,9422.36,110787.67,21,78410.16,0.04225352112676056,5275.6033333333335,0.29224831608066126,0.39003209363790825
2026-07-25,West,App,11251,828,507,52.73,20.57,9035.17,207302.46,21,138183.5,0.04142011834319527,9871.545714285714,0.3334208383248322,0.3901005120424806
2026-07-25,West,Marketplace,9838,628,397,42.95,16.76,7087.78,122599.89,17,79828.21,0.042821158690176324,7211.758235294117,0.3488720911576674,0.390221187427241
2026-07-25,West,Web,13816,942,581,61.91,24.14,10538.619999999999,183929.86,24,130668.68,0.04130808950086059,7663.744166666666,0.28957331887274856,0.38992085285091266
2026-07-26,East,App,9045,614,381,41.53,16.19,6995.51,74423.83,16,49070.49,0.04199475065616798,4651.489375,0.3406615864837916,0.3898386708403564
2026-07-26,East,Marketplace,7195,492,314,33.52,13.07,6238.3,100193.9,13,65272.61,0.041401273885350316,7707.223076923076,0.3485370865891037,0.38991646778042954
2026-07-26,East,Web,10003,680,429,45.14,17.6,7346.389999999999,112697.99,19,75017.59,0.04428904428904429,5931.473157894737,0.3343484653098073,0.38989809481612764
2026-07-26,North,App,10048,722,445,47.379999999999995,17.65,8076.67,188726.79,17,123746.57,0.038202247191011236,11101.575882352941,0.3443084047580102,0.3725200506542845
2026-07-26,North,Marketplace,9059,621,384,41.55,15.48,6737.59,132053.49,16,86678.61,0.041666666666666664,8253.343125,0.34360985082635825,0.3725631768953069
2026-07-26,North,Web,11886,814,507,53.76,20.02,10239.6,184532.07,21,120833.59,0.04142011834319527,8787.24142857143,0.3451892129102546,0.3723958333333333
2026-07-26,South,App,9631,698,448,48.09,18.76,8343.6,91918.2,18,63963.16,0.04017857142857143,5106.566666666667,0.30412954126603864,0.3901018922852984
2026-07-26,South,Marketplace,9102,631,376,38.5,15.02,7048.219999999999,205410.53,16,134797.52,0.0425531914893617,12838.158125,0.34376528798207184,0.3901298701298701
2026-07-26,South,Web,11272,843,524,54.6,21.29,8864.900000000001,167316.22999999998,22,111614.01,0.04198473282442748,7605.283181818181,0.3329158205393463,0.3899267399267399
2026-07-26,West,App,11114,769,495,53.91,21.02,9117.27,233321.18,21,157013.17,0.04242424242424243,11110.53238095238,0.32705136327529283,0.38990910777221294
2026-07-26,West,Marketplace,8577,592,383,41.07,16.02,7331.070000000001,182948.96,17,120334.45999999999,0.044386422976501305,10761.703529411765,0.34225119399421566,0.39006574141709277
2026-07-26,West,Web,12083,846,534,56.29,21.950000000000003,8711.279999999999,173749.04,23,120316.42,0.04307116104868914,7554.306086956522,0.3075275696487302,0.38994492805116365
2026-07-27,East,App,7648,564,333,34.76,13.55,5828.93,189468.52,14,124774.23,0.042042042042042045,13533.465714285714,0.3414513925585105,0.3898158803222095
2026-07-27,East,Marketplace,6385,441,269,29.05,11.33,4633.91,107296.8,11,71649.54,0.040892193308550186,9754.254545454545,0.3322304113449796,0.3900172117039587
2026-07-27,East,Web,8650,555,372,39.71,15.48,7364.84,89362.67,16,62315.02,0.043010752688172046,5585.166875,0.30267280509859434,0.3898262402417527
2026-07-27,North,App,10362,686,424,44.349999999999994,16.52,8040.32,195910.79,17,132859.12,0.04009433962264151,11524.164117647058,0.3218386797378542,0.3724915445321308
2026-07-27,North,Marketplace,9283,619,386,39.29,14.64,6563.469999999999,127767.79,15,82293.07,0.038860103626943004,8517.852666666666,0.3559169333679481,0.3726138966658183
2026-07-27,North,Web,11248,812,502,53.67,19.990000000000002,8622.619999999999,185243.52000000002,20,122089.22,0.0398406374501992,9262.176000000001,0.3409258256375176,0.3724613378051053
2026-07-27,South,App,9747,614,398,42.18,16.45,6887.530000000001,163072.99,17,115650.58,0.04271356783919598,9592.528823529412,0.29080481077829007,0.38999525841631105
2026-07-27,South,Marketplace,7536,507,316,32.36,12.620000000000001,6185.85,44302.770000000004,13,28884.29,0.04113924050632911,3407.9053846153847,0.3480251912013628,0.38998763906056866
2026-07-27,South,Web,11086,743,473,49.67,19.380000000000003,8276.619999999999,158860.48,20,103361.47,0.042283298097251586,7943.024,0.3493569325737906,0.3901751560297967
2026-07-27,West,App,9981,686,423,43.489999999999995,16.96,7764.049999999999,118128.12,18,78505.45999999999,0.0425531914893617,6562.673333333333,0.3354210665504539,0.3899747068291562
2026-07-27,West,Marketplace,8271,589,355,38.21,14.9,6135.280000000001,115419.42,15,77434.29000000001,0.04225352112676056,7694.628,0.3291051887108772,0.38995027479717354
2026-07-27,West,Web,11292,858,522,53.93,21.03,10477.53,232424.6,21,151616.1,0.040229885057471264,11067.838095238096,0.34767619262332816,0.38994993510105697
2026-07-28,East,App,7096,481,311,31.81,12.41,5709.8099999999995,92852.32,13,66808.94,0.04180064308681672,7142.486153846155,0.28048173702067974,0.39012889028607356
2026-07-28,East,Marketplace,6715,433,279,28.95,11.29,5265.55,100487.25,12,66725.79,0.043010752688172046,8373.9375,0.3359775493905944,0.38998272884283247
2026-07-28,East,Web,8681,636,389,41.08,16.02,7445.05,86991.01,16,58048.53,0.04113110539845758,5436.938125,0.3327065635862832,0.38997078870496593
2026-07-28,North,App,8892,645,415,43.55,16.22,7679.1,156282.09,16,104436.17,0.03855421686746988,9767.630625,0.3317457553837423,0.3724454649827784
2026-07-28,North,Marketplace,8488,586,357,38.22,14.24,6428.030000000001,139102.12,14,88985.25,0.0392156862745098,9935.865714285714,0.3602883263030067,0.37257980115122974
2026-07-28,North,Web,10160,726,441,45.67,17.009999999999998,8181.570000000001,315220.89,17,212183.54,0.03854875283446712,18542.40529411765,0.32687348227460433,0.3724545653601926
2026-07-28,South,App,9462,660,412,43.27,16.88,7450.900000000001,118925.62,18,80171.01,0.043689320388349516,6606.978888888889,0.32587267571108736,0.39010862029119475
2026-07-28,South,Marketplace,6621,485,316,33.55,13.09,5888.26,126140.41,13,84073.85,0.04113924050632911,9703.108461538463,0.3334899577383647,0.39016393442622954
2026-07-28,South,Web,11000,695,465,48.72,19.0,8426.01,119260.81,19,78283.08,0.04086021505376344,6276.884736842105,0.3435976160148501,0.3899835796387521
2026-07-28,West,App,10526,679,429,44.62,17.4,6785.27,111510.26,18,74616.75,0.04195804195804196,6195.014444444444,0.3308530533423561,0.3899596593455849
2026-07-28,West,Marketplace,7431,529,334,35.379999999999995,13.8,6307.8,105990.39,14,70742.73,0.041916167664670656,7570.742142857142,0.3325552439235293,0.39005087620124373
2026-07-28,West,Web,11731,826,496,52.83,20.6,8904.32,154761.31,20,102361.47,0.04032258064516129,7738.0655,0.3385848827462109,0.3899299640355859
2026-07-29,East,App,7807,516,333,36.339999999999996,14.170000000000002,6177.92,86993.46,14,59169.49,0.042042042042042045,6213.818571428572,0.3198397902554974,0.3899284534947717
2026-07-29,East,Marketplace,6169,430,262,26.92,10.5,4962.33,114237.86,11,75741.31999999999,0.04198473282442748,10385.26,0.336985829391412,0.3900445765230312
2026-07-29,East,Web,8617,600,374,38.6,15.05,6782.469999999999,123901.85,16,80299.28,0.0427807486631016,7743.865625,0.3519121788738425,0.3898963730569948
2026-07-29,North,App,9128,640,399,42.61,15.87,7906.02,68143.66,16,56626.26,0.040100250626566414,4258.97875,0.16901645729037743,0.37244778221074865
2026-07-29,North,Marketplace,8690,559,355,37.81,14.09,6512.04,154657.85,14,112113.57,0.03943661971830986,11046.989285714286,0.27508645697583406,0.37265273737106586
2026-07-29,North,Web,10088,739,462,48.57,18.09,8765.05,199747.19,18,137020.32,0.03896103896103896,11097.066111111111,0.31403130126636575,0.37245213094502777
2026-07-29,South,App,8621,621,393,41.599999999999994,16.22,6977.02,102033.36,17,67234.9,0.043256997455470736,6001.9623529411765,0.3410498291931189,0.38990384615384616
2026-07-29,South,Marketplace,7457,545,328,34.81,13.58,5655.8099999999995,55897.21,14,42435.96,0.042682926829268296,3992.657857142857,0.24082150075111083,0.39011778224648086
2026-07-29,South,Web,10976,784,486,51.33,20.02,9594.88,170931.14,21,130290.92,0.043209876543209874,8139.578095238096,0.23775784798486696,0.3900253263198909
2026-07-29,West,App,9902,710,424,44.05,17.17,8041.219999999999,143548.6,17,108478.56,0.04009433962264151,8444.035294117648,0.24430778147609944,0.38978433598183887
2026-07-29,West,Marketplace,8307,583,369,39.0,15.21,6868.83,159559.93,16,105030.23999999999,0.04336043360433604,9972.495625,0.3417505259622513,0.39
2026-07-29,West,Web,11961,805,512,54.790000000000006,21.37,9086.689999999999,172525.41,21,113010.38,0.041015625,8215.495714285715,0.3449638519914255,0.3900346778609235
2026-07-30,East,App,7117,497,333,36.09,14.07,6094.76,95964.65,14,63039.24,0.042042042042042045,6854.617857142856,0.3430993600247591,0.38985868661679135
2026-07-30,East,Marketplace,5757,412,264,27.729999999999997,10.809999999999999,5062.35,91423.49,11,59432.8,0.041666666666666664,8311.226363636364,0.34991761964020407,0.3898305084745763
2026-07-30,East,Web,8712,621,364,38.3,14.93,6757.76,104569.53,15,68917.88,0.04120879120879121,6971.302,0.3409372692026061,0.38981723237597915
2026-07-30,North,App,9430,699,410,43.84,16.330000000000002,8090.45,117726.73,16,77302.22,0.03902439024390244,7357.920625,0.3433757991919082,0.37249087591240876
2026-07-30,North,Marketplace,8892,583,376,39.22,14.61,6780.7,186535.44,15,126324.15999999999,0.0398936170212766,12435.696,0.32278734807712683,0.3725140234574197
2026-07-30,North,Web,10333,702,450,47.93,17.85,8438.48,232542.99,17,153229.64,0.03777777777777778,13678.999411764706,0.34106962329847046,0.3724181097433758
2026-07-30,South,App,8717,595,369,39.36,15.350000000000001,7304.26,75693.84,16,49507.46,0.04336043360433604,4730.865,0.3459512689539862,0.389989837398374
2026-07-30,South,Marketplace,6676,462,305,31.83,12.41,5428.95,103365.86,13,67802.63,0.04262295081967213,7951.22,0.34405199163437516,0.3898837574615143
2026-07-30,South,Web,10626,740,474,50.099999999999994,19.54,8808.98,198702.22999999998,20,134453.46,0.04219409282700422,9935.111499999999,0.32334196752598093,0.39001996007984036
2026-07-30,West,App,9888,667,414,43.67,17.03,7843.34,222717.03999999998,17,147893.94,0.04106280193236715,13101.002352941176,0.3359558837527653,0.389970231280055
2026-07-30,West,Marketplace,8785,590,370,38.05,14.84,7032.34,141144.95,15,95384.05,0.04054054054054054,9409.663333333334,0.32421209543805857,0.39001314060446785
2026-07-30,West,Web,10865,803,476,51.39,20.04,8263.1,127794.88,20,86178.35,0.04201680672268908,6389.744000000001,0.32565099634664546,0.38995913601868065
2026-07-31,East,App,7763,540,340,36.08,14.07,6495.209999999999,73976.4,14,48345.56,0.041176470588235294,5284.028571428571,0.346473199560941,0.3899667405764967
2026-07-31,East,Marketplace,6143,405,265,27.71,10.809999999999999,4901.34,102828.78,11,67217.26999999999,0.04150943396226415,9348.07090909091,0.34631851121835744,0.39011187297004685
2026-07-31,East,Web,9419,605,384,39.57,15.43,7911.49,111420.23,16,89894.26,0.041666666666666664,6963.764375,0.19319624452399714,0.3899418751579479
2026-07-31,North,App,9274,612,390,40.739999999999995,15.170000000000002,6577.610000000001,110859.91,16,79078.33,0.041025641025641026,6928.744375,0.28668235433350076,0.3723613156602848
2026-07-31,North,Marketplace,8178,593,360,37.67,14.030000000000001,6595.5,143639.57,14,93312.24,0.03888888888888889,10259.969285714285,0.35037232428362186,0.3724449163790815
2026-07-31,North,Web,10434,733,464,49.51,18.439999999999998,8862.220000000001,176149.81,19,116861.73,0.040948275862068964,9271.042631578946,0.3365775983522208,0.3724500100989699
2026-07-31,South,App,9286,634,395,41.379999999999995,16.14,7666.45,167727.66,16,110546.38,0.04050632911392405,10482.97875,0.3409174133830997,0.39004349927501214
2026-07-31,South,Marketplace,8255,550,348,36.29,14.16,6336.91,108157.94,15,77074.75,0.04310344827586207,7210.529333333334,0.28738703788182357,0.3901901350234224
2026-07-31,South,Web,9981,712,445,46.22,18.02,8176.97,100785.62,19,67583.85,0.04269662921348315,5304.506315789474,0.3294296349022806,0.3898745131977499
2026-07-31,West,App,9464,707,419,42.760000000000005,16.67,7715.66,164312.7,18,105762.83,0.04295942720763723,9128.483333333334,0.35633198164231983,0.3898503274087933
2026-07-31,West,Marketplace,8264,580,353,37.71,14.709999999999999,6050.26,112395.79,15,75147.0,0.042492917847025496,7493.0526666666665,0.331407341858623,0.39008220631132323
2026-07-31,West,Web,11453,860,498,53.17,20.740000000000002,9768.08,186098.31,21,123661.88,0.04216867469879518,8861.824285714285,0.3355024019293888,0.39006958811359793
2026-08-01,East,App,8110,571,371,40.260000000000005,15.709999999999999,6762.6,134276.53,16,87747.70999999999,0.0431266846361186,8392.283125,0.3465149121741529,0.3902136115250869
2026-08-01,East,Marketplace,7186,501,304,32.260000000000005,12.58,5608.8099999999995,134494.1,13,90333.53,0.04276315789473684,10345.7,0.32834577873676246,0.3899566026038437
2026-08-01,East,Web,9698,666,420,43.29,16.88,7258.379999999999,178587.47,17,118478.12,0.04047619047619048,10505.145294117647,0.33658212415462296,0.3899283899283899
2026-08-01,North,App,11017,750,479,50.71,18.88,8631.65,176471.46,18,116263.93,0.037578288100208766,9803.97,0.34117431793220276,0.3723131532242161
2026-08-01,North,Marketplace,9493,646,398,42.239999999999995,15.740000000000002,7218.34,76591.66,16,50804.29,0.04020100502512563,4786.97875,0.3366863964039949,0.37263257575757586
2026-08-01,North,Web,12812,869,543,56.91,21.189999999999998,9569.17,131456.11000000002,22,104978.51000000001,0.040515653775322284,5975.277727272728,0.20141779640368182,0.37234229485151993
2026-08-01,South,App,11123,762,471,49.1,19.15,9018.73,114976.04,20,80045.77,0.04246284501061571,5748.802,0.3038047753253634,0.390020366598778
2026-08-01,South,Marketplace,8804,591,382,39.59,15.450000000000001,7459.83,134388.11,17,90199.2,0.04450261780104712,7905.18294117647,0.32881562215585886,0.3902500631472594
2026-08-01,South,Web,11116,788,500,51.93,20.259999999999998,8827.16,185111.88999999998,20,121828.6,0.04,9255.5945,0.3418650741451561,0.39014057384941264
2026-08-01,West,App,11305,767,500,50.9,19.85,10106.14,150916.84,21,102647.68,0.042,7186.51619047619,0.31983945595468344,0.3899803536345776
2026-08-01,West,Marketplace,9366,609,387,41.269999999999996,16.1,7087.139999999999,122239.75,16,80307.2,0.041343669250646,7639.984375,0.3430353056186715,0.39011388417736864
2026-08-01,West,Web,11550,916,571,61.86,24.12,10365.98,167487.33000000002,24,117594.71,0.04203152364273205,6978.638750000001,0.29788892091121166,0.38991270611057227
2026-08-02,East,App,8579,590,376,38.47,15.0,6903.14,124858.90000000001,16,89005.54,0.0425531914893617,7803.681250000001,0.28715101606693644,0.3899142188718482
2026-08-02,East,Marketplace,7089,507,311,32.260000000000005,12.58,5962.33,74426.48,13,47992.59,0.04180064308681672,5725.113846153846,0.3551678112413754,0.3899566026038437
2026-08-02,East,Web,9718,705,437,45.78,17.85,8775.7,139359.71,19,90006.14,0.043478260869565216,7334.721578947368,0.354145182994425,0.38990825688073394
2026-08-02,North,App,11790,807,491,52.16,19.43,8540.15,159252.65,19,103347.16,0.038696537678207736,8381.718421052632,0.3510490406282093,0.37250766871165647
2026-08-02,North,Marketplace,8893,609,379,40.06999999999999,14.92,6948.3099999999995,97376.02,15,65375.05,0.0395778364116095,6491.734666666667,0.3286329632285238,0.3723483903169454
2026-08-02,North,Web,13588,895,562,59.69,22.240000000000002,10306.970000000001,170926.69,22,113496.23000000001,0.03914590747330961,7769.395,0.3359946887171336,0.37259172390685213
2026-08-02,South,App,10864,751,466,49.85,19.45,10017.64,174370.01,20,114415.0,0.04291845493562232,8718.5005,0.3438378537685466,0.3901705115346038
2026-08-02,South,Marketplace,7955,609,378,39.92,15.57,7040.68,180189.31,16,123387.34,0.042328042328042326,11261.831875,0.3152349603869397,0.3900300601202405
2026-08-02,South,Web,11886,910,557,58.290000000000006,22.740000000000002,9667.11,193598.24,23,128984.44,0.04129263913824058,8417.314782608695,0.3337520010512492,0.3901183736489964
2026-08-02,West,App,10445,755,477,50.6,19.74,8471.83,139239.29,20,92016.34,0.041928721174004195,6961.9645,0.33914960353503676,0.3901185770750988
2026-08-02,West,Marketplace,9157,679,429,45.67,17.810000000000002,7745.3099999999995,188631.28,18,124055.1,0.04195804195804196,10479.515555555556,0.3423407825043651,0.38997153492445813
2026-08-02,West,Web,12364,885,569,59.95,23.380000000000003,11846.26,213638.98,24,137878.15,0.0421792618629174,8901.624166666666,0.35462081872886686,0.3899916597164304
2026-08-03,East,App,7952,540,327,34.29,13.379999999999999,5706.33,151675.25,14,99501.1,0.04281345565749235,10833.94642857143,0.34398591728050554,0.3902012248468941
2026-08-03,East,Marketplace,6241,447,276,28.810000000000002,11.239999999999998,5026.88,60601.7,12,40473.009999999995,0.043478260869565216,5050.141666666666,0.3321472829970117,0.3901423116973272
2026-08-03,East,Web,9136,628,392,41.1,16.03,7421.5199999999995,94645.73999999999,16,63821.79,0.04081632653061224,5915.358749999999,0.32567709862060346,0.3900243309002433
2026-08-03,North,App,10120,743,439,46.36,17.27,8467.95,180577.96,17,120271.14,0.0387243735763098,10622.23294117647,0.3339655625747461,0.37251941328731664
2026-08-03,North,Marketplace,8621,592,384,40.45,15.07,7032.88,183187.46,15,120568.69,0.0390625,12212.497333333333,0.34182891121477416,0.3725587144622991
2026-08-03,North,Web,11926,722,476,48.959999999999994,18.240000000000002,8928.67,175745.88999999998,19,116687.48,0.03991596638655462,9249.783684210526,0.33604433082332674,0.3725490196078432
2026-08-03,South,App,9827,647,400,42.269999999999996,16.48,7148.0,207004.15000000002,17,138444.31,0.0425,12176.714705882354,0.3312003165153936,0.38987461556659575
2026-08-03,South,Marketplace,8283,538,350,36.55,14.26,6227.6900000000005,125840.97,15,84056.14,0.04285714285714286,8389.398,0.3320447227957636,0.39015047879616965
2026-08-03,South,Web,11305,778,482,49.05,19.14,9025.34,146115.74,20,95981.41,0.04149377593360996,7305.786999999999,0.3431138219605909,0.3902140672782875
2026-08-03,West,App,10938,703,436,45.96,17.93,7653.89,132062.07,19,103228.41,0.04357798165137615,6950.635263157895,0.2183341515092108,0.39012184508268055
2026-08-03,West,Marketplace,8255,586,359,36.84,14.36,6584.540000000001,104546.33,15,67887.1,0.04178272980501393,6969.7553333333335,0.3506505680304607,0.3897937024972855
2026-08-03,West,Web,12564,864,531,54.9,21.41,10909.41,155452.85,22,102914.57,0.04143126177024482,7066.038636363636,0.33796922989832606,0.3899817850637523
2026-08-04,East,App,7381,528,333,35.980000000000004,14.030000000000001,6450.29,93212.52,14,65811.98,0.042042042042042045,6658.037142857143,0.29395772155929273,0.38993885491939967
2026-08-04,East,Marketplace,7045,483,293,31.090000000000003,12.120000000000001,5473.09,79661.74,12,53655.66,0.040955631399317405,6638.4783333333335,0.326456339015442,0.38983596011579286
2026-08-04,East,Web,8134,621,376,39.16,15.27,6381.76,129756.77,16,87256.92,0.0425531914893617,8109.798125,0.3275347405765418,0.3899387129724209
2026-08-04,North,App,9836,677,411,42.83,15.95,7752.43,122877.84999999999,16,81720.54,0.038929440389294405,7679.865624999999,0.3349449066695096,0.3724025215970114
2026-08-04,North,Marketplace,8003,529,350,36.86,13.73,6314.15,52786.18,14,38781.270000000004,0.04,3770.441428571429,0.2653139514926065,0.3724905046120456
2026-08-04,North,Web,10779,748,479,50.56999999999999,18.83,7459.68,138604.79,19,91069.92,0.03966597077244259,7294.988947368422,0.34295257761293824,0.37235515127545976
2026-08-04,South,App,9002,631,400,40.23,15.69,7370.6900000000005,241252.61,17,157948.31,0.0425,14191.33,0.3452990622567772,0.3900074571215511
2026-08-04,South,Marketplace,8319,534,339,35.66,13.91,6204.43,161194.14,14,114606.95,0.04129793510324484,11513.867142857143,0.28901292565598236,0.3900729108244532
2026-08-04,South,Web,10672,805,507,52.68,20.55,9689.91,130128.82,21,85535.98,0.04142011834319527,6196.610476190476,0.3426822743801105,0.39009111617312076
2026-08-04,West,App,10795,707,457,46.379999999999995,18.09,8154.97,178640.44,20,132037.81,0.0437636761487965,8932.022,0.26087390962539053,0.3900388098318241
2026-08-04,West,Marketplace,8031,514,355,37.9,14.780000000000001,6960.790000000001,94118.01999999999,15,63639.99,0.04225352112676056,6274.5346666666655,0.32382778558239955,0.3899736147757256
2026-08-04,West,Web,12224,827,519,54.5,21.259999999999998,10267.91,221025.40000000002,22,144979.49,0.04238921001926782,10046.609090909093,0.34405959677032605,0.39009174311926603
2026-08-05,East,App,7919,562,354,37.57,14.65,6165.469999999999,95752.27,15,64036.07,0.0423728813559322,6383.484666666667,0.33123183398158607,0.38993878094224116
2026-08-05,East,Marketplace,6741,492,305,32.03,12.49,5644.91,84189.19,13,54782.299999999996,0.04262295081967213,6476.091538461538,0.34929531926842394,0.3899469247580393
2026-08-05,East,Web,9774,664,422,44.81,17.48,8026.73,99437.29,18,65461.590000000004,0.04265402843601896,5524.293888888888,0.34167966564655966,0.39009149743360855
2026-08-05,North,App,10485,727,450,46.58,17.35,7869.73,140924.05,18,93419.3,0.04,7829.113888888888,0.3370946974629241,0.3724774581365393
2026-08-05,North,Marketplace,8877,608,393,39.900000000000006,14.86,6763.38,113361.56999999999,16,79106.52,0.04071246819338423,7085.0981249999995,0.3021751551253215,0.3724310776942355
2026-08-05,North,Web,12681,860,540,57.28999999999999,21.340000000000003,10317.54,100960.84,21,68522.04,0.03888888888888889,4807.659047619048,0.3213008132658168,0.3724908360970502
2026-08-05,South,App,10441,722,448,49.0,19.11,7876.57,89307.20999999999,19,59285.22,0.04241071428571429,4700.37947368421,0.33616535551832816,0.39
2026-08-05,South,Marketplace,8148,585,369,39.04,15.219999999999999,6964.91,97622.94,15,68820.87,0.04065040650406504,6508.196,0.2950338311876287,0.38985655737704916
2026-08-05,South,Web,11439,866,516,55.379999999999995,21.6,8934.1,130700.06,21,85791.69,0.040697674418604654,6223.81238095238,0.343598694598916,0.3900325027085591
2026-08-05,West,App,10909,774,474,49.43000000000001,19.28,9441.12,136251.55,19,88048.7,0.04008438818565401,7171.134210526315,0.35377836068653895,0.39004653044709686
2026-08-05,West,Marketplace,9230,655,402,41.55,16.21,7292.8099999999995,90333.7,17,61190.11,0.04228855721393035,5313.747058823529,0.32262145799408193,0.39013237063778583
2026-08-05,West,Web,12867,860,547,58.74,22.909999999999997,10084.21,176233.29,23,117243.87,0.04204753199268738,7662.3169565217395,0.3347234793154007,0.3900238338440585
2026-08-06,East,App,8240,555,334,34.31,13.379999999999999,6220.83,70715.57,14,45398.16,0.041916167664670656,5051.112142857143,0.3580174776219721,0.3899737685805887
2026-08-06,East,Marketplace,7408,466,300,32.36,12.620000000000001,5456.57,95012.61,12,82397.20999999999,0.04,7917.7175,0.1327760599356234,0.38998763906056866
2026-08-06,East,Web,10331,691,460,47.260000000000005,18.43,9111.45,169296.3,19,112364.75,0.041304347826086954,8910.331578947367,0.3362834864081495,0.38997037663986456
2026-08-06,North,App,10076,723,445,45.5,16.95,7577.95,184338.30000000002,18,121450.9,0.04044943820224719,10241.016666666668,0.34115211000643936,0.37252747252747254
2026-08-06,North,Marketplace,8795,617,383,41.0,15.27,6987.78,130063.73,15,83133.8,0.0391644908616188,8670.915333333332,0.36082257520986055,0.3724390243902439
2026-08-06,North,Web,12605,914,555,60.239999999999995,22.43,9535.89,185519.4,22,123366.92,0.03963963963963964,8432.699999999999,0.33501876353632015,0.37234395750332006
2026-08-06,South,App,10850,710,445,48.09,18.76,8303.55,131298.74,19,91581.27,0.04269662921348315,6910.459999999999,0.302496962270925,0.3901018922852984
2026-08-06,South,Marketplace,8616,585,361,37.41,14.59,6812.8099999999995,100387.22,15,75594.2,0.04155124653739612,6692.481333333333,0.2469738677891469,0.39000267308206366
2026-08-06,South,Web,13346,931,569,58.879999999999995,22.97,10510.64,150668.55,24,100282.35,0.0421792618629174,6277.85625,0.3344175011971641,0.3901154891304348
2026-08-06,West,App,10991,793,509,52.95,20.65,8764.76,85969.36,21,59834.39,0.0412573673870334,4093.7790476190476,0.30400331001649894,0.38999055712936725
2026-08-06,West,Marketplace,9132,637,395,41.83,16.310000000000002,7039.1900000000005,54578.87,16,37127.89,0.04050632911392405,3411.179375,0.31973875604240254,0.38991154673679185
2026-08-06,West,Web,11985,865,533,56.42999999999999,22.0,9716.05,171572.73,22,118116.81,0.04127579737335835,7798.760454545455,0.31156419787690043,0.38986354775828463
2026-08-07,East,App,7543,515,317,35.05,13.67,5718.09,89310.8,13,60698.91,0.04100946372239748,6870.0615384615385,0.32036315876691285,0.3900142653352354
2026-08-07,East,Marketplace,6709,462,286,31.59,12.32,5166.33,48763.81,12,33584.53,0.04195804195804196,4063.650833333333,0.3112816656450757,0.3899968344412789
2026-08-07,East,Web,9167,574,371,38.739999999999995,15.1,7179.799999999999,182309.68,16,118891.95,0.0431266846361186,11394.355,0.3478571735741075,0.3897780072276717
2026-08-07,North,App,8930,600,395,40.69,15.16,7392.36,225540.41999999998,16,152435.72,0.04050632911392405,14096.276249999999,0.3241312577142491,0.37257311378717134
2026-08-07,North,Marketplace,7619,566,350,37.0,13.780000000000001,6549.22,88932.18000000001,14,58534.26,0.04,6352.298571428572,0.341810129921475,0.37243243243243246
2026-08-07,North,Web,11057,788,486,50.69,18.88,8897.47,175539.02,19,114328.74,0.03909465020576132,9238.895789473683,0.3486989958130106,0.3724600512921681
2026-08-07,South,App,10578,666,412,42.78,16.689999999999998,7978.0,144465.5,17,100846.68,0.0412621359223301,8497.970588235294,0.30193243369524214,0.39013557737260396
2026-08-07,South,Marketplace,7617,507,326,33.47,13.05,6419.21,60617.84,14,39844.31,0.04294478527607362,4329.845714285714,0.34269663848134474,0.38990140424260533
2026-08-07,South,Web,10332,767,493,51.83,20.21,8912.55,177929.38,20,116622.02,0.04056795131845842,8896.469000000001,0.34456007209152306,0.3899286127725256
2026-08-07,West,App,9017,662,421,44.019999999999996,17.17,7760.24,120465.29,18,79948.70999999999,0.04275534441805225,6692.516111111111,0.3363340593792619,0.39004997728305324
2026-08-07,West,Marketplace,8826,608,376,40.55,15.809999999999999,6456.04,154626.95,16,103020.0,0.0425531914893617,9664.184375,0.33375132860086815,0.3898890258939581
2026-08-07,West,Web,12067,874,531,54.760000000000005,21.35,9203.29,113490.43000000001,23,76242.98,0.04331450094161959,4934.366521739131,0.3281990384563704,0.38988312636961286
2026-08-08,East,App,8265,552,358,37.69,14.7,7044.72,181948.94,16,118945.13,0.0446927374301676,11371.80875,0.34627192661853373,0.3900238790130008
2026-08-08,East,Marketplace,6593,469,305,33.07,12.9,5041.1,127089.55,13,82911.94,0.04262295081967213,9776.11923076923,0.34761009068015425,0.39008164499546416
2026-08-08,East,Web,9481,686,430,44.47,17.34,7501.619999999999,122160.22,18,79629.77,0.04186046511627907,6786.678888888889,0.3481530239549339,0.38992579266921523
2026-08-08,North,App,11209,724,476,50.45,18.79,8428.53,192799.2,19,126399.33,0.03991596638655462,10147.326315789474,0.3443990950169918,0.3724479682854311
2026-08-08,North,Marketplace,8900,691,397,40.23,14.98,6804.02,149848.1,16,107828.47,0.04030226700251889,9365.50625,0.28041483342131135,0.3723589361173254
2026-08-08,North,Web,12861,862,550,57.09,21.259999999999998,9643.24,284619.16,22,191072.23,0.04,12937.234545454545,0.32867404288593915,0.37239446488001393
2026-08-08,South,App,10595,743,447,48.0,18.72,8459.95,96277.68000000001,19,63443.21,0.042505592841163314,5067.2463157894745,0.34103927306931375,0.38999999999999996
2026-08-08,South,Marketplace,9678,628,385,40.290000000000006,15.709999999999999,7714.83,99771.56,16,68335.47,0.04155844155844156,6235.7225,0.3150806702831949,0.38992305783072717
2026-08-08,South,Web,12674,898,546,58.019999999999996,22.619999999999997,10788.48,197985.59,23,132695.74,0.04212454212454213,8608.069130434782,0.3297707171516877,0.389865563598759
2026-08-08,West,App,11608,822,495,52.760000000000005,20.58,8480.26,134536.95,21,88497.84,0.04242424242424243,6406.521428571429,0.3422042048671388,0.39006823351023495
2026-08-08,West,Marketplace,8721,586,395,41.83,16.310000000000002,7055.45,225517.18,16,150376.54,0.04050632911392405,14094.82375,0.3331925310524014,0.38991154673679185
2026-08-08,West,Web,14067,993,603,63.43,24.740000000000002,11359.91,182470.43,26,121970.09999999999,0.04311774461028192,7018.093461538461,0.33156237972366265,0.3900362604445846
2026-08-09,East,App,8923,647,396,41.76,16.29,7145.469999999999,197735.82,16,132497.67,0.04040404040404041,12358.48875,0.32992580706925023,0.3900862068965517
2026-08-09,East,Marketplace,6945,510,309,32.31,12.6,5594.17,95339.08,13,75892.07,0.042071197411003236,7333.775384615385,0.20397731968884109,0.3899721448467966
2026-08-09,East,Web,10376,689,445,48.16,18.78,7959.379999999999,141010.0,19,93700.45,0.04269662921348315,7421.578947368421,0.335504928728459,0.38995016611295685
2026-08-09,North,App,10436,776,474,51.0,19.0,8818.95,139213.8,19,92609.9,0.04008438818565401,7327.042105263157,0.33476494427994924,0.37254901960784315
2026-08-09,North,Marketplace,8279,603,380,40.81,15.190000000000001,6757.28,88882.15000000001,15,61181.22,0.039473684210526314,5925.476666666667,0.3116590901547724,0.37221269296740994
2026-08-09,North,Web,13052,898,554,58.05,21.619999999999997,10700.259999999998,117236.21,22,78119.72,0.039711191335740074,5328.918636363636,0.3336553612574136,0.37243755383290267
2026-08-09,South,App,11345,726,478,49.21,19.19,8418.91,242497.87,20,161437.79,0.04184100418410042,12124.8935,0.3342713072077705,0.38996138996138996
2026-08-09,South,Marketplace,8021,600,371,38.9,15.170000000000002,6829.860000000001,115245.92,16,75362.49,0.0431266846361186,7202.87,0.3460723815645707,0.389974293059126
2026-08-09,South,Web,12917,917,576,59.61,23.240000000000002,11183.74,163521.83000000002,23,107726.41,0.03993055555555555,7109.644782608696,0.34121083405194286,0.3898674719006878
2026-08-09,West,App,10526,717,468,47.97,18.71,8896.720000000001,126797.04,20,84269.44,0.042735042735042736,6339.852,0.33539899669582185,0.39003543881592667
2026-08-09,West,Marketplace,9500,663,409,44.260000000000005,17.259999999999998,7349.24,223139.06,17,145209.74,0.04156479217603912,13125.82705882353,0.34924105174593817,0.3899683687302304
2026-08-09,West,Web,12561,905,549,57.760000000000005,22.520000000000003,10140.08,353175.35,24,233357.47,0.04371584699453552,14715.639583333332,0.33925889788174624,0.3898891966759003
2026-08-10,East,App,7189,509,324,33.599999999999994,13.1,6104.74,88489.92,13,57711.36,0.040123456790123455,6806.916923076923,0.34781995508640984,0.38988095238095244
2026-08-10,East,Marketplace,6152,429,267,27.71,10.809999999999999,4816.24,111926.32,11,74848.34,0.04119850187265917,10175.12,0.3312713220625855,0.39011187297004685
2026-08-10,East,Web,8576,666,412,42.349999999999994,16.52,7404.15,121948.53,18,114555.95,0.043689320388349516,6774.918333333333,0.06062049292435097,0.3900826446280992
2026-08-10,North,App,10619,655,416,43.19,16.09,7734.5,151813.21,17,104811.52,0.040865384615384616,8930.188823529412,0.30960210906547586,0.37253993980087985
2026-08-10,North,Marketplace,8617,567,353,37.27,13.88,6346.93,78640.03,14,52129.94,0.039660056657223795,5617.1449999999995,0.33710681443025897,0.3724174939629729
2026-08-10,North,Web,11279,726,472,51.16,19.05,9056.35,109711.48,18,72765.16,0.038135593220338986,6095.082222222222,0.3367589244079106,0.37236121970289293
2026-08-10,South,App,7941,619,376,39.07,15.24,6894.950000000001,102838.53,16,88824.68,0.0425531914893617,6427.408125,0.13627042315754617,0.3900691067315076
2026-08-10,South,Marketplace,7476,560,336,36.19,14.11,6780.3099999999995,66534.46,14,44438.47,0.041666666666666664,4752.461428571429,0.33209843440526915,0.3898867090356452
2026-08-10,South,Web,10772,750,471,50.620000000000005,19.74,8263.71,109936.09,20,71735.42,0.04246284501061571,5496.8045,0.3474807044711159,0.3899644409324377
2026-08-10,West,App,10186,726,442,46.980000000000004,18.32,7985.33,170429.97,18,114258.2,0.04072398190045249,9468.331666666667,0.3295885694282526,0.3899531715623669
2026-08-10,West,Marketplace,9200,633,390,41.43,16.16,6961.02,125889.44,16,84316.37,0.041025641025641026,7868.09,0.3302347679042818,0.3900555153270577
2026-08-10,West,Web,12097,796,493,51.69,20.16,9622.89,135525.62,20,88140.72,0.04056795131845842,6776.281,0.34963795037425394,0.3900174114915845
2026-08-11,East,App,7591,495,314,32.43,12.649999999999999,6546.5,66973.59,13,44157.6,0.041401273885350316,5151.8146153846155,0.3406714497460865,0.39007092198581556
2026-08-11,East,Marketplace,6424,443,270,28.159999999999997,10.98,4997.74,99599.11,11,64415.22,0.040740740740740744,9054.464545454546,0.35325506422697955,0.38991477272727276
2026-08-11,East,Web,8393,596,386,40.980000000000004,15.98,7553.0,164905.07,16,110347.48,0.04145077720207254,10306.566875,0.3308424052698926,0.38994631527574425
2026-08-11,North,App,9714,678,421,44.6,16.62,7506.5,168858.39,16,109367.38,0.03800475059382423,10553.649375,0.35231302394864716,0.3726457399103139
2026-08-11,North,Marketplace,8338,553,350,36.64,13.65,6508.08,97671.0,13,64630.44,0.037142857142857144,7513.153846153846,0.3382842399483982,0.37254366812227074
2026-08-11,North,Web,10845,755,484,50.28,18.72,8777.99,111715.51,19,73047.0,0.03925619834710744,5879.763684210526,0.3461337642373919,0.37231503579952263
2026-08-11,South,App,9610,615,393,40.81,15.91,6826.719999999999,187839.56,17,122574.15,0.043256997455470736,11049.38588235294,0.34745295399967935,0.3898554275912766
2026-08-11,South,Marketplace,7516,498,316,32.43,12.649999999999999,5942.110000000001,95958.09,13,63570.479999999996,0.04113924050632911,7381.391538461538,0.33751828532643785,0.39007092198581556
2026-08-11,South,Web,10800,748,481,51.22,19.98,8337.92,281747.47000000003,20,210075.9,0.04158004158004158,14087.373500000002,0.25438230199547146,0.39008199921905506
2026-08-11,West,App,10136,692,441,45.19,17.62,7705.55,112374.29,18,73739.72,0.04081632653061224,6243.016111111111,0.34380257263471914,0.38990927196282366
2026-08-11,West,Marketplace,8226,578,367,38.68,15.09,6661.66,128317.68000000001,16,89695.88,0.043596730245231606,8019.8550000000005,0.30098580335928765,0.39012409513960705
2026-08-11,West,Web,10410,797,502,51.55,20.1,8644.14,155683.76,21,111343.54,0.04183266932270916,7413.512380952381,0.2848095395434952,0.3899127061105723
2026-08-12,East,App,8474,569,362,37.800000000000004,14.740000000000002,7462.039999999999,106725.34999999999,15,73004.89,0.04143646408839779,7115.023333333333,0.31595548761376746,0.38994708994708993
2026-08-12,East,Marketplace,6893,443,278,28.43,11.09,4850.42,42817.33,12,28565.11,0.04316546762589928,3568.1108333333336,0.33286101678922997,0.39008090045726346
2026-08-12,East,Web,9457,638,414,44.099999999999994,17.19,7154.57,104295.62,17,70092.13,0.04106280193236715,6135.036470588235,0.3279475207108409,0.389795918367347
2026-08-12,North,App,10681,686,426,45.09,16.79,8589.48,151227.13999999998,17,99584.86,0.03990610328638498,8895.714117647058,0.34148817467552445,0.3723663783544023
2026-08-12,North,Marketplace,6882,550,326,33.71,12.55,6784.24,124375.65999999999,13,82075.75,0.03987730061349693,9567.35846153846,0.3400979741534637,0.3722930881044201
2026-08-12,North,Web,10484,779,459,48.31,18.0,9325.36,127056.95,18,83620.11,0.0392156862745098,7058.719444444444,0.34186905950441904,0.37259366590767956
2026-08-12,South,App,8783,667,407,42.379999999999995,16.53,7262.59,91830.88,17,63944.67,0.04176904176904177,5401.8164705882355,0.3036692014712263,0.39004247286455884
2026-08-12,South,Marketplace,8424,571,357,37.41,14.59,6563.26,211297.76,15,138967.56,0.04201680672268908,14086.517333333333,0.3423140879486844,0.39000267308206366
2026-08-12,South,Web,11574,778,500,51.57,20.119999999999997,8838.58,169037.08,21,113116.72,0.042,8049.384761904761,0.3308171201253594,0.39014931161528016
2026-08-12,West,App,9226,633,423,43.0,16.77,8313.220000000001,70874.92,18,46481.69,0.0425531914893617,3937.4955555555553,0.34417294580367774,0.39
2026-08-12,West,Marketplace,8153,565,358,38.29,14.93,6474.12,171259.63999999998,15,117151.87,0.04189944134078212,11417.309333333333,0.31593999613685975,0.38991903891355445
2026-08-12,West,Web,11050,803,514,54.17,21.119999999999997,9134.98,121847.67,22,81187.96,0.042801556420233464,5538.530454545455,0.33369296269678356,0.3898836994646483
2026-08-13,East,App,7929,534,333,34.78,13.57,6119.8099999999995,117271.34,14,78637.34,0.042042042042042045,8376.524285714286,0.32944110641184793,0.390166762507188
2026-08-13,East,Marketplace,6443,429,274,28.119999999999997,10.97,5089.6,83286.72,12,54493.0,0.043795620437956206,6940.56,0.34571802083213266,0.3901137980085349
2026-08-13,East,Web,8005,588,367,39.64,15.46,6365.5,72490.3,15,47311.97,0.04087193460490463,4832.6866666666665,0.34733378120934805,0.3900100908173562
2026-08-13,North,App,9793,702,435,45.84,17.07,8589.95,118043.55,17,78596.67,0.03908045977011494,6943.738235294118,0.3341722610002834,0.37238219895287955
2026-08-13,North,Marketplace,8836,579,355,36.5,13.59,7182.780000000001,124083.17,14,80887.26000000001,0.03943661971830986,8863.083571428571,0.3481206194200228,0.37232876712328766
2026-08-13,North,Web,11138,805,497,54.58,20.33,9896.42,109386.65,20,72480.88,0.04024144869215292,5469.3324999999995,0.3373882461890916,0.37248076218395015
2026-08-13,South,App,9723,676,409,42.66,16.64,7252.0,88937.58,18,58889.04,0.044009779951100246,4940.9766666666665,0.33786100318897816,0.3900609470229724
2026-08-13,South,Marketplace,8192,550,352,36.86,14.379999999999999,6025.360000000001,201083.65,15,129779.35,0.04261363636363636,13405.576666666666,0.35460018753389444,0.39012479652740095
2026-08-13,South,Web,10664,717,448,45.71,17.83,8133.01,219604.76,18,146519.22,0.04017857142857143,12200.264444444445,0.3328048991287803,0.3900678188580179
2026-08-13,West,App,10304,729,426,45.57,17.78,8078.78,160160.79,18,104070.19,0.04225352112676056,8897.821666666667,0.3502143065103513,0.39016897081413215
2026-08-13,West,Marketplace,8648,564,362,38.519999999999996,15.02,6400.57,88238.33,15,57609.17,0.04143646408839779,5882.555333333334,0.34711853680821025,0.3899273104880582
2026-08-13,West,Web,11371,833,502,52.31,20.4,9519.619999999999,155957.08000000002,21,101939.56,0.04183266932270916,7426.52761904762,0.3463614476495714,0.38998279487669657
2026-08-14,East,App,7465,537,335,35.64,13.9,5864.450000000001,132583.59,14,88461.38,0.041791044776119404,9470.256428571429,0.33278786613034084,0.3900112233445567
2026-08-14,East,Marketplace,6192,439,267,28.14,10.97,5261.95,35647.42,11,23728.03,0.04119850187265917,3240.6745454545453,0.3343689389021702,0.3898365316275764
2026-08-14,East,Web,9713,605,395,41.3,16.11,7126.7699999999995,91273.67,17,58981.58,0.043037974683544304,5369.039411764706,0.35379414457641506,0.3900726392251816
2026-08-14,North,App,10221,736,460,49.47,18.43,9476.03,233011.27000000002,18,156508.29,0.0391304347826087,12945.070555555556,0.32832308926516734,0.37254901960784315
2026-08-14,North,Marketplace,8169,566,348,35.5,13.219999999999999,6444.639999999999,103984.2,14,68554.38,0.040229885057471264,7427.442857142857,0.3407231098570744,0.3723943661971831
2026-08-14,North,Web,11969,840,500,52.64,19.6,11530.36,106737.44,20,73177.94,0.04,5336.872,0.3144117003368265,0.37234042553191493
2026-08-14,South,App,9727,669,410,43.71,17.05,7922.360000000001,161783.63,17,108691.63,0.041463414634146344,9516.684117647059,0.32816670017850386,0.3900709219858156
2026-08-14,South,Marketplace,7486,517,327,33.64,13.120000000000001,6383.03,96332.88,13,62524.93,0.039755351681957186,7410.221538461539,0.35094922938045664,0.39001189060642094
2026-08-14,South,Web,10652,723,458,47.07,18.36,9114.68,112955.56,19,79329.65,0.04148471615720524,5945.029473684211,0.2976914992055283,0.390057361376673
2026-08-14,West,App,10086,702,429,44.730000000000004,17.45,7492.16,94903.53,18,62717.35,0.04195804195804196,5272.418333333333,0.3391462888682855,0.39011848871003796
2026-08-14,West,Marketplace,9029,635,393,41.379999999999995,16.14,7262.71,172179.78,17,112979.62,0.043256997455470736,10128.222352941177,0.34382759694547177,0.39004349927501214
2026-08-14,West,Web,10424,745,491,51.709999999999994,20.17,8809.14,272385.61,21,185194.37,0.04276985743380855,12970.743333333332,0.32010222566456425,0.3900599497195901
2026-08-15,East,App,8474,627,384,40.36,15.740000000000002,7190.45,121384.62999999999,16,77367.47,0.041666666666666664,7586.539374999999,0.36262548232012565,0.38999008919722505
2026-08-15,East,Marketplace,7167,504,321,34.07,13.29,5810.17,120243.55,14,79184.29999999999,0.04361370716510903,8588.825,0.3414673801630109,0.39007924860581156
2026-08-15,East,Web,9901,683,412,44.980000000000004,17.55,7920.59,83916.34,17,59872.049999999996,0.0412621359223301,4936.255294117647,0.28652691478203174,0.3901734104046243
2026-08-15,North,App,10860,733,474,49.379999999999995,18.4,9366.45,183169.35,18,122995.82,0.0379746835443038,10176.075,0.3285130945761395,0.372620494127177
2026-08-15,North,Marketplace,9067,586,388,41.03,15.28,7463.09,59695.35,15,50761.1,0.03865979381443299,3979.69,0.1496640860636549,0.37241043139166463
2026-08-15,North,Web,13142,936,559,59.69,22.240000000000002,11881.15,155740.65,21,102159.15999999999,0.03756708407871199,7416.221428571428,0.344043061333056,0.37259172390685213
2026-08-15,South,App,10409,729,462,47.83,18.65,8550.48,218801.45,20,146515.81,0.04329004329004329,10940.0725,0.33037093675567514,0.3899226426928706
2026-08-15,South,Marketplace,8050,576,364,38.010000000000005,14.83,6289.88,152441.04,15,100643.91,0.04120879120879121,10162.736,0.3397846800310468,0.39016048408313597
2026-08-15,South,Web,12202,815,521,55.28,21.57,10479.52,145027.41999999998,21,94878.08,0.04030710172744722,6906.067619047618,0.34579212675782267,0.39019536903039076
2026-08-15,West,App,10650,766,462,47.42,18.5,8245.720000000001,80484.98,19,60454.05,0.04112554112554113,4236.051578947368,0.24887786516192206,0.3901307465204555
2026-08-15,West,Marketplace,9364,716,421,43.599999999999994,17.0,7593.8099999999995,247445.53,18,165082.07,0.04275534441805225,13746.97388888889,0.3328549115435627,0.389908256880734
2026-08-15,West,Web,13379,950,591,61.74,24.08,11155.91,174935.59,24,114841.86,0.04060913705583756,7288.982916666667,0.34351917754414635,0.3900226757369614
2026-08-16,East,App,9195,564,381,40.21,15.69,7244.0,144674.38999999998,16,97289.18,0.04199475065616798,9042.149374999999,0.3275300486838064,0.3902014424272569
2026-08-16,East,Marketplace,6555,455,301,32.53,12.690000000000001,5852.139999999999,50921.119999999995,13,36016.9,0.04318936877076412,3917.0092307692303,0.29269230527529627,0.390101444820166
2026-08-16,East,Web,9335,722,423,44.739999999999995,17.45,7275.69,107549.88,17,93056.9,0.04018912529550828,6326.463529411765,0.13475589187082318,0.3900312919088065
2026-08-16,North,App,10992,702,466,49.019999999999996,18.259999999999998,9539.64,85810.40000000001,18,61777.08,0.03862660944206009,4767.2444444444445,0.28007467626301713,0.37250101999184004
2026-08-16,North,Marketplace,8657,612,381,39.57,14.740000000000002,7726.09,132110.74,15,86605.58,0.03937007874015748,8807.382666666666,0.344447090372819,0.37250442254233007
2026-08-16,North,Web,12055,883,552,55.68,20.740000000000002,11352.810000000001,135602.16999999998,21,90016.12,0.03804347826086957,6457.246190476189,0.3361749299439677,0.37248563218390807
2026-08-16,South,App,9367,655,423,45.19,17.62,7605.38,183563.69,18,121235.58,0.0425531914893617,10197.982777777777,0.3395448740434451,0.38990927196282366
2026-08-16,South,Marketplace,9484,616,381,39.67,15.47,7056.35,130671.93000000001,16,84677.81999999999,0.04199475065616798,8166.9956250000005,0.35198156176311174,0.3899672296445677
2026-08-16,South,Web,11964,848,519,55.019999999999996,21.46,9685.17,169643.68,22,111921.81,0.04238921001926782,7711.076363636364,0.3402535832752508,0.3900399854598328
2026-08-16,West,App,10291,795,488,50.72,19.78,8931.45,129782.0,20,91691.20000000001,0.040983606557377046,6489.1,0.2934983279653572,0.38998422712933756
2026-08-16,West,Marketplace,9602,672,426,44.64,17.41,7588.139999999999,141811.94,18,92719.23,0.04225352112676056,7878.441111111111,0.34618178130840044,0.3900089605734767
2026-08-16,West,Web,13272,872,579,60.91,23.759999999999998,10955.6,216550.17,24,142725.47,0.04145077720207254,9022.92375,0.3409126854991617,0.39008373009358066
2026-08-17,East,App,7757,538,341,35.54,13.86,5825.18,110144.20999999999,14,72021.9,0.04105571847507331,7867.443571428571,0.3461127007947127,0.3899831176139561
2026-08-17,East,Marketplace,6481,476,288,30.29,11.809999999999999,5270.1900000000005,130150.48999999999,12,93614.74,0.041666666666666664,10845.874166666666,0.28071926582834983,0.38989765599207654
2026-08-17,East,Web,8736,619,381,38.38,14.969999999999999,7197.14,74543.75,16,48574.42,0.04199475065616798,4658.984375,0.3483770269137252,0.3900468994267847
2026-08-17,North,App,10764,698,465,48.26,17.97,10185.669999999998,96363.83,18,64250.030000000006,0.03870967741935484,5353.546111111111,0.33325574543892655,0.37235806050559467
2026-08-17,North,Marketplace,8116,574,355,39.22,14.61,7806.879999999999,74116.41,14,60463.26,0.03943661971830986,5294.029285714286,0.18421224125669336,0.3725140234574197
2026-08-17,North,Web,12045,797,500,53.650000000000006,19.98,10446.29,167108.82,20,126976.76,0.04,8355.441,0.2401552473412236,0.37241379310344824
2026-08-17,South,App,9186,595,393,40.55,15.809999999999999,7145.41,129501.0,17,84592.79,0.043256997455470736,7617.705882352941,0.34677886657245893,0.3898890258939581
2026-08-17,South,Marketplace,8149,576,345,37.15,14.49,6571.86,103150.09,14,67515.74,0.04057971014492753,7367.863571428571,0.3454611624672358,0.39004037685060566
2026-08-17,South,Web,12460,769,486,50.04,19.52,9850.09,102798.6,20,69807.6,0.0411522633744856,5139.93,0.32092849513514776,0.390087929656275
2026-08-17,West,App,9390,681,427,45.43,17.72,8197.01,145934.74,18,98980.96,0.04215456674473068,8107.485555555555,0.321745048505928,0.3900506273387629
2026-08-17,West,Marketplace,9194,629,394,41.69,16.259999999999998,7000.1,152495.73,17,100947.03,0.04314720812182741,8970.33705882353,0.33803372723944475,0.39002158791076996
2026-08-17,West,Web,11876,881,534,59.12,23.06,9732.9,271422.35,23,181186.23,0.04307116104868914,11800.971739130433,0.3324564834104486,0.39005412719891747
2026-08-18,East,App,7903,495,338,35.43,13.809999999999999,6237.09,165963.05,14,134649.39,0.04142011834319527,11854.503571428571,0.18867850404050768,0.3897826700536268
2026-08-18,East,Marketplace,6030,447,281,29.4,11.47,5253.299999999999,69434.29000000001,12,46412.66,0.042704626334519574,5786.190833333334,0.33155995402271704,0.39013605442176874
2026-08-18,East,Web,9409,664,390,41.879999999999995,16.330000000000002,8188.639999999999,168639.03,16,112347.87,0.041025641025641026,10539.939375,0.33379674918670965,0.3899235912129896
2026-08-18,North,App,10421,671,424,43.72,16.28,8792.17,180570.16999999998,17,117325.7,0.04009433962264151,10621.774705882352,0.3502487149455527,0.3723696248856359
2026-08-18,North,Marketplace,7967,567,350,36.92,13.760000000000002,7569.789999999999,108778.03,14,71737.81,0.04,7769.859285714286,0.34051195815919816,0.37269772481040087
2026-08-18,North,Web,11148,745,462,48.57,18.09,9791.220000000001,114726.99,18,78451.45,0.03896103896103896,6373.721666666667,0.31619011359053356,0.37245213094502777
2026-08-18,South,App,9619,647,421,42.269999999999996,16.48,8015.36,133212.95,18,96236.17,0.04275534441805225,7400.719444444445,0.27757646685250953,0.38987461556659575
2026-08-18,South,Marketplace,7796,579,358,38.42,14.98,6495.33,121886.05,15,79646.83,0.04189944134078212,8125.736666666667,0.3465467951418559,0.3899010931806351
2026-08-18,South,Web,10562,784,486,51.93,20.259999999999998,8941.08,154172.06,20,101321.59,0.0411522633744856,7708.603,0.3428018669530653,0.39014057384941264
2026-08-18,West,App,10171,722,455,47.01,18.330000000000002,8501.84,152894.8,19,99149.66,0.041758241758241756,8047.094736842105,0.3515171215764041,0.38991703892788776
2026-08-18,West,Marketplace,7891,600,364,38.19,14.9,6324.76,123958.32,15,91295.52,0.04120879120879121,8263.888,0.2634982468300635,0.3901544907043729
2026-08-18,West,Web,10179,773,486,50.79,19.810000000000002,9769.970000000001,150890.78,21,107382.70999999999,0.043209876543209874,7185.275238095238,0.2883414745420496,0.39003740893876754
2026-08-19,East,App,7529,499,335,35.1,13.690000000000001,6441.42,79120.6,14,54813.51,0.041791044776119404,5651.471428571429,0.3072156935109188,0.39002849002849005
2026-08-19,East,Marketplace,6662,431,274,28.07,10.95,5211.6900000000005,78928.23,12,52994.020000000004,0.043795620437956206,6577.3525,0.3285796476115072,0.3900961881011756
2026-08-19,East,Web,9005,624,405,42.36,16.52,7025.860000000001,130197.85,17,88782.34,0.04197530864197531,7658.69705882353,0.3180967274037168,0.3899905571293673
2026-08-19,North,App,10491,685,427,45.239999999999995,16.85,8891.21,124085.48,17,82842.95999999999,0.03981264637002342,7299.145882352941,0.33237184560191896,0.37245800176834665
2026-08-19,North,Marketplace,7955,545,338,36.64,13.64,6346.98,115051.16,13,74858.83,0.038461538461538464,8850.08923076923,0.3493431096218413,0.3722707423580786
2026-08-19,North,Web,11534,817,511,52.91,19.71,9889.05,160184.27,20,110176.23999999999,0.03913894324853229,8009.2135,0.31219064144063585,0.37251937251937256
2026-08-19,South,App,9143,668,402,40.81,15.920000000000002,7103.91,131325.35,17,86981.42,0.04228855721393035,7725.020588235295,0.3376646626108364,0.3901004655721637
2026-08-19,South,Marketplace,7533,565,338,35.59,13.88,5817.6,88290.14,15,58492.46000000001,0.04437869822485207,5886.009333333333,0.337497256205506,0.38999719022197243
2026-08-19,South,Web,10935,798,483,51.16,19.950000000000003,9009.76,136252.37,20,90802.82,0.041407867494824016,6812.6185,0.33356887663678797,0.38995308835027376
2026-08-19,West,App,9870,710,429,46.17,18.0,7019.24,143476.75,18,95728.52,0.04195804195804196,7970.930555555556,0.3327941983631494,0.3898635477582846
2026-08-19,West,Marketplace,8174,619,378,39.26,15.31,7369.1900000000005,81616.51,15,54442.37,0.03968253968253968,5441.100666666666,0.3329490565082971,0.38996434029546617
2026-08-19,West,Web,12126,812,517,53.1,20.71,9384.48,159744.01,22,106454.92,0.0425531914893617,7261.091363636364,0.33359053650900594,0.39001883239171375
2026-08-20,East,App,7640,609,359,38.45,15.0,6707.1900000000005,125042.91,15,82926.73,0.04178272980501393,8336.194,0.3368138185523674,0.39011703511053314
2026-08-20,East,Marketplace,6974,472,302,31.28,12.2,5148.290000000001,93569.46,13,62689.4,0.04304635761589404,7197.65076923077,0.33002285147311955,0.39002557544757027
2026-08-20,East,Web,9676,712,436,47.1,18.38,8279.73,155688.29,18,103233.25,0.04128440366972477,8649.349444444444,0.33692347703221615,0.39023354564755836
2026-08-20,North,App,10624,727,441,46.31,17.240000000000002,9402.849999999999,90154.6,17,64475.130000000005,0.03854875283446712,5303.211764705883,0.2848381557901649,0.3722738069531419
2026-08-20,North,Marketplace,9455,640,392,41.74,15.55,7937.7,134469.65,15,98996.69,0.03826530612244898,8964.643333333333,0.263799005946695,0.3725443219932918
2026-08-20,North,Web,12455,872,534,56.9,21.189999999999998,10627.119999999999,146508.72,20,98026.11,0.03745318352059925,7325.436,0.33091962034751243,0.3724077328646748
2026-08-20,South,App,10312,683,443,45.900000000000006,17.9,8024.78,219672.88,19,143998.08000000002,0.04288939051918736,11561.73052631579,0.3444885868478621,0.3899782135076252
2026-08-20,South,Marketplace,8736,641,398,41.019999999999996,16.0,6876.92,158426.91,16,104401.5,0.04020100502512563,9901.681875,0.34101157435943175,0.3900536323744515
2026-08-20,South,Web,12688,785,517,53.8,20.98,9906.69,135465.25,22,88432.69,0.0425531914893617,6157.511363636364,0.3471928040586054,0.38996282527881043
2026-08-20,West,App,12169,777,515,54.29,21.17,9767.84,107712.25,21,71692.19,0.040776699029126215,5129.1547619047615,0.3344100601370782,0.3899428992447965
2026-08-20,West,Marketplace,9007,619,393,40.980000000000004,15.98,7894.719999999999,98631.95,16,65349.25,0.04071246819338423,6164.496875,0.337443394356494,0.38994631527574425
2026-08-20,West,Web,12186,797,515,53.36,20.810000000000002,9577.19,123056.48,21,85106.92,0.040776699029126215,5859.832380952381,0.30839139881134253,0.389992503748126
